[2026-02-23 09:33:34] [INFO] [38841fbe-5985-481c-9a6d-d0310520c2af.internal.kr4.postgres.rds.ngovc.com] (266/0/266)
[2026-02-23 09:33:34] [INFO] [rancher-gov.goe.go.kr] (266/0/266)
[2026-02-23 09:33:34] [INFO] [38841fbe-5985-481c-9a6d-d0310520c2af.internal.kr4.postgres.rds.ngovc.com] 응답시간 통계 - 최소: 9ms, 평균: 10ms, 최대: 16ms, P95: 12ms, P99: 13ms
[2026-02-23 09:33:34] [INFO] [rancher-gov.goe.go.kr] 응답시간 통계 - 최소: 9ms, 평균: 10ms, 최대: 14ms, P95: 12ms, P99: 13ms
[2026-02-23 09:34:34] [INFO] [38841fbe-5985-481c-9a6d-d0310520c2af.internal.kr4.postgres.rds.ngovc.com] (270/0/270)
[2026-02-23 09:34:34] [INFO] [rancher-gov.goe.go.kr] (270/0/270)
[2026-02-23 09:34:34] [INFO] [38841fbe-5985-481c-9a6d-d0310520c2af.internal.kr4.postgres.rds.ngovc.com] 응답시간 통계 - 최소: 9ms, 평균: 10ms, 최대: 15ms, P95: 11ms, P99: 14ms
[2026-02-23 09:34:34] [INFO] [rancher-gov.goe.go.kr] 응답시간 통계 - 최소: 9ms, 평균: 10ms, 최대: 14ms, P95: 11ms, P99: 12ms
[2026-02-23 09:35:34] [INFO] [rancher-gov.goe.go.kr] (269/0/269)
[2026-02-23 09:35:34] [INFO] [rancher-gov.goe.go.kr] 응답시간 통계 - 최소: 9ms, 평균: 10ms, 최대: 13ms, P95: 12ms, P99: 13ms
[2026-02-23 09:35:34] [INFO] [38841fbe-5985-481c-9a6d-d0310520c2af.internal.kr4.postgres.rds.ngovc.com] (269/0/269)
[2026-02-23 09:35:34] [INFO] [38841fbe-5985-481c-9a6d-d0310520c2af.internal.kr4.postgres.rds.ngovc.com] 응답시간 통계 - 최소: 9ms, 평균: 10ms, 최대: 13ms, P95: 12ms, P99: 13ms
[2026-02-23 09:36:34] [INFO] [rancher-gov.goe.go.kr] (269/0/269)
[2026-02-23 09:36:34] [INFO] [38841fbe-5985-481c-9a6d-d0310520c2af.internal.kr4.postgres.rds.ngovc.com] (269/0/269)
[2026-02-23 09:36:34] [INFO] [rancher-gov.goe.go.kr] 응답시간 통계 - 최소: 9ms, 평균: 10ms, 최대: 14ms, P95: 11ms, P99: 13ms
[2026-02-23 09:36:34] [INFO] [38841fbe-5985-481c-9a6d-d0310520c2af.internal.kr4.postgres.rds.ngovc.com] 응답시간 통계 - 최소: 9ms, 평균: 10ms, 최대: 15ms, P95: 12ms, P99: 14ms
[2026-02-23 09:37:34] [INFO] [38841fbe-5985-481c-9a6d-d0310520c2af.internal.kr4.postgres.rds.ngovc.com] (268/0/268)
[2026-02-23 09:37:34] [INFO] [rancher-gov.goe.go.kr] (268/0/268)
[2026-02-23 09:37:34] [INFO] [38841fbe-5985-481c-9a6d-d0310520c2af.internal.kr4.postgres.rds.ngovc.com] 응답시간 통계 - 최소: 9ms, 평균: 10ms, 최대: 15ms, P95: 12ms, P99: 13ms
[2026-02-23 09:37:34] [INFO] [rancher-gov.goe.go.kr] 응답시간 통계 - 최소: 9ms, 평균: 10ms, 최대: 19ms, P95: 12ms, P99: 14ms
[2026-02-23 09:38:34] [INFO] [38841fbe-5985-481c-9a6d-d0310520c2af.internal.kr4.postgres.rds.ngovc.com] (269/0/269)
[2026-02-23 09:38:34] [INFO] [rancher-gov.goe.go.kr] (269/0/269)
[2026-02-23 09:38:34] [INFO] [38841fbe-5985-481c-9a6d-d0310520c2af.internal.kr4.postgres.rds.ngovc.com] 응답시간 통계 - 최소: 9ms, 평균: 10ms, 최대: 13ms, P95: 12ms, P99: 13ms
[2026-02-23 09:38:34] [INFO] [rancher-gov.goe.go.kr] 응답시간 통계 - 최소: 9ms, 평균: 10ms, 최대: 13ms, P95: 12ms, P99: 13ms
[2026-02-23 09:39:34] [INFO] [38841fbe-5985-481c-9a6d-d0310520c2af.internal.kr4.postgres.rds.ngovc.com] (270/0/270)
[2026-02-23 09:39:34] [INFO] [rancher-gov.goe.go.kr] (270/0/270)
[2026-02-23 09:39:34] [INFO] [38841fbe-5985-481c-9a6d-d0310520c2af.internal.kr4.postgres.rds.ngovc.com] 응답시간 통계 - 최소: 9ms, 평균: 10ms, 최대: 15ms, P95: 12ms, P99: 12ms
[2026-02-23 09:39:34] [INFO] [rancher-gov.goe.go.kr] 응답시간 통계 - 최소: 9ms, 평균: 10ms, 최대: 16ms, P95: 11ms, P99: 13ms
[2026-02-23 09:40:34] [INFO] [rancher-gov.goe.go.kr] (268/0/268)
[2026-02-23 09:40:34] [INFO] [38841fbe-5985-481c-9a6d-d0310520c2af.internal.kr4.postgres.rds.ngovc.com] (268/0/268)
[2026-02-23 09:40:34] [INFO] [rancher-gov.goe.go.kr] 응답시간 통계 - 최소: 9ms, 평균: 10ms, 최대: 15ms, P95: 11ms, P99: 13ms
[2026-02-23 09:40:34] [INFO] [38841fbe-5985-481c-9a6d-d0310520c2af.internal.kr4.postgres.rds.ngovc.com] 응답시간 통계 - 최소: 9ms, 평균: 10ms, 최대: 15ms, P95: 12ms, P99: 13ms
[2026-02-23 09:41:34] [INFO] [rancher-gov.goe.go.kr] (270/0/270)
[2026-02-23 09:41:34] [INFO] [38841fbe-5985-481c-9a6d-d0310520c2af.internal.kr4.postgres.rds.ngovc.com] (270/0/270)
[2026-02-23 09:41:34] [INFO] [rancher-gov.goe.go.kr] 응답시간 통계 - 최소: 9ms, 평균: 10ms, 최대: 15ms, P95: 11ms, P99: 13ms
[2026-02-23 09:41:34] [INFO] [38841fbe-5985-481c-9a6d-d0310520c2af.internal.kr4.postgres.rds.ngovc.com] 응답시간 통계 - 최소: 9ms, 평균: 10ms, 최대: 14ms, P95: 12ms, P99: 13ms
[2026-02-23 09:42:34] [INFO] [38841fbe-5985-481c-9a6d-d0310520c2af.internal.kr4.postgres.rds.ngovc.com] (268/0/268)
[2026-02-23 09:42:34] [INFO] [38841fbe-5985-481c-9a6d-d0310520c2af.internal.kr4.postgres.rds.ngovc.com] 응답시간 통계 - 최소: 9ms, 평균: 10ms, 최대: 18ms, P95: 12ms, P99: 13ms
[2026-02-23 09:42:34] [INFO] [rancher-gov.goe.go.kr] (268/0/268)
[2026-02-23 09:42:34] [INFO] [rancher-gov.goe.go.kr] 응답시간 통계 - 최소: 9ms, 평균: 10ms, 최대: 15ms, P95: 12ms, P99: 13ms
[2026-02-23 09:43:34] [INFO] [rancher-gov.goe.go.kr] (270/0/270)
[2026-02-23 09:43:34] [INFO] [rancher-gov.goe.go.kr] 응답시간 통계 - 최소: 9ms, 평균: 10ms, 최대: 21ms, P95: 12ms, P99: 13ms
[2026-02-23 09:43:34] [INFO] [38841fbe-5985-481c-9a6d-d0310520c2af.internal.kr4.postgres.rds.ngovc.com] (270/0/270)
[2026-02-23 09:43:34] [INFO] [38841fbe-5985-481c-9a6d-d0310520c2af.internal.kr4.postgres.rds.ngovc.com] 응답시간 통계 - 최소: 8ms, 평균: 10ms, 최대: 21ms, P95: 12ms, P99: 13ms
[2026-02-23 09:44:34] [INFO] [rancher-gov.goe.go.kr] (269/0/269)
[2026-02-23 09:44:34] [INFO] [38841fbe-5985-481c-9a6d-d0310520c2af.internal.kr4.postgres.rds.ngovc.com] (269/0/269)
[2026-02-23 09:44:34] [INFO] [38841fbe-5985-481c-9a6d-d0310520c2af.internal.kr4.postgres.rds.ngovc.com] 응답시간 통계 - 최소: 9ms, 평균: 10ms, 최대: 19ms, P95: 12ms, P99: 13ms
[2026-02-23 09:44:34] [INFO] [rancher-gov.goe.go.kr] 응답시간 통계 - 최소: 9ms, 평균: 10ms, 최대: 14ms, P95: 11ms, P99: 12ms
[2026-02-23 09:45:34] [INFO] [rancher-gov.goe.go.kr] (268/0/268)
[2026-02-23 09:45:34] [INFO] [38841fbe-5985-481c-9a6d-d0310520c2af.internal.kr4.postgres.rds.ngovc.com] (268/0/268)
[2026-02-23 09:45:34] [INFO] [rancher-gov.goe.go.kr] 응답시간 통계 - 최소: 9ms, 평균: 10ms, 최대: 14ms, P95: 12ms, P99: 13ms
[2026-02-23 09:45:34] [INFO] [38841fbe-5985-481c-9a6d-d0310520c2af.internal.kr4.postgres.rds.ngovc.com] 응답시간 통계 - 최소: 9ms, 평균: 10ms, 최대: 15ms, P95: 12ms, P99: 13ms
[2026-02-23 09:46:34] [INFO] [rancher-gov.goe.go.kr] (269/0/269)
[2026-02-23 09:46:34] [INFO] [38841fbe-5985-481c-9a6d-d0310520c2af.internal.kr4.postgres.rds.ngovc.com] (269/0/269)
[2026-02-23 09:46:34] [INFO] [rancher-gov.goe.go.kr] 응답시간 통계 - 최소: 9ms, 평균: 10ms, 최대: 13ms, P95: 11ms, P99: 12ms
[2026-02-23 09:46:34] [INFO] [38841fbe-5985-481c-9a6d-d0310520c2af.internal.kr4.postgres.rds.ngovc.com] 응답시간 통계 - 최소: 9ms, 평균: 10ms, 최대: 14ms, P95: 12ms, P99: 13ms
[2026-02-23 09:47:34] [INFO] [rancher-gov.goe.go.kr] (270/0/270)
[2026-02-23 09:47:34] [INFO] [38841fbe-5985-481c-9a6d-d0310520c2af.internal.kr4.postgres.rds.ngovc.com] (270/0/270)
[2026-02-23 09:47:34] [INFO] [rancher-gov.goe.go.kr] 응답시간 통계 - 최소: 9ms, 평균: 10ms, 최대: 15ms, P95: 11ms, P99: 12ms
[2026-02-23 09:47:34] [INFO] [38841fbe-5985-481c-9a6d-d0310520c2af.internal.kr4.postgres.rds.ngovc.com] 응답시간 통계 - 최소: 9ms, 평균: 10ms, 최대: 15ms, P95: 12ms, P99: 13ms
[2026-02-23 09:48:34] [INFO] [rancher-gov.goe.go.kr] (268/0/268)
[2026-02-23 09:48:34] [INFO] [38841fbe-5985-481c-9a6d-d0310520c2af.internal.kr4.postgres.rds.ngovc.com] (268/0/268)
[2026-02-23 09:48:34] [INFO] [rancher-gov.goe.go.kr] 응답시간 통계 - 최소: 9ms, 평균: 10ms, 최대: 13ms, P95: 12ms, P99: 13ms
[2026-02-23 09:48:34] [INFO] [38841fbe-5985-481c-9a6d-d0310520c2af.internal.kr4.postgres.rds.ngovc.com] 응답시간 통계 - 최소: 9ms, 평균: 10ms, 최대: 15ms, P95: 12ms, P99: 14ms
[2026-02-23 09:49:34] [INFO] [38841fbe-5985-481c-9a6d-d0310520c2af.internal.kr4.postgres.rds.ngovc.com] (268/0/268)
[2026-02-23 09:49:34] [INFO] [38841fbe-5985-481c-9a6d-d0310520c2af.internal.kr4.postgres.rds.ngovc.com] 응답시간 통계 - 최소: 9ms, 평균: 10ms, 최대: 16ms, P95: 12ms, P99: 13ms
[2026-02-23 09:49:34] [INFO] [rancher-gov.goe.go.kr] (268/0/268)
[2026-02-23 09:49:34] [INFO] [rancher-gov.goe.go.kr] 응답시간 통계 - 최소: 9ms, 평균: 10ms, 최대: 19ms, P95: 12ms, P99: 13ms
[2026-02-23 09:50:34] [INFO] [rancher-gov.goe.go.kr] (268/0/268)
[2026-02-23 09:50:34] [INFO] [38841fbe-5985-481c-9a6d-d0310520c2af.internal.kr4.postgres.rds.ngovc.com] (268/0/268)
[2026-02-23 09:50:34] [INFO] [rancher-gov.goe.go.kr] 응답시간 통계 - 최소: 9ms, 평균: 10ms, 최대: 15ms, P95: 12ms, P99: 13ms
[2026-02-23 09:50:34] [INFO] [38841fbe-5985-481c-9a6d-d0310520c2af.internal.kr4.postgres.rds.ngovc.com] 응답시간 통계 - 최소: 9ms, 평균: 10ms, 최대: 14ms, P95: 12ms, P99: 13ms
[2026-02-23 09:51:34] [INFO] [38841fbe-5985-481c-9a6d-d0310520c2af.internal.kr4.postgres.rds.ngovc.com] (269/0/269)
[2026-02-23 09:51:34] [INFO] [rancher-gov.goe.go.kr] (269/0/269)
[2026-02-23 09:51:34] [INFO] [38841fbe-5985-481c-9a6d-d0310520c2af.internal.kr4.postgres.rds.ngovc.com] 응답시간 통계 - 최소: 9ms, 평균: 10ms, 최대: 15ms, P95: 12ms, P99: 14ms
[2026-02-23 09:51:34] [INFO] [rancher-gov.goe.go.kr] 응답시간 통계 - 최소: 9ms, 평균: 10ms, 최대: 14ms, P95: 12ms, P99: 13ms
[2026-02-23 09:52:34] [INFO] [38841fbe-5985-481c-9a6d-d0310520c2af.internal.kr4.postgres.rds.ngovc.com] (268/0/268)
[2026-02-23 09:52:34] [INFO] [rancher-gov.goe.go.kr] (268/0/268)
[2026-02-23 09:52:34] [INFO] [38841fbe-5985-481c-9a6d-d0310520c2af.internal.kr4.postgres.rds.ngovc.com] 응답시간 통계 - 최소: 9ms, 평균: 10ms, 최대: 15ms, P95: 12ms, P99: 13ms
[2026-02-23 09:52:34] [INFO] [rancher-gov.goe.go.kr] 응답시간 통계 - 최소: 9ms, 평균: 10ms, 최대: 13ms, P95: 11ms, P99: 13ms
[2026-02-23 09:53:34] [INFO] [rancher-gov.goe.go.kr] (268/0/268)
[2026-02-23 09:53:34] [INFO] [38841fbe-5985-481c-9a6d-d0310520c2af.internal.kr4.postgres.rds.ngovc.com] (268/0/268)
[2026-02-23 09:53:34] [INFO] [rancher-gov.goe.go.kr] 응답시간 통계 - 최소: 9ms, 평균: 10ms, 최대: 15ms, P95: 12ms, P99: 13ms
[2026-02-23 09:53:34] [INFO] [38841fbe-5985-481c-9a6d-d0310520c2af.internal.kr4.postgres.rds.ngovc.com] 응답시간 통계 - 최소: 9ms, 평균: 10ms, 최대: 15ms, P95: 12ms, P99: 14ms
[2026-02-23 09:54:34] [INFO] [rancher-gov.goe.go.kr] (267/0/267)
[2026-02-23 09:54:34] [INFO] [38841fbe-5985-481c-9a6d-d0310520c2af.internal.kr4.postgres.rds.ngovc.com] (267/0/267)
[2026-02-23 09:54:34] [INFO] [rancher-gov.goe.go.kr] 응답시간 통계 - 최소: 9ms, 평균: 10ms, 최대: 16ms, P95: 12ms, P99: 14ms
[2026-02-23 09:54:34] [INFO] [38841fbe-5985-481c-9a6d-d0310520c2af.internal.kr4.postgres.rds.ngovc.com] 응답시간 통계 - 최소: 9ms, 평균: 10ms, 최대: 15ms, P95: 13ms, P99: 14ms
[2026-02-23 09:55:34] [INFO] [38841fbe-5985-481c-9a6d-d0310520c2af.internal.kr4.postgres.rds.ngovc.com] (269/0/269)
[2026-02-23 09:55:34] [INFO] [rancher-gov.goe.go.kr] (269/0/269)
[2026-02-23 09:55:34] [INFO] [38841fbe-5985-481c-9a6d-d0310520c2af.internal.kr4.postgres.rds.ngovc.com] 응답시간 통계 - 최소: 9ms, 평균: 10ms, 최대: 17ms, P95: 12ms, P99: 14ms
[2026-02-23 09:55:34] [INFO] [rancher-gov.goe.go.kr] 응답시간 통계 - 최소: 9ms, 평균: 10ms, 최대: 17ms, P95: 12ms, P99: 13ms
[2026-02-23 09:56:34] [INFO] [rancher-gov.goe.go.kr] (269/0/269)
[2026-02-23 09:56:34] [INFO] [38841fbe-5985-481c-9a6d-d0310520c2af.internal.kr4.postgres.rds.ngovc.com] (269/0/269)
[2026-02-23 09:56:34] [INFO] [rancher-gov.goe.go.kr] 응답시간 통계 - 최소: 9ms, 평균: 10ms, 최대: 13ms, P95: 12ms, P99: 13ms
[2026-02-23 09:56:34] [INFO] [38841fbe-5985-481c-9a6d-d0310520c2af.internal.kr4.postgres.rds.ngovc.com] 응답시간 통계 - 최소: 9ms, 평균: 10ms, 최대: 14ms, P95: 12ms, P99: 13ms
[2026-02-23 09:57:34] [INFO] [38841fbe-5985-481c-9a6d-d0310520c2af.internal.kr4.postgres.rds.ngovc.com] (269/0/269)
[2026-02-23 09:57:34] [INFO] [rancher-gov.goe.go.kr] (269/0/269)
[2026-02-23 09:57:34] [INFO] [38841fbe-5985-481c-9a6d-d0310520c2af.internal.kr4.postgres.rds.ngovc.com] 응답시간 통계 - 최소: 9ms, 평균: 10ms, 최대: 14ms, P95: 12ms, P99: 13ms
[2026-02-23 09:57:34] [INFO] [rancher-gov.goe.go.kr] 응답시간 통계 - 최소: 9ms, 평균: 10ms, 최대: 15ms, P95: 11ms, P99: 13ms
[2026-02-23 09:58:34] [INFO] [38841fbe-5985-481c-9a6d-d0310520c2af.internal.kr4.postgres.rds.ngovc.com] (268/0/268)
[2026-02-23 09:58:34] [INFO] [rancher-gov.goe.go.kr] (268/0/268)
[2026-02-23 09:58:34] [INFO] [38841fbe-5985-481c-9a6d-d0310520c2af.internal.kr4.postgres.rds.ngovc.com] 응답시간 통계 - 최소: 9ms, 평균: 10ms, 최대: 15ms, P95: 12ms, P99: 13ms
[2026-02-23 09:58:34] [INFO] [rancher-gov.goe.go.kr] 응답시간 통계 - 최소: 9ms, 평균: 10ms, 최대: 14ms, P95: 11ms, P99: 13ms
[2026-02-23 09:59:34] [INFO] [38841fbe-5985-481c-9a6d-d0310520c2af.internal.kr4.postgres.rds.ngovc.com] (268/0/268)
[2026-02-23 09:59:34] [INFO] [rancher-gov.goe.go.kr] (268/0/268)
[2026-02-23 09:59:34] [INFO] [38841fbe-5985-481c-9a6d-d0310520c2af.internal.kr4.postgres.rds.ngovc.com] 응답시간 통계 - 최소: 9ms, 평균: 10ms, 최대: 14ms, P95: 12ms, P99: 14ms
[2026-02-23 09:59:34] [INFO] [rancher-gov.goe.go.kr] 응답시간 통계 - 최소: 9ms, 평균: 10ms, 최대: 14ms, P95: 12ms, P99: 13ms
[2026-02-23 10:00:34] [INFO] [rancher-gov.goe.go.kr] (271/0/271)
[2026-02-23 10:00:34] [INFO] [38841fbe-5985-481c-9a6d-d0310520c2af.internal.kr4.postgres.rds.ngovc.com] (271/0/271)
[2026-02-23 10:00:34] [INFO] [rancher-gov.goe.go.kr] 응답시간 통계 - 최소: 9ms, 평균: 9ms, 최대: 14ms, P95: 11ms, P99: 12ms
[2026-02-23 10:00:34] [INFO] [38841fbe-5985-481c-9a6d-d0310520c2af.internal.kr4.postgres.rds.ngovc.com] 응답시간 통계 - 최소: 8ms, 평균: 9ms, 최대: 15ms, P95: 11ms, P99: 13ms
[2026-02-23 10:01:34] [INFO] [rancher-gov.goe.go.kr] (268/0/268)
[2026-02-23 10:01:34] [INFO] [rancher-gov.goe.go.kr] 응답시간 통계 - 최소: 9ms, 평균: 10ms, 최대: 13ms, P95: 11ms, P99: 12ms
[2026-02-23 10:01:34] [INFO] [38841fbe-5985-481c-9a6d-d0310520c2af.internal.kr4.postgres.rds.ngovc.com] (268/0/268)
[2026-02-23 10:01:34] [INFO] [38841fbe-5985-481c-9a6d-d0310520c2af.internal.kr4.postgres.rds.ngovc.com] 응답시간 통계 - 최소: 9ms, 평균: 10ms, 최대: 14ms, P95: 12ms, P99: 13ms
[2026-02-23 10:02:34] [INFO] [rancher-gov.goe.go.kr] (268/0/268)
[2026-02-23 10:02:34] [INFO] [38841fbe-5985-481c-9a6d-d0310520c2af.internal.kr4.postgres.rds.ngovc.com] (268/0/268)
[2026-02-23 10:02:34] [INFO] [rancher-gov.goe.go.kr] 응답시간 통계 - 최소: 9ms, 평균: 10ms, 최대: 21ms, P95: 11ms, P99: 12ms
[2026-02-23 10:02:34] [INFO] [38841fbe-5985-481c-9a6d-d0310520c2af.internal.kr4.postgres.rds.ngovc.com] 응답시간 통계 - 최소: 9ms, 평균: 10ms, 최대: 15ms, P95: 12ms, P99: 14ms
[2026-02-23 10:03:34] [INFO] [rancher-gov.goe.go.kr] (268/0/268)
[2026-02-23 10:03:34] [INFO] [38841fbe-5985-481c-9a6d-d0310520c2af.internal.kr4.postgres.rds.ngovc.com] (268/0/268)
[2026-02-23 10:03:34] [INFO] [rancher-gov.goe.go.kr] 응답시간 통계 - 최소: 9ms, 평균: 10ms, 최대: 13ms, P95: 12ms, P99: 13ms
[2026-02-23 10:03:34] [INFO] [38841fbe-5985-481c-9a6d-d0310520c2af.internal.kr4.postgres.rds.ngovc.com] 응답시간 통계 - 최소: 9ms, 평균: 10ms, 최대: 14ms, P95: 12ms, P99: 13ms
[2026-02-23 10:04:34] [INFO] [rancher-gov.goe.go.kr] (266/0/266)
[2026-02-23 10:04:34] [INFO] [38841fbe-5985-481c-9a6d-d0310520c2af.internal.kr4.postgres.rds.ngovc.com] (266/0/266)
[2026-02-23 10:04:34] [INFO] [rancher-gov.goe.go.kr] 응답시간 통계 - 최소: 9ms, 평균: 12ms, 최대: 240ms, P95: 12ms, P99: 14ms
[2026-02-23 10:04:34] [INFO] [38841fbe-5985-481c-9a6d-d0310520c2af.internal.kr4.postgres.rds.ngovc.com] 응답시간 통계 - 최소: 9ms, 평균: 12ms, 최대: 270ms, P95: 12ms, P99: 14ms
[2026-02-23 10:05:34] [INFO] [38841fbe-5985-481c-9a6d-d0310520c2af.internal.kr4.postgres.rds.ngovc.com] (268/0/268)
[2026-02-23 10:05:34] [INFO] [rancher-gov.goe.go.kr] (268/0/268)
[2026-02-23 10:05:34] [INFO] [38841fbe-5985-481c-9a6d-d0310520c2af.internal.kr4.postgres.rds.ngovc.com] 응답시간 통계 - 최소: 9ms, 평균: 10ms, 최대: 18ms, P95: 12ms, P99: 13ms
[2026-02-23 10:05:34] [INFO] [rancher-gov.goe.go.kr] 응답시간 통계 - 최소: 9ms, 평균: 10ms, 최대: 18ms, P95: 11ms, P99: 13ms
[2026-02-23 10:06:34] [INFO] [rancher-gov.goe.go.kr] (270/0/270)
[2026-02-23 10:06:34] [INFO] [rancher-gov.goe.go.kr] 응답시간 통계 - 최소: 9ms, 평균: 10ms, 최대: 15ms, P95: 11ms, P99: 13ms
[2026-02-23 10:06:34] [INFO] [38841fbe-5985-481c-9a6d-d0310520c2af.internal.kr4.postgres.rds.ngovc.com] (270/0/270)
[2026-02-23 10:06:34] [INFO] [38841fbe-5985-481c-9a6d-d0310520c2af.internal.kr4.postgres.rds.ngovc.com] 응답시간 통계 - 최소: 9ms, 평균: 10ms, 최대: 14ms, P95: 12ms, P99: 13ms
[2026-02-23 10:07:34] [INFO] [rancher-gov.goe.go.kr] (268/0/268)
[2026-02-23 10:07:34] [INFO] [38841fbe-5985-481c-9a6d-d0310520c2af.internal.kr4.postgres.rds.ngovc.com] (268/0/268)
[2026-02-23 10:07:34] [INFO] [rancher-gov.goe.go.kr] 응답시간 통계 - 최소: 9ms, 평균: 10ms, 최대: 13ms, P95: 11ms, P99: 12ms
[2026-02-23 10:07:34] [INFO] [38841fbe-5985-481c-9a6d-d0310520c2af.internal.kr4.postgres.rds.ngovc.com] 응답시간 통계 - 최소: 9ms, 평균: 10ms, 최대: 15ms, P95: 12ms, P99: 14ms
[2026-02-23 10:08:34] [INFO] [rancher-gov.goe.go.kr] (269/0/269)
[2026-02-23 10:08:34] [INFO] [38841fbe-5985-481c-9a6d-d0310520c2af.internal.kr4.postgres.rds.ngovc.com] (269/0/269)
[2026-02-23 10:08:34] [INFO] [rancher-gov.goe.go.kr] 응답시간 통계 - 최소: 9ms, 평균: 10ms, 최대: 13ms, P95: 11ms, P99: 12ms
[2026-02-23 10:08:34] [INFO] [38841fbe-5985-481c-9a6d-d0310520c2af.internal.kr4.postgres.rds.ngovc.com] 응답시간 통계 - 최소: 8ms, 평균: 10ms, 최대: 14ms, P95: 11ms, P99: 13ms
[2026-02-23 10:09:34] [INFO] [rancher-gov.goe.go.kr] (268/0/268)
[2026-02-23 10:09:34] [INFO] [rancher-gov.goe.go.kr] 응답시간 통계 - 최소: 9ms, 평균: 10ms, 최대: 13ms, P95: 12ms, P99: 12ms
[2026-02-23 10:09:34] [INFO] [38841fbe-5985-481c-9a6d-d0310520c2af.internal.kr4.postgres.rds.ngovc.com] (268/0/268)
[2026-02-23 10:09:34] [INFO] [38841fbe-5985-481c-9a6d-d0310520c2af.internal.kr4.postgres.rds.ngovc.com] 응답시간 통계 - 최소: 9ms, 평균: 10ms, 최대: 14ms, P95: 12ms, P99: 13ms
[2026-02-23 10:10:34] [INFO] [rancher-gov.goe.go.kr] (268/0/268)
[2026-02-23 10:10:34] [INFO] [38841fbe-5985-481c-9a6d-d0310520c2af.internal.kr4.postgres.rds.ngovc.com] (268/0/268)
[2026-02-23 10:10:34] [INFO] [rancher-gov.goe.go.kr] 응답시간 통계 - 최소: 9ms, 평균: 10ms, 최대: 16ms, P95: 12ms, P99: 13ms
[2026-02-23 10:10:34] [INFO] [38841fbe-5985-481c-9a6d-d0310520c2af.internal.kr4.postgres.rds.ngovc.com] 응답시간 통계 - 최소: 9ms, 평균: 10ms, 최대: 16ms, P95: 12ms, P99: 14ms
[2026-02-23 10:11:34] [INFO] [38841fbe-5985-481c-9a6d-d0310520c2af.internal.kr4.postgres.rds.ngovc.com] (268/0/268)
[2026-02-23 10:11:34] [INFO] [rancher-gov.goe.go.kr] (268/0/268)
[2026-02-23 10:11:34] [INFO] [38841fbe-5985-481c-9a6d-d0310520c2af.internal.kr4.postgres.rds.ngovc.com] 응답시간 통계 - 최소: 9ms, 평균: 10ms, 최대: 14ms, P95: 12ms, P99: 13ms
[2026-02-23 10:11:34] [INFO] [rancher-gov.goe.go.kr] 응답시간 통계 - 최소: 9ms, 평균: 10ms, 최대: 14ms, P95: 12ms, P99: 12ms
[2026-02-23 10:12:34] [INFO] [38841fbe-5985-481c-9a6d-d0310520c2af.internal.kr4.postgres.rds.ngovc.com] (268/0/268)
[2026-02-23 10:12:34] [INFO] [rancher-gov.goe.go.kr] (268/0/268)
[2026-02-23 10:12:34] [INFO] [38841fbe-5985-481c-9a6d-d0310520c2af.internal.kr4.postgres.rds.ngovc.com] 응답시간 통계 - 최소: 9ms, 평균: 10ms, 최대: 14ms, P95: 12ms, P99: 14ms
[2026-02-23 10:12:34] [INFO] [rancher-gov.goe.go.kr] 응답시간 통계 - 최소: 9ms, 평균: 10ms, 최대: 14ms, P95: 12ms, P99: 13ms
[2026-02-23 10:13:34] [INFO] [rancher-gov.goe.go.kr] (267/0/267)
[2026-02-23 10:13:34] [INFO] [38841fbe-5985-481c-9a6d-d0310520c2af.internal.kr4.postgres.rds.ngovc.com] (267/0/267)
[2026-02-23 10:13:34] [INFO] [rancher-gov.goe.go.kr] 응답시간 통계 - 최소: 9ms, 평균: 10ms, 최대: 15ms, P95: 12ms, P99: 13ms
[2026-02-23 10:13:34] [INFO] [38841fbe-5985-481c-9a6d-d0310520c2af.internal.kr4.postgres.rds.ngovc.com] 응답시간 통계 - 최소: 9ms, 평균: 10ms, 최대: 16ms, P95: 12ms, P99: 13ms
[2026-02-23 10:14:34] [INFO] [rancher-gov.goe.go.kr] (269/0/269)
[2026-02-23 10:14:34] [INFO] [38841fbe-5985-481c-9a6d-d0310520c2af.internal.kr4.postgres.rds.ngovc.com] (269/0/269)
[2026-02-23 10:14:34] [INFO] [rancher-gov.goe.go.kr] 응답시간 통계 - 최소: 9ms, 평균: 10ms, 최대: 14ms, P95: 12ms, P99: 13ms
[2026-02-23 10:14:34] [INFO] [38841fbe-5985-481c-9a6d-d0310520c2af.internal.kr4.postgres.rds.ngovc.com] 응답시간 통계 - 최소: 9ms, 평균: 10ms, 최대: 14ms, P95: 12ms, P99: 13ms
[2026-02-23 10:15:34] [INFO] [38841fbe-5985-481c-9a6d-d0310520c2af.internal.kr4.postgres.rds.ngovc.com] (268/0/268)
[2026-02-23 10:15:34] [INFO] [rancher-gov.goe.go.kr] (268/0/268)
[2026-02-23 10:15:34] [INFO] [38841fbe-5985-481c-9a6d-d0310520c2af.internal.kr4.postgres.rds.ngovc.com] 응답시간 통계 - 최소: 9ms, 평균: 10ms, 최대: 14ms, P95: 12ms, P99: 13ms
[2026-02-23 10:15:34] [INFO] [rancher-gov.goe.go.kr] 응답시간 통계 - 최소: 9ms, 평균: 10ms, 최대: 13ms, P95: 12ms, P99: 13ms
[2026-02-23 10:16:34] [INFO] [38841fbe-5985-481c-9a6d-d0310520c2af.internal.kr4.postgres.rds.ngovc.com] (268/0/268)
[2026-02-23 10:16:34] [INFO] [38841fbe-5985-481c-9a6d-d0310520c2af.internal.kr4.postgres.rds.ngovc.com] 응답시간 통계 - 최소: 9ms, 평균: 10ms, 최대: 14ms, P95: 12ms, P99: 13ms
[2026-02-23 10:16:34] [INFO] [rancher-gov.goe.go.kr] (268/0/268)
[2026-02-23 10:16:34] [INFO] [rancher-gov.goe.go.kr] 응답시간 통계 - 최소: 9ms, 평균: 10ms, 최대: 14ms, P95: 11ms, P99: 13ms
[2026-02-23 10:17:34] [INFO] [rancher-gov.goe.go.kr] (269/0/269)
[2026-02-23 10:17:34] [INFO] [38841fbe-5985-481c-9a6d-d0310520c2af.internal.kr4.postgres.rds.ngovc.com] (269/0/269)
[2026-02-23 10:17:34] [INFO] [rancher-gov.goe.go.kr] 응답시간 통계 - 최소: 9ms, 평균: 10ms, 최대: 14ms, P95: 11ms, P99: 12ms
[2026-02-23 10:17:34] [INFO] [38841fbe-5985-481c-9a6d-d0310520c2af.internal.kr4.postgres.rds.ngovc.com] 응답시간 통계 - 최소: 9ms, 평균: 10ms, 최대: 15ms, P95: 12ms, P99: 13ms
[2026-02-23 10:18:34] [INFO] [38841fbe-5985-481c-9a6d-d0310520c2af.internal.kr4.postgres.rds.ngovc.com] (268/0/268)
[2026-02-23 10:18:34] [INFO] [rancher-gov.goe.go.kr] (268/0/268)
[2026-02-23 10:18:34] [INFO] [38841fbe-5985-481c-9a6d-d0310520c2af.internal.kr4.postgres.rds.ngovc.com] 응답시간 통계 - 최소: 9ms, 평균: 10ms, 최대: 16ms, P95: 12ms, P99: 14ms
[2026-02-23 10:18:34] [INFO] [rancher-gov.goe.go.kr] 응답시간 통계 - 최소: 9ms, 평균: 10ms, 최대: 14ms, P95: 11ms, P99: 12ms
[2026-02-23 10:19:34] [INFO] [rancher-gov.goe.go.kr] (267/0/267)
[2026-02-23 10:19:34] [INFO] [38841fbe-5985-481c-9a6d-d0310520c2af.internal.kr4.postgres.rds.ngovc.com] (267/0/267)
[2026-02-23 10:19:34] [INFO] [rancher-gov.goe.go.kr] 응답시간 통계 - 최소: 9ms, 평균: 10ms, 최대: 14ms, P95: 12ms, P99: 12ms
[2026-02-23 10:19:34] [INFO] [38841fbe-5985-481c-9a6d-d0310520c2af.internal.kr4.postgres.rds.ngovc.com] 응답시간 통계 - 최소: 9ms, 평균: 10ms, 최대: 15ms, P95: 12ms, P99: 14ms
[2026-02-23 10:20:34] [INFO] [rancher-gov.goe.go.kr] (268/0/268)
[2026-02-23 10:20:34] [INFO] [38841fbe-5985-481c-9a6d-d0310520c2af.internal.kr4.postgres.rds.ngovc.com] (268/0/268)
[2026-02-23 10:20:34] [INFO] [rancher-gov.goe.go.kr] 응답시간 통계 - 최소: 9ms, 평균: 10ms, 최대: 14ms, P95: 12ms, P99: 13ms
[2026-02-23 10:20:34] [INFO] [38841fbe-5985-481c-9a6d-d0310520c2af.internal.kr4.postgres.rds.ngovc.com] 응답시간 통계 - 최소: 9ms, 평균: 10ms, 최대: 16ms, P95: 12ms, P99: 13ms
[2026-02-23 10:21:34] [INFO] [38841fbe-5985-481c-9a6d-d0310520c2af.internal.kr4.postgres.rds.ngovc.com] (269/0/269)
[2026-02-23 10:21:34] [INFO] [rancher-gov.goe.go.kr] (269/0/269)
[2026-02-23 10:21:34] [INFO] [38841fbe-5985-481c-9a6d-d0310520c2af.internal.kr4.postgres.rds.ngovc.com] 응답시간 통계 - 최소: 9ms, 평균: 10ms, 최대: 14ms, P95: 12ms, P99: 14ms
[2026-02-23 10:21:34] [INFO] [rancher-gov.goe.go.kr] 응답시간 통계 - 최소: 9ms, 평균: 10ms, 최대: 14ms, P95: 11ms, P99: 13ms
[2026-02-23 10:22:34] [INFO] [rancher-gov.goe.go.kr] (268/0/268)
[2026-02-23 10:22:34] [INFO] [38841fbe-5985-481c-9a6d-d0310520c2af.internal.kr4.postgres.rds.ngovc.com] (268/0/268)
[2026-02-23 10:22:34] [INFO] [rancher-gov.goe.go.kr] 응답시간 통계 - 최소: 9ms, 평균: 10ms, 최대: 14ms, P95: 12ms, P99: 13ms
[2026-02-23 10:22:34] [INFO] [38841fbe-5985-481c-9a6d-d0310520c2af.internal.kr4.postgres.rds.ngovc.com] 응답시간 통계 - 최소: 9ms, 평균: 10ms, 최대: 18ms, P95: 12ms, P99: 14ms
[2026-02-23 10:23:34] [INFO] [rancher-gov.goe.go.kr] (268/0/268)
[2026-02-23 10:23:34] [INFO] [38841fbe-5985-481c-9a6d-d0310520c2af.internal.kr4.postgres.rds.ngovc.com] (268/0/268)
[2026-02-23 10:23:34] [INFO] [38841fbe-5985-481c-9a6d-d0310520c2af.internal.kr4.postgres.rds.ngovc.com] 응답시간 통계 - 최소: 9ms, 평균: 10ms, 최대: 16ms, P95: 12ms, P99: 13ms
[2026-02-23 10:23:34] [INFO] [rancher-gov.goe.go.kr] 응답시간 통계 - 최소: 9ms, 평균: 10ms, 최대: 14ms, P95: 12ms, P99: 13ms
[2026-02-23 10:24:34] [INFO] [rancher-gov.goe.go.kr] (270/0/270)
[2026-02-23 10:24:34] [INFO] [38841fbe-5985-481c-9a6d-d0310520c2af.internal.kr4.postgres.rds.ngovc.com] (270/0/270)
[2026-02-23 10:24:34] [INFO] [rancher-gov.goe.go.kr] 응답시간 통계 - 최소: 9ms, 평균: 10ms, 최대: 23ms, P95: 11ms, P99: 13ms
[2026-02-23 10:24:34] [INFO] [38841fbe-5985-481c-9a6d-d0310520c2af.internal.kr4.postgres.rds.ngovc.com] 응답시간 통계 - 최소: 9ms, 평균: 10ms, 최대: 22ms, P95: 12ms, P99: 13ms
[2026-02-23 10:25:34] [INFO] [rancher-gov.goe.go.kr] (269/0/269)
[2026-02-23 10:25:34] [INFO] [rancher-gov.goe.go.kr] 응답시간 통계 - 최소: 9ms, 평균: 9ms, 최대: 13ms, P95: 11ms, P99: 11ms
[2026-02-23 10:25:34] [INFO] [38841fbe-5985-481c-9a6d-d0310520c2af.internal.kr4.postgres.rds.ngovc.com] (269/0/269)
[2026-02-23 10:25:34] [INFO] [38841fbe-5985-481c-9a6d-d0310520c2af.internal.kr4.postgres.rds.ngovc.com] 응답시간 통계 - 최소: 9ms, 평균: 10ms, 최대: 14ms, P95: 11ms, P99: 13ms
[2026-02-23 10:26:34] [INFO] [rancher-gov.goe.go.kr] (268/0/268)
[2026-02-23 10:26:34] [INFO] [38841fbe-5985-481c-9a6d-d0310520c2af.internal.kr4.postgres.rds.ngovc.com] (268/0/268)
[2026-02-23 10:26:34] [INFO] [rancher-gov.goe.go.kr] 응답시간 통계 - 최소: 9ms, 평균: 10ms, 최대: 17ms, P95: 12ms, P99: 13ms
[2026-02-23 10:26:34] [INFO] [38841fbe-5985-481c-9a6d-d0310520c2af.internal.kr4.postgres.rds.ngovc.com] 응답시간 통계 - 최소: 9ms, 평균: 10ms, 최대: 17ms, P95: 13ms, P99: 16ms
[2026-02-23 10:27:34] [INFO] [rancher-gov.goe.go.kr] (268/0/268)
[2026-02-23 10:27:34] [INFO] [38841fbe-5985-481c-9a6d-d0310520c2af.internal.kr4.postgres.rds.ngovc.com] (268/0/268)
[2026-02-23 10:27:34] [INFO] [rancher-gov.goe.go.kr] 응답시간 통계 - 최소: 9ms, 평균: 10ms, 최대: 16ms, P95: 12ms, P99: 15ms
[2026-02-23 10:27:34] [INFO] [38841fbe-5985-481c-9a6d-d0310520c2af.internal.kr4.postgres.rds.ngovc.com] 응답시간 통계 - 최소: 9ms, 평균: 10ms, 최대: 18ms, P95: 13ms, P99: 15ms
[2026-02-23 10:28:34] [INFO] [38841fbe-5985-481c-9a6d-d0310520c2af.internal.kr4.postgres.rds.ngovc.com] (268/0/268)
[2026-02-23 10:28:34] [INFO] [38841fbe-5985-481c-9a6d-d0310520c2af.internal.kr4.postgres.rds.ngovc.com] 응답시간 통계 - 최소: 8ms, 평균: 10ms, 최대: 14ms, P95: 13ms, P99: 14ms
[2026-02-23 10:28:34] [INFO] [rancher-gov.goe.go.kr] (268/0/268)
[2026-02-23 10:28:34] [INFO] [rancher-gov.goe.go.kr] 응답시간 통계 - 최소: 9ms, 평균: 10ms, 최대: 17ms, P95: 12ms, P99: 13ms
[2026-02-23 10:29:34] [INFO] [38841fbe-5985-481c-9a6d-d0310520c2af.internal.kr4.postgres.rds.ngovc.com] (269/0/269)
[2026-02-23 10:29:34] [INFO] [rancher-gov.goe.go.kr] (269/0/269)
[2026-02-23 10:29:34] [INFO] [38841fbe-5985-481c-9a6d-d0310520c2af.internal.kr4.postgres.rds.ngovc.com] 응답시간 통계 - 최소: 8ms, 평균: 10ms, 최대: 18ms, P95: 12ms, P99: 14ms
[2026-02-23 10:29:34] [INFO] [rancher-gov.goe.go.kr] 응답시간 통계 - 최소: 9ms, 평균: 10ms, 최대: 19ms, P95: 12ms, P99: 13ms
[2026-02-23 10:30:34] [INFO] [rancher-gov.goe.go.kr] (268/0/268)
[2026-02-23 10:30:34] [INFO] [38841fbe-5985-481c-9a6d-d0310520c2af.internal.kr4.postgres.rds.ngovc.com] (268/0/268)
[2026-02-23 10:30:34] [INFO] [rancher-gov.goe.go.kr] 응답시간 통계 - 최소: 9ms, 평균: 10ms, 최대: 14ms, P95: 11ms, P99: 12ms
[2026-02-23 10:30:34] [INFO] [38841fbe-5985-481c-9a6d-d0310520c2af.internal.kr4.postgres.rds.ngovc.com] 응답시간 통계 - 최소: 8ms, 평균: 10ms, 최대: 15ms, P95: 12ms, P99: 14ms
[2026-02-23 10:31:34] [INFO] [rancher-gov.goe.go.kr] (268/0/268)
[2026-02-23 10:31:34] [INFO] [38841fbe-5985-481c-9a6d-d0310520c2af.internal.kr4.postgres.rds.ngovc.com] (268/0/268)
[2026-02-23 10:31:34] [INFO] [rancher-gov.goe.go.kr] 응답시간 통계 - 최소: 9ms, 평균: 10ms, 최대: 14ms, P95: 11ms, P99: 13ms
[2026-02-23 10:31:34] [INFO] [38841fbe-5985-481c-9a6d-d0310520c2af.internal.kr4.postgres.rds.ngovc.com] 응답시간 통계 - 최소: 8ms, 평균: 10ms, 최대: 15ms, P95: 12ms, P99: 13ms
[2026-02-23 10:32:34] [INFO] [rancher-gov.goe.go.kr] (270/0/270)
[2026-02-23 10:32:34] [INFO] [38841fbe-5985-481c-9a6d-d0310520c2af.internal.kr4.postgres.rds.ngovc.com] (270/0/270)
[2026-02-23 10:32:34] [INFO] [rancher-gov.goe.go.kr] 응답시간 통계 - 최소: 9ms, 평균: 10ms, 최대: 14ms, P95: 11ms, P99: 12ms
[2026-02-23 10:32:34] [INFO] [38841fbe-5985-481c-9a6d-d0310520c2af.internal.kr4.postgres.rds.ngovc.com] 응답시간 통계 - 최소: 9ms, 평균: 10ms, 최대: 13ms, P95: 12ms, P99: 13ms
[2026-02-23 10:33:34] [INFO] [38841fbe-5985-481c-9a6d-d0310520c2af.internal.kr4.postgres.rds.ngovc.com] (268/0/268)
[2026-02-23 10:33:34] [INFO] [38841fbe-5985-481c-9a6d-d0310520c2af.internal.kr4.postgres.rds.ngovc.com] 응답시간 통계 - 최소: 9ms, 평균: 10ms, 최대: 15ms, P95: 12ms, P99: 14ms
[2026-02-23 10:33:34] [INFO] [rancher-gov.goe.go.kr] (268/0/268)
[2026-02-23 10:33:34] [INFO] [rancher-gov.goe.go.kr] 응답시간 통계 - 최소: 9ms, 평균: 10ms, 최대: 15ms, P95: 12ms, P99: 13ms
[2026-02-23 10:34:34] [INFO] [rancher-gov.goe.go.kr] (268/0/268)
[2026-02-23 10:34:34] [INFO] [38841fbe-5985-481c-9a6d-d0310520c2af.internal.kr4.postgres.rds.ngovc.com] (268/0/268)
[2026-02-23 10:34:34] [INFO] [rancher-gov.goe.go.kr] 응답시간 통계 - 최소: 9ms, 평균: 10ms, 최대: 13ms, P95: 11ms, P99: 13ms
[2026-02-23 10:34:34] [INFO] [38841fbe-5985-481c-9a6d-d0310520c2af.internal.kr4.postgres.rds.ngovc.com] 응답시간 통계 - 최소: 9ms, 평균: 10ms, 최대: 14ms, P95: 12ms, P99: 14ms
[2026-02-23 10:35:34] [INFO] [rancher-gov.goe.go.kr] (269/0/269)
[2026-02-23 10:35:34] [INFO] [rancher-gov.goe.go.kr] 응답시간 통계 - 최소: 9ms, 평균: 10ms, 최대: 14ms, P95: 12ms, P99: 13ms
[2026-02-23 10:35:34] [INFO] [38841fbe-5985-481c-9a6d-d0310520c2af.internal.kr4.postgres.rds.ngovc.com] (269/0/269)
[2026-02-23 10:35:34] [INFO] [38841fbe-5985-481c-9a6d-d0310520c2af.internal.kr4.postgres.rds.ngovc.com] 응답시간 통계 - 최소: 9ms, 평균: 10ms, 최대: 15ms, P95: 12ms, P99: 14ms
[2026-02-23 10:36:34] [INFO] [38841fbe-5985-481c-9a6d-d0310520c2af.internal.kr4.postgres.rds.ngovc.com] (268/0/268)
[2026-02-23 10:36:34] [INFO] [rancher-gov.goe.go.kr] (268/0/268)
[2026-02-23 10:36:34] [INFO] [38841fbe-5985-481c-9a6d-d0310520c2af.internal.kr4.postgres.rds.ngovc.com] 응답시간 통계 - 최소: 9ms, 평균: 10ms, 최대: 14ms, P95: 12ms, P99: 13ms
[2026-02-23 10:36:34] [INFO] [rancher-gov.goe.go.kr] 응답시간 통계 - 최소: 9ms, 평균: 10ms, 최대: 16ms, P95: 12ms, P99: 12ms
[2026-02-23 10:37:34] [INFO] [rancher-gov.goe.go.kr] (268/0/268)
[2026-02-23 10:37:34] [INFO] [rancher-gov.goe.go.kr] 응답시간 통계 - 최소: 8ms, 평균: 10ms, 최대: 16ms, P95: 12ms, P99: 13ms
[2026-02-23 10:37:34] [INFO] [38841fbe-5985-481c-9a6d-d0310520c2af.internal.kr4.postgres.rds.ngovc.com] (268/0/268)
[2026-02-23 10:37:34] [INFO] [38841fbe-5985-481c-9a6d-d0310520c2af.internal.kr4.postgres.rds.ngovc.com] 응답시간 통계 - 최소: 9ms, 평균: 10ms, 최대: 14ms, P95: 12ms, P99: 13ms
[2026-02-23 10:38:34] [INFO] [rancher-gov.goe.go.kr] (269/0/269)
[2026-02-23 10:38:34] [INFO] [38841fbe-5985-481c-9a6d-d0310520c2af.internal.kr4.postgres.rds.ngovc.com] (269/0/269)
[2026-02-23 10:38:34] [INFO] [rancher-gov.goe.go.kr] 응답시간 통계 - 최소: 9ms, 평균: 10ms, 최대: 13ms, P95: 12ms, P99: 12ms
[2026-02-23 10:38:34] [INFO] [38841fbe-5985-481c-9a6d-d0310520c2af.internal.kr4.postgres.rds.ngovc.com] 응답시간 통계 - 최소: 9ms, 평균: 10ms, 최대: 14ms, P95: 12ms, P99: 13ms
[2026-02-23 10:39:34] [INFO] [38841fbe-5985-481c-9a6d-d0310520c2af.internal.kr4.postgres.rds.ngovc.com] (269/0/269)
[2026-02-23 10:39:34] [INFO] [rancher-gov.goe.go.kr] (269/0/269)
[2026-02-23 10:39:34] [INFO] [38841fbe-5985-481c-9a6d-d0310520c2af.internal.kr4.postgres.rds.ngovc.com] 응답시간 통계 - 최소: 9ms, 평균: 10ms, 최대: 14ms, P95: 12ms, P99: 13ms
[2026-02-23 10:39:34] [INFO] [rancher-gov.goe.go.kr] 응답시간 통계 - 최소: 9ms, 평균: 10ms, 최대: 13ms, P95: 11ms, P99: 12ms
[2026-02-23 10:40:34] [INFO] [rancher-gov.goe.go.kr] (268/0/268)
[2026-02-23 10:40:34] [INFO] [38841fbe-5985-481c-9a6d-d0310520c2af.internal.kr4.postgres.rds.ngovc.com] (268/0/268)
[2026-02-23 10:40:34] [INFO] [rancher-gov.goe.go.kr] 응답시간 통계 - 최소: 9ms, 평균: 10ms, 최대: 16ms, P95: 12ms, P99: 13ms
[2026-02-23 10:40:34] [INFO] [38841fbe-5985-481c-9a6d-d0310520c2af.internal.kr4.postgres.rds.ngovc.com] 응답시간 통계 - 최소: 9ms, 평균: 10ms, 최대: 16ms, P95: 12ms, P99: 14ms
[2026-02-23 10:41:34] [INFO] [rancher-gov.goe.go.kr] (268/0/268)
[2026-02-23 10:41:34] [INFO] [38841fbe-5985-481c-9a6d-d0310520c2af.internal.kr4.postgres.rds.ngovc.com] (268/0/268)
[2026-02-23 10:41:34] [INFO] [rancher-gov.goe.go.kr] 응답시간 통계 - 최소: 9ms, 평균: 10ms, 최대: 14ms, P95: 11ms, P99: 13ms
[2026-02-23 10:41:34] [INFO] [38841fbe-5985-481c-9a6d-d0310520c2af.internal.kr4.postgres.rds.ngovc.com] 응답시간 통계 - 최소: 9ms, 평균: 10ms, 최대: 17ms, P95: 12ms, P99: 13ms
[2026-02-23 10:42:34] [INFO] [38841fbe-5985-481c-9a6d-d0310520c2af.internal.kr4.postgres.rds.ngovc.com] (268/0/268)
[2026-02-23 10:42:34] [INFO] [rancher-gov.goe.go.kr] (268/0/268)
[2026-02-23 10:42:34] [INFO] [38841fbe-5985-481c-9a6d-d0310520c2af.internal.kr4.postgres.rds.ngovc.com] 응답시간 통계 - 최소: 9ms, 평균: 10ms, 최대: 16ms, P95: 12ms, P99: 14ms
[2026-02-23 10:42:34] [INFO] [rancher-gov.goe.go.kr] 응답시간 통계 - 최소: 9ms, 평균: 10ms, 최대: 14ms, P95: 11ms, P99: 12ms
[2026-02-23 10:43:34] [INFO] [38841fbe-5985-481c-9a6d-d0310520c2af.internal.kr4.postgres.rds.ngovc.com] (268/0/268)
[2026-02-23 10:43:34] [INFO] [rancher-gov.goe.go.kr] (268/0/268)
[2026-02-23 10:43:34] [INFO] [38841fbe-5985-481c-9a6d-d0310520c2af.internal.kr4.postgres.rds.ngovc.com] 응답시간 통계 - 최소: 9ms, 평균: 10ms, 최대: 15ms, P95: 12ms, P99: 13ms
[2026-02-23 10:43:34] [INFO] [rancher-gov.goe.go.kr] 응답시간 통계 - 최소: 9ms, 평균: 10ms, 최대: 15ms, P95: 11ms, P99: 13ms
[2026-02-23 10:44:34] [INFO] [rancher-gov.goe.go.kr] (269/0/269)
[2026-02-23 10:44:34] [INFO] [38841fbe-5985-481c-9a6d-d0310520c2af.internal.kr4.postgres.rds.ngovc.com] (269/0/269)
[2026-02-23 10:44:34] [INFO] [rancher-gov.goe.go.kr] 응답시간 통계 - 최소: 9ms, 평균: 10ms, 최대: 15ms, P95: 12ms, P99: 13ms
[2026-02-23 10:44:34] [INFO] [38841fbe-5985-481c-9a6d-d0310520c2af.internal.kr4.postgres.rds.ngovc.com] 응답시간 통계 - 최소: 9ms, 평균: 10ms, 최대: 16ms, P95: 12ms, P99: 14ms
[2026-02-23 10:45:34] [INFO] [rancher-gov.goe.go.kr] (268/0/268)
[2026-02-23 10:45:34] [INFO] [38841fbe-5985-481c-9a6d-d0310520c2af.internal.kr4.postgres.rds.ngovc.com] (268/0/268)
[2026-02-23 10:45:34] [INFO] [rancher-gov.goe.go.kr] 응답시간 통계 - 최소: 9ms, 평균: 10ms, 최대: 14ms, P95: 12ms, P99: 13ms
[2026-02-23 10:45:34] [INFO] [38841fbe-5985-481c-9a6d-d0310520c2af.internal.kr4.postgres.rds.ngovc.com] 응답시간 통계 - 최소: 8ms, 평균: 10ms, 최대: 17ms, P95: 12ms, P99: 13ms
[2026-02-23 10:46:34] [INFO] [38841fbe-5985-481c-9a6d-d0310520c2af.internal.kr4.postgres.rds.ngovc.com] (268/0/268)
[2026-02-23 10:46:34] [INFO] [38841fbe-5985-481c-9a6d-d0310520c2af.internal.kr4.postgres.rds.ngovc.com] 응답시간 통계 - 최소: 9ms, 평균: 10ms, 최대: 24ms, P95: 12ms, P99: 14ms
[2026-02-23 10:46:34] [INFO] [rancher-gov.goe.go.kr] (268/0/268)
[2026-02-23 10:46:34] [INFO] [rancher-gov.goe.go.kr] 응답시간 통계 - 최소: 9ms, 평균: 10ms, 최대: 22ms, P95: 12ms, P99: 13ms
[2026-02-23 10:47:34] [INFO] [rancher-gov.goe.go.kr] (246/0/246)
[2026-02-23 10:47:34] [INFO] [rancher-gov.goe.go.kr] 응답시간 통계 - 최소: 9ms, 평균: 30ms, 최대: 5013ms, P95: 12ms, P99: 12ms
[2026-02-23 10:47:34] [INFO] [38841fbe-5985-481c-9a6d-d0310520c2af.internal.kr4.postgres.rds.ngovc.com] (246/0/246)
[2026-02-23 10:47:34] [INFO] [38841fbe-5985-481c-9a6d-d0310520c2af.internal.kr4.postgres.rds.ngovc.com] 응답시간 통계 - 최소: 8ms, 평균: 30ms, 최대: 5012ms, P95: 12ms, P99: 15ms
[2026-02-23 10:48:34] [INFO] [rancher-gov.goe.go.kr] (269/0/269)
[2026-02-23 10:48:34] [INFO] [38841fbe-5985-481c-9a6d-d0310520c2af.internal.kr4.postgres.rds.ngovc.com] (269/0/269)
[2026-02-23 10:48:34] [INFO] [rancher-gov.goe.go.kr] 응답시간 통계 - 최소: 9ms, 평균: 10ms, 최대: 18ms, P95: 11ms, P99: 12ms
[2026-02-23 10:48:34] [INFO] [38841fbe-5985-481c-9a6d-d0310520c2af.internal.kr4.postgres.rds.ngovc.com] 응답시간 통계 - 최소: 9ms, 평균: 10ms, 최대: 17ms, P95: 12ms, P99: 13ms
[2026-02-23 10:49:34] [INFO] [38841fbe-5985-481c-9a6d-d0310520c2af.internal.kr4.postgres.rds.ngovc.com] (267/0/267)
[2026-02-23 10:49:34] [INFO] [rancher-gov.goe.go.kr] (267/0/267)
[2026-02-23 10:49:34] [INFO] [38841fbe-5985-481c-9a6d-d0310520c2af.internal.kr4.postgres.rds.ngovc.com] 응답시간 통계 - 최소: 9ms, 평균: 10ms, 최대: 16ms, P95: 12ms, P99: 13ms
[2026-02-23 10:49:34] [INFO] [rancher-gov.goe.go.kr] 응답시간 통계 - 최소: 10ms, 평균: 10ms, 최대: 13ms, P95: 12ms, P99: 13ms
[2026-02-23 10:50:34] [INFO] [38841fbe-5985-481c-9a6d-d0310520c2af.internal.kr4.postgres.rds.ngovc.com] (268/0/268)
[2026-02-23 10:50:34] [INFO] [rancher-gov.goe.go.kr] (268/0/268)
[2026-02-23 10:50:34] [INFO] [38841fbe-5985-481c-9a6d-d0310520c2af.internal.kr4.postgres.rds.ngovc.com] 응답시간 통계 - 최소: 9ms, 평균: 10ms, 최대: 14ms, P95: 12ms, P99: 13ms
[2026-02-23 10:50:34] [INFO] [rancher-gov.goe.go.kr] 응답시간 통계 - 최소: 9ms, 평균: 10ms, 최대: 14ms, P95: 11ms, P99: 12ms
[2026-02-23 10:51:34] [INFO] [38841fbe-5985-481c-9a6d-d0310520c2af.internal.kr4.postgres.rds.ngovc.com] (269/0/269)
[2026-02-23 10:51:34] [INFO] [rancher-gov.goe.go.kr] (269/0/269)
[2026-02-23 10:51:34] [INFO] [38841fbe-5985-481c-9a6d-d0310520c2af.internal.kr4.postgres.rds.ngovc.com] 응답시간 통계 - 최소: 9ms, 평균: 10ms, 최대: 15ms, P95: 12ms, P99: 13ms
[2026-02-23 10:51:34] [INFO] [rancher-gov.goe.go.kr] 응답시간 통계 - 최소: 9ms, 평균: 10ms, 최대: 17ms, P95: 12ms, P99: 13ms
[2026-02-23 10:52:34] [INFO] [rancher-gov.goe.go.kr] (270/0/270)
[2026-02-23 10:52:34] [INFO] [38841fbe-5985-481c-9a6d-d0310520c2af.internal.kr4.postgres.rds.ngovc.com] (270/0/270)
[2026-02-23 10:52:34] [INFO] [rancher-gov.goe.go.kr] 응답시간 통계 - 최소: 9ms, 평균: 10ms, 최대: 13ms, P95: 11ms, P99: 12ms
[2026-02-23 10:52:34] [INFO] [38841fbe-5985-481c-9a6d-d0310520c2af.internal.kr4.postgres.rds.ngovc.com] 응답시간 통계 - 최소: 9ms, 평균: 10ms, 최대: 14ms, P95: 12ms, P99: 14ms
[2026-02-23 10:53:34] [INFO] [rancher-gov.goe.go.kr] (269/0/269)
[2026-02-23 10:53:34] [INFO] [38841fbe-5985-481c-9a6d-d0310520c2af.internal.kr4.postgres.rds.ngovc.com] (269/0/269)
[2026-02-23 10:53:34] [INFO] [rancher-gov.goe.go.kr] 응답시간 통계 - 최소: 9ms, 평균: 9ms, 최대: 14ms, P95: 11ms, P99: 12ms
[2026-02-23 10:53:34] [INFO] [38841fbe-5985-481c-9a6d-d0310520c2af.internal.kr4.postgres.rds.ngovc.com] 응답시간 통계 - 최소: 8ms, 평균: 10ms, 최대: 15ms, P95: 12ms, P99: 13ms
[2026-02-23 10:54:34] [INFO] [38841fbe-5985-481c-9a6d-d0310520c2af.internal.kr4.postgres.rds.ngovc.com] (269/0/269)
[2026-02-23 10:54:34] [INFO] [rancher-gov.goe.go.kr] (269/0/269)
[2026-02-23 10:54:34] [INFO] [38841fbe-5985-481c-9a6d-d0310520c2af.internal.kr4.postgres.rds.ngovc.com] 응답시간 통계 - 최소: 8ms, 평균: 10ms, 최대: 14ms, P95: 12ms, P99: 13ms
[2026-02-23 10:54:34] [INFO] [rancher-gov.goe.go.kr] 응답시간 통계 - 최소: 8ms, 평균: 10ms, 최대: 16ms, P95: 11ms, P99: 12ms
[2026-02-23 10:55:34] [INFO] [rancher-gov.goe.go.kr] (268/0/268)
[2026-02-23 10:55:34] [INFO] [rancher-gov.goe.go.kr] 응답시간 통계 - 최소: 9ms, 평균: 10ms, 최대: 13ms, P95: 11ms, P99: 12ms
[2026-02-23 10:55:34] [INFO] [38841fbe-5985-481c-9a6d-d0310520c2af.internal.kr4.postgres.rds.ngovc.com] (268/0/268)
[2026-02-23 10:55:34] [INFO] [38841fbe-5985-481c-9a6d-d0310520c2af.internal.kr4.postgres.rds.ngovc.com] 응답시간 통계 - 최소: 9ms, 평균: 10ms, 최대: 14ms, P95: 12ms, P99: 13ms
[2026-02-23 10:56:34] [INFO] [38841fbe-5985-481c-9a6d-d0310520c2af.internal.kr4.postgres.rds.ngovc.com] (268/0/268)
[2026-02-23 10:56:34] [INFO] [rancher-gov.goe.go.kr] (268/0/268)
[2026-02-23 10:56:34] [INFO] [38841fbe-5985-481c-9a6d-d0310520c2af.internal.kr4.postgres.rds.ngovc.com] 응답시간 통계 - 최소: 9ms, 평균: 10ms, 최대: 14ms, P95: 12ms, P99: 14ms
[2026-02-23 10:56:34] [INFO] [rancher-gov.goe.go.kr] 응답시간 통계 - 최소: 9ms, 평균: 10ms, 최대: 13ms, P95: 12ms, P99: 13ms
[2026-02-23 10:57:34] [INFO] [rancher-gov.goe.go.kr] (268/0/268)
[2026-02-23 10:57:34] [INFO] [38841fbe-5985-481c-9a6d-d0310520c2af.internal.kr4.postgres.rds.ngovc.com] (268/0/268)
[2026-02-23 10:57:34] [INFO] [rancher-gov.goe.go.kr] 응답시간 통계 - 최소: 9ms, 평균: 10ms, 최대: 14ms, P95: 12ms, P99: 13ms
[2026-02-23 10:57:34] [INFO] [38841fbe-5985-481c-9a6d-d0310520c2af.internal.kr4.postgres.rds.ngovc.com] 응답시간 통계 - 최소: 9ms, 평균: 10ms, 최대: 15ms, P95: 12ms, P99: 13ms
[2026-02-23 10:58:34] [INFO] [38841fbe-5985-481c-9a6d-d0310520c2af.internal.kr4.postgres.rds.ngovc.com] (268/0/268)
[2026-02-23 10:58:34] [INFO] [38841fbe-5985-481c-9a6d-d0310520c2af.internal.kr4.postgres.rds.ngovc.com] 응답시간 통계 - 최소: 9ms, 평균: 10ms, 최대: 19ms, P95: 12ms, P99: 17ms
[2026-02-23 10:58:34] [INFO] [rancher-gov.goe.go.kr] (268/0/268)
[2026-02-23 10:58:34] [INFO] [rancher-gov.goe.go.kr] 응답시간 통계 - 최소: 9ms, 평균: 10ms, 최대: 16ms, P95: 13ms, P99: 14ms
[2026-02-23 10:59:34] [INFO] [38841fbe-5985-481c-9a6d-d0310520c2af.internal.kr4.postgres.rds.ngovc.com] (268/0/268)
[2026-02-23 10:59:34] [INFO] [rancher-gov.goe.go.kr] (268/0/268)
[2026-02-23 10:59:34] [INFO] [38841fbe-5985-481c-9a6d-d0310520c2af.internal.kr4.postgres.rds.ngovc.com] 응답시간 통계 - 최소: 8ms, 평균: 10ms, 최대: 14ms, P95: 12ms, P99: 14ms
[2026-02-23 10:59:34] [INFO] [rancher-gov.goe.go.kr] 응답시간 통계 - 최소: 9ms, 평균: 10ms, 최대: 14ms, P95: 11ms, P99: 12ms
[2026-02-23 11:00:34] [INFO] [rancher-gov.goe.go.kr] (269/0/269)
[2026-02-23 11:00:34] [INFO] [38841fbe-5985-481c-9a6d-d0310520c2af.internal.kr4.postgres.rds.ngovc.com] (269/0/269)
[2026-02-23 11:00:34] [INFO] [rancher-gov.goe.go.kr] 응답시간 통계 - 최소: 9ms, 평균: 10ms, 최대: 18ms, P95: 12ms, P99: 13ms
[2026-02-23 11:00:34] [INFO] [38841fbe-5985-481c-9a6d-d0310520c2af.internal.kr4.postgres.rds.ngovc.com] 응답시간 통계 - 최소: 9ms, 평균: 10ms, 최대: 15ms, P95: 12ms, P99: 14ms
[2026-02-23 11:01:34] [INFO] [rancher-gov.goe.go.kr] (269/0/269)
[2026-02-23 11:01:34] [INFO] [38841fbe-5985-481c-9a6d-d0310520c2af.internal.kr4.postgres.rds.ngovc.com] (269/0/269)
[2026-02-23 11:01:34] [INFO] [rancher-gov.goe.go.kr] 응답시간 통계 - 최소: 9ms, 평균: 10ms, 최대: 13ms, P95: 11ms, P99: 12ms
[2026-02-23 11:01:34] [INFO] [38841fbe-5985-481c-9a6d-d0310520c2af.internal.kr4.postgres.rds.ngovc.com] 응답시간 통계 - 최소: 9ms, 평균: 10ms, 최대: 14ms, P95: 12ms, P99: 13ms
[2026-02-23 11:02:34] [INFO] [38841fbe-5985-481c-9a6d-d0310520c2af.internal.kr4.postgres.rds.ngovc.com] (269/0/269)
[2026-02-23 11:02:34] [INFO] [rancher-gov.goe.go.kr] (269/0/269)
[2026-02-23 11:02:34] [INFO] [38841fbe-5985-481c-9a6d-d0310520c2af.internal.kr4.postgres.rds.ngovc.com] 응답시간 통계 - 최소: 9ms, 평균: 10ms, 최대: 16ms, P95: 12ms, P99: 14ms
[2026-02-23 11:02:34] [INFO] [rancher-gov.goe.go.kr] 응답시간 통계 - 최소: 9ms, 평균: 10ms, 최대: 16ms, P95: 11ms, P99: 14ms
[2026-02-23 11:03:34] [INFO] [38841fbe-5985-481c-9a6d-d0310520c2af.internal.kr4.postgres.rds.ngovc.com] (269/0/269)
[2026-02-23 11:03:34] [INFO] [38841fbe-5985-481c-9a6d-d0310520c2af.internal.kr4.postgres.rds.ngovc.com] 응답시간 통계 - 최소: 9ms, 평균: 10ms, 최대: 20ms, P95: 12ms, P99: 14ms
[2026-02-23 11:03:34] [INFO] [rancher-gov.goe.go.kr] (269/0/269)
[2026-02-23 11:03:34] [INFO] [rancher-gov.goe.go.kr] 응답시간 통계 - 최소: 8ms, 평균: 10ms, 최대: 14ms, P95: 12ms, P99: 13ms
[2026-02-23 11:04:34] [INFO] [38841fbe-5985-481c-9a6d-d0310520c2af.internal.kr4.postgres.rds.ngovc.com] (267/0/267)
[2026-02-23 11:04:34] [INFO] [rancher-gov.goe.go.kr] (267/0/267)
[2026-02-23 11:04:34] [INFO] [rancher-gov.goe.go.kr] 응답시간 통계 - 최소: 9ms, 평균: 10ms, 최대: 17ms, P95: 12ms, P99: 14ms
[2026-02-23 11:04:34] [INFO] [38841fbe-5985-481c-9a6d-d0310520c2af.internal.kr4.postgres.rds.ngovc.com] 응답시간 통계 - 최소: 9ms, 평균: 10ms, 최대: 21ms, P95: 12ms, P99: 14ms
[2026-02-23 11:05:34] [INFO] [38841fbe-5985-481c-9a6d-d0310520c2af.internal.kr4.postgres.rds.ngovc.com] (268/0/268)
[2026-02-23 11:05:34] [INFO] [rancher-gov.goe.go.kr] (268/0/268)
[2026-02-23 11:05:34] [INFO] [38841fbe-5985-481c-9a6d-d0310520c2af.internal.kr4.postgres.rds.ngovc.com] 응답시간 통계 - 최소: 9ms, 평균: 10ms, 최대: 15ms, P95: 12ms, P99: 14ms
[2026-02-23 11:05:34] [INFO] [rancher-gov.goe.go.kr] 응답시간 통계 - 최소: 9ms, 평균: 10ms, 최대: 15ms, P95: 12ms, P99: 13ms
[2026-02-23 11:06:34] [INFO] [38841fbe-5985-481c-9a6d-d0310520c2af.internal.kr4.postgres.rds.ngovc.com] (269/0/269)
[2026-02-23 11:06:34] [INFO] [rancher-gov.goe.go.kr] (269/0/269)
[2026-02-23 11:06:34] [INFO] [38841fbe-5985-481c-9a6d-d0310520c2af.internal.kr4.postgres.rds.ngovc.com] 응답시간 통계 - 최소: 9ms, 평균: 10ms, 최대: 23ms, P95: 12ms, P99: 14ms
[2026-02-23 11:06:34] [INFO] [rancher-gov.goe.go.kr] 응답시간 통계 - 최소: 9ms, 평균: 10ms, 최대: 20ms, P95: 12ms, P99: 16ms
[2026-02-23 11:07:34] [INFO] [38841fbe-5985-481c-9a6d-d0310520c2af.internal.kr4.postgres.rds.ngovc.com] (270/0/270)
[2026-02-23 11:07:34] [INFO] [rancher-gov.goe.go.kr] (270/0/270)
[2026-02-23 11:07:34] [INFO] [rancher-gov.goe.go.kr] 응답시간 통계 - 최소: 9ms, 평균: 10ms, 최대: 14ms, P95: 11ms, P99: 12ms
[2026-02-23 11:07:34] [INFO] [38841fbe-5985-481c-9a6d-d0310520c2af.internal.kr4.postgres.rds.ngovc.com] 응답시간 통계 - 최소: 9ms, 평균: 9ms, 최대: 14ms, P95: 12ms, P99: 13ms
[2026-02-23 11:08:34] [INFO] [rancher-gov.goe.go.kr] (268/0/268)
[2026-02-23 11:08:34] [INFO] [38841fbe-5985-481c-9a6d-d0310520c2af.internal.kr4.postgres.rds.ngovc.com] (268/0/268)
[2026-02-23 11:08:34] [INFO] [rancher-gov.goe.go.kr] 응답시간 통계 - 최소: 9ms, 평균: 10ms, 최대: 14ms, P95: 12ms, P99: 13ms
[2026-02-23 11:08:34] [INFO] [38841fbe-5985-481c-9a6d-d0310520c2af.internal.kr4.postgres.rds.ngovc.com] 응답시간 통계 - 최소: 9ms, 평균: 10ms, 최대: 15ms, P95: 13ms, P99: 14ms
[2026-02-23 11:09:34] [INFO] [rancher-gov.goe.go.kr] (268/0/268)
[2026-02-23 11:09:34] [INFO] [38841fbe-5985-481c-9a6d-d0310520c2af.internal.kr4.postgres.rds.ngovc.com] (268/0/268)
[2026-02-23 11:09:34] [INFO] [rancher-gov.goe.go.kr] 응답시간 통계 - 최소: 9ms, 평균: 10ms, 최대: 16ms, P95: 12ms, P99: 12ms
[2026-02-23 11:09:34] [INFO] [38841fbe-5985-481c-9a6d-d0310520c2af.internal.kr4.postgres.rds.ngovc.com] 응답시간 통계 - 최소: 8ms, 평균: 10ms, 최대: 16ms, P95: 12ms, P99: 14ms
[2026-02-23 11:10:34] [INFO] [38841fbe-5985-481c-9a6d-d0310520c2af.internal.kr4.postgres.rds.ngovc.com] (269/0/269)
[2026-02-23 11:10:34] [INFO] [rancher-gov.goe.go.kr] (269/0/269)
[2026-02-23 11:10:34] [INFO] [38841fbe-5985-481c-9a6d-d0310520c2af.internal.kr4.postgres.rds.ngovc.com] 응답시간 통계 - 최소: 9ms, 평균: 10ms, 최대: 15ms, P95: 12ms, P99: 14ms
[2026-02-23 11:10:34] [INFO] [rancher-gov.goe.go.kr] 응답시간 통계 - 최소: 9ms, 평균: 10ms, 최대: 15ms, P95: 12ms, P99: 13ms
[2026-02-23 11:11:34] [INFO] [38841fbe-5985-481c-9a6d-d0310520c2af.internal.kr4.postgres.rds.ngovc.com] (269/0/269)
[2026-02-23 11:11:34] [INFO] [rancher-gov.goe.go.kr] (269/0/269)
[2026-02-23 11:11:34] [INFO] [rancher-gov.goe.go.kr] 응답시간 통계 - 최소: 9ms, 평균: 10ms, 최대: 17ms, P95: 11ms, P99: 12ms
[2026-02-23 11:11:34] [INFO] [38841fbe-5985-481c-9a6d-d0310520c2af.internal.kr4.postgres.rds.ngovc.com] 응답시간 통계 - 최소: 9ms, 평균: 10ms, 최대: 17ms, P95: 12ms, P99: 13ms
[2026-02-23 11:12:34] [INFO] [rancher-gov.goe.go.kr] (269/0/269)
[2026-02-23 11:12:34] [INFO] [38841fbe-5985-481c-9a6d-d0310520c2af.internal.kr4.postgres.rds.ngovc.com] (269/0/269)
[2026-02-23 11:12:34] [INFO] [rancher-gov.goe.go.kr] 응답시간 통계 - 최소: 9ms, 평균: 10ms, 최대: 13ms, P95: 11ms, P99: 13ms
[2026-02-23 11:12:34] [INFO] [38841fbe-5985-481c-9a6d-d0310520c2af.internal.kr4.postgres.rds.ngovc.com] 응답시간 통계 - 최소: 9ms, 평균: 10ms, 최대: 14ms, P95: 12ms, P99: 13ms
[2026-02-23 11:13:34] [INFO] [38841fbe-5985-481c-9a6d-d0310520c2af.internal.kr4.postgres.rds.ngovc.com] (268/0/268)
[2026-02-23 11:13:34] [INFO] [rancher-gov.goe.go.kr] (268/0/268)
[2026-02-23 11:13:34] [INFO] [38841fbe-5985-481c-9a6d-d0310520c2af.internal.kr4.postgres.rds.ngovc.com] 응답시간 통계 - 최소: 9ms, 평균: 10ms, 최대: 15ms, P95: 12ms, P99: 14ms
[2026-02-23 11:13:34] [INFO] [rancher-gov.goe.go.kr] 응답시간 통계 - 최소: 9ms, 평균: 10ms, 최대: 15ms, P95: 12ms, P99: 13ms
[2026-02-23 11:14:34] [INFO] [38841fbe-5985-481c-9a6d-d0310520c2af.internal.kr4.postgres.rds.ngovc.com] (270/0/270)
[2026-02-23 11:14:34] [INFO] [rancher-gov.goe.go.kr] (270/0/270)
[2026-02-23 11:14:34] [INFO] [38841fbe-5985-481c-9a6d-d0310520c2af.internal.kr4.postgres.rds.ngovc.com] 응답시간 통계 - 최소: 9ms, 평균: 10ms, 최대: 22ms, P95: 12ms, P99: 13ms
[2026-02-23 11:14:34] [INFO] [rancher-gov.goe.go.kr] 응답시간 통계 - 최소: 9ms, 평균: 10ms, 최대: 15ms, P95: 11ms, P99: 12ms
[2026-02-23 11:15:34] [INFO] [rancher-gov.goe.go.kr] (267/0/267)
[2026-02-23 11:15:34] [INFO] [38841fbe-5985-481c-9a6d-d0310520c2af.internal.kr4.postgres.rds.ngovc.com] (267/0/267)
[2026-02-23 11:15:34] [INFO] [rancher-gov.goe.go.kr] 응답시간 통계 - 최소: 9ms, 평균: 10ms, 최대: 18ms, P95: 12ms, P99: 13ms
[2026-02-23 11:15:34] [INFO] [38841fbe-5985-481c-9a6d-d0310520c2af.internal.kr4.postgres.rds.ngovc.com] 응답시간 통계 - 최소: 9ms, 평균: 10ms, 최대: 17ms, P95: 13ms, P99: 14ms
[2026-02-23 11:16:34] [INFO] [38841fbe-5985-481c-9a6d-d0310520c2af.internal.kr4.postgres.rds.ngovc.com] (269/0/269)
[2026-02-23 11:16:34] [INFO] [rancher-gov.goe.go.kr] (269/0/269)
[2026-02-23 11:16:34] [INFO] [38841fbe-5985-481c-9a6d-d0310520c2af.internal.kr4.postgres.rds.ngovc.com] 응답시간 통계 - 최소: 9ms, 평균: 10ms, 최대: 15ms, P95: 12ms, P99: 13ms
[2026-02-23 11:16:34] [INFO] [rancher-gov.goe.go.kr] 응답시간 통계 - 최소: 9ms, 평균: 10ms, 최대: 13ms, P95: 11ms, P99: 12ms
[2026-02-23 11:17:34] [INFO] [rancher-gov.goe.go.kr] (268/0/268)
[2026-02-23 11:17:34] [INFO] [rancher-gov.goe.go.kr] 응답시간 통계 - 최소: 9ms, 평균: 10ms, 최대: 16ms, P95: 12ms, P99: 13ms
[2026-02-23 11:17:34] [INFO] [38841fbe-5985-481c-9a6d-d0310520c2af.internal.kr4.postgres.rds.ngovc.com] (268/0/268)
[2026-02-23 11:17:34] [INFO] [38841fbe-5985-481c-9a6d-d0310520c2af.internal.kr4.postgres.rds.ngovc.com] 응답시간 통계 - 최소: 9ms, 평균: 10ms, 최대: 15ms, P95: 12ms, P99: 14ms
[2026-02-23 11:18:34] [INFO] [rancher-gov.goe.go.kr] (268/0/268)
[2026-02-23 11:18:34] [INFO] [38841fbe-5985-481c-9a6d-d0310520c2af.internal.kr4.postgres.rds.ngovc.com] (268/0/268)
[2026-02-23 11:18:34] [INFO] [rancher-gov.goe.go.kr] 응답시간 통계 - 최소: 9ms, 평균: 10ms, 최대: 15ms, P95: 12ms, P99: 13ms
[2026-02-23 11:18:34] [INFO] [38841fbe-5985-481c-9a6d-d0310520c2af.internal.kr4.postgres.rds.ngovc.com] 응답시간 통계 - 최소: 9ms, 평균: 10ms, 최대: 15ms, P95: 12ms, P99: 13ms
[2026-02-23 11:19:34] [INFO] [38841fbe-5985-481c-9a6d-d0310520c2af.internal.kr4.postgres.rds.ngovc.com] (269/0/269)
[2026-02-23 11:19:34] [INFO] [rancher-gov.goe.go.kr] (269/0/269)
[2026-02-23 11:19:34] [INFO] [38841fbe-5985-481c-9a6d-d0310520c2af.internal.kr4.postgres.rds.ngovc.com] 응답시간 통계 - 최소: 9ms, 평균: 10ms, 최대: 15ms, P95: 12ms, P99: 13ms
[2026-02-23 11:19:34] [INFO] [rancher-gov.goe.go.kr] 응답시간 통계 - 최소: 9ms, 평균: 10ms, 최대: 14ms, P95: 12ms, P99: 13ms
[2026-02-23 11:20:34] [INFO] [38841fbe-5985-481c-9a6d-d0310520c2af.internal.kr4.postgres.rds.ngovc.com] (268/0/268)
[2026-02-23 11:20:34] [INFO] [rancher-gov.goe.go.kr] (268/0/268)
[2026-02-23 11:20:34] [INFO] [rancher-gov.goe.go.kr] 응답시간 통계 - 최소: 9ms, 평균: 10ms, 최대: 44ms, P95: 12ms, P99: 15ms
[2026-02-23 11:20:34] [INFO] [38841fbe-5985-481c-9a6d-d0310520c2af.internal.kr4.postgres.rds.ngovc.com] 응답시간 통계 - 최소: 9ms, 평균: 10ms, 최대: 45ms, P95: 12ms, P99: 14ms
[2026-02-23 11:21:34] [INFO] [rancher-gov.goe.go.kr] (267/0/267)
[2026-02-23 11:21:34] [INFO] [38841fbe-5985-481c-9a6d-d0310520c2af.internal.kr4.postgres.rds.ngovc.com] (267/0/267)
[2026-02-23 11:21:34] [INFO] [rancher-gov.goe.go.kr] 응답시간 통계 - 최소: 9ms, 평균: 10ms, 최대: 14ms, P95: 12ms, P99: 13ms
[2026-02-23 11:21:34] [INFO] [38841fbe-5985-481c-9a6d-d0310520c2af.internal.kr4.postgres.rds.ngovc.com] 응답시간 통계 - 최소: 9ms, 평균: 10ms, 최대: 16ms, P95: 12ms, P99: 13ms
[2026-02-23 11:22:34] [INFO] [rancher-gov.goe.go.kr] (269/0/269)
[2026-02-23 11:22:34] [INFO] [38841fbe-5985-481c-9a6d-d0310520c2af.internal.kr4.postgres.rds.ngovc.com] (269/0/269)
[2026-02-23 11:22:34] [INFO] [rancher-gov.goe.go.kr] 응답시간 통계 - 최소: 9ms, 평균: 10ms, 최대: 18ms, P95: 12ms, P99: 13ms
[2026-02-23 11:22:34] [INFO] [38841fbe-5985-481c-9a6d-d0310520c2af.internal.kr4.postgres.rds.ngovc.com] 응답시간 통계 - 최소: 9ms, 평균: 10ms, 최대: 16ms, P95: 12ms, P99: 14ms
[2026-02-23 11:23:34] [INFO] [38841fbe-5985-481c-9a6d-d0310520c2af.internal.kr4.postgres.rds.ngovc.com] (269/0/269)
[2026-02-23 11:23:34] [INFO] [rancher-gov.goe.go.kr] (269/0/269)
[2026-02-23 11:23:34] [INFO] [38841fbe-5985-481c-9a6d-d0310520c2af.internal.kr4.postgres.rds.ngovc.com] 응답시간 통계 - 최소: 9ms, 평균: 10ms, 최대: 13ms, P95: 12ms, P99: 13ms
[2026-02-23 11:23:34] [INFO] [rancher-gov.goe.go.kr] 응답시간 통계 - 최소: 9ms, 평균: 10ms, 최대: 13ms, P95: 12ms, P99: 13ms
[2026-02-23 11:24:34] [INFO] [rancher-gov.goe.go.kr] (268/0/268)
[2026-02-23 11:24:34] [INFO] [38841fbe-5985-481c-9a6d-d0310520c2af.internal.kr4.postgres.rds.ngovc.com] (268/0/268)
[2026-02-23 11:24:34] [INFO] [rancher-gov.goe.go.kr] 응답시간 통계 - 최소: 9ms, 평균: 10ms, 최대: 15ms, P95: 12ms, P99: 14ms
[2026-02-23 11:24:34] [INFO] [38841fbe-5985-481c-9a6d-d0310520c2af.internal.kr4.postgres.rds.ngovc.com] 응답시간 통계 - 최소: 9ms, 평균: 10ms, 최대: 15ms, P95: 12ms, P99: 14ms
[2026-02-23 11:25:34] [INFO] [38841fbe-5985-481c-9a6d-d0310520c2af.internal.kr4.postgres.rds.ngovc.com] (268/0/268)
[2026-02-23 11:25:34] [INFO] [rancher-gov.goe.go.kr] (268/0/268)
[2026-02-23 11:25:34] [INFO] [38841fbe-5985-481c-9a6d-d0310520c2af.internal.kr4.postgres.rds.ngovc.com] 응답시간 통계 - 최소: 9ms, 평균: 10ms, 최대: 14ms, P95: 12ms, P99: 13ms
[2026-02-23 11:25:34] [INFO] [rancher-gov.goe.go.kr] 응답시간 통계 - 최소: 9ms, 평균: 10ms, 최대: 14ms, P95: 12ms, P99: 14ms
[2026-02-23 11:26:34] [INFO] [rancher-gov.goe.go.kr] (268/0/268)
[2026-02-23 11:26:34] [INFO] [38841fbe-5985-481c-9a6d-d0310520c2af.internal.kr4.postgres.rds.ngovc.com] (268/0/268)
[2026-02-23 11:26:34] [INFO] [rancher-gov.goe.go.kr] 응답시간 통계 - 최소: 9ms, 평균: 10ms, 최대: 13ms, P95: 12ms, P99: 13ms
[2026-02-23 11:26:34] [INFO] [38841fbe-5985-481c-9a6d-d0310520c2af.internal.kr4.postgres.rds.ngovc.com] 응답시간 통계 - 최소: 9ms, 평균: 10ms, 최대: 15ms, P95: 12ms, P99: 13ms
[2026-02-23 11:27:34] [INFO] [rancher-gov.goe.go.kr] (268/0/268)
[2026-02-23 11:27:34] [INFO] [rancher-gov.goe.go.kr] 응답시간 통계 - 최소: 9ms, 평균: 10ms, 최대: 14ms, P95: 12ms, P99: 13ms
[2026-02-23 11:27:34] [INFO] [38841fbe-5985-481c-9a6d-d0310520c2af.internal.kr4.postgres.rds.ngovc.com] (268/0/268)
[2026-02-23 11:27:34] [INFO] [38841fbe-5985-481c-9a6d-d0310520c2af.internal.kr4.postgres.rds.ngovc.com] 응답시간 통계 - 최소: 9ms, 평균: 10ms, 최대: 15ms, P95: 12ms, P99: 14ms
[2026-02-23 11:28:34] [INFO] [rancher-gov.goe.go.kr] (268/0/268)
[2026-02-23 11:28:34] [INFO] [38841fbe-5985-481c-9a6d-d0310520c2af.internal.kr4.postgres.rds.ngovc.com] (268/0/268)
[2026-02-23 11:28:34] [INFO] [rancher-gov.goe.go.kr] 응답시간 통계 - 최소: 9ms, 평균: 10ms, 최대: 13ms, P95: 11ms, P99: 13ms
[2026-02-23 11:28:34] [INFO] [38841fbe-5985-481c-9a6d-d0310520c2af.internal.kr4.postgres.rds.ngovc.com] 응답시간 통계 - 최소: 9ms, 평균: 10ms, 최대: 15ms, P95: 12ms, P99: 14ms
[2026-02-23 11:29:34] [INFO] [rancher-gov.goe.go.kr] (269/0/269)
[2026-02-23 11:29:34] [INFO] [38841fbe-5985-481c-9a6d-d0310520c2af.internal.kr4.postgres.rds.ngovc.com] (269/0/269)
[2026-02-23 11:29:34] [INFO] [rancher-gov.goe.go.kr] 응답시간 통계 - 최소: 9ms, 평균: 10ms, 최대: 37ms, P95: 12ms, P99: 13ms
[2026-02-23 11:29:34] [INFO] [38841fbe-5985-481c-9a6d-d0310520c2af.internal.kr4.postgres.rds.ngovc.com] 응답시간 통계 - 최소: 9ms, 평균: 10ms, 최대: 37ms, P95: 12ms, P99: 13ms
[2026-02-23 11:30:34] [INFO] [38841fbe-5985-481c-9a6d-d0310520c2af.internal.kr4.postgres.rds.ngovc.com] (267/0/267)
[2026-02-23 11:30:34] [INFO] [38841fbe-5985-481c-9a6d-d0310520c2af.internal.kr4.postgres.rds.ngovc.com] 응답시간 통계 - 최소: 9ms, 평균: 10ms, 최대: 15ms, P95: 12ms, P99: 14ms
[2026-02-23 11:30:34] [INFO] [rancher-gov.goe.go.kr] (267/0/267)
[2026-02-23 11:30:34] [INFO] [rancher-gov.goe.go.kr] 응답시간 통계 - 최소: 9ms, 평균: 10ms, 최대: 15ms, P95: 12ms, P99: 13ms
[2026-02-23 11:31:34] [INFO] [rancher-gov.goe.go.kr] (268/0/268)
[2026-02-23 11:31:34] [INFO] [38841fbe-5985-481c-9a6d-d0310520c2af.internal.kr4.postgres.rds.ngovc.com] (268/0/268)
[2026-02-23 11:31:34] [INFO] [38841fbe-5985-481c-9a6d-d0310520c2af.internal.kr4.postgres.rds.ngovc.com] 응답시간 통계 - 최소: 9ms, 평균: 10ms, 최대: 15ms, P95: 12ms, P99: 13ms
[2026-02-23 11:31:34] [INFO] [rancher-gov.goe.go.kr] 응답시간 통계 - 최소: 9ms, 평균: 10ms, 최대: 14ms, P95: 12ms, P99: 13ms
[2026-02-23 11:32:34] [INFO] [rancher-gov.goe.go.kr] (268/0/268)
[2026-02-23 11:32:34] [INFO] [38841fbe-5985-481c-9a6d-d0310520c2af.internal.kr4.postgres.rds.ngovc.com] (268/0/268)
[2026-02-23 11:32:34] [INFO] [rancher-gov.goe.go.kr] 응답시간 통계 - 최소: 10ms, 평균: 10ms, 최대: 14ms, P95: 12ms, P99: 14ms
[2026-02-23 11:32:34] [INFO] [38841fbe-5985-481c-9a6d-d0310520c2af.internal.kr4.postgres.rds.ngovc.com] 응답시간 통계 - 최소: 9ms, 평균: 10ms, 최대: 15ms, P95: 12ms, P99: 13ms
[2026-02-23 11:33:34] [INFO] [rancher-gov.goe.go.kr] (268/0/268)
[2026-02-23 11:33:34] [INFO] [38841fbe-5985-481c-9a6d-d0310520c2af.internal.kr4.postgres.rds.ngovc.com] (268/0/268)
[2026-02-23 11:33:34] [INFO] [rancher-gov.goe.go.kr] 응답시간 통계 - 최소: 9ms, 평균: 10ms, 최대: 14ms, P95: 12ms, P99: 13ms
[2026-02-23 11:33:34] [INFO] [38841fbe-5985-481c-9a6d-d0310520c2af.internal.kr4.postgres.rds.ngovc.com] 응답시간 통계 - 최소: 9ms, 평균: 10ms, 최대: 17ms, P95: 12ms, P99: 13ms
[2026-02-23 11:34:34] [INFO] [38841fbe-5985-481c-9a6d-d0310520c2af.internal.kr4.postgres.rds.ngovc.com] (267/0/267)
[2026-02-23 11:34:34] [INFO] [38841fbe-5985-481c-9a6d-d0310520c2af.internal.kr4.postgres.rds.ngovc.com] 응답시간 통계 - 최소: 9ms, 평균: 10ms, 최대: 15ms, P95: 13ms, P99: 14ms
[2026-02-23 11:34:34] [INFO] [rancher-gov.goe.go.kr] (268/0/268)
[2026-02-23 11:34:34] [INFO] [rancher-gov.goe.go.kr] 응답시간 통계 - 최소: 9ms, 평균: 10ms, 최대: 15ms, P95: 12ms, P99: 13ms
[2026-02-23 11:35:34] [INFO] [38841fbe-5985-481c-9a6d-d0310520c2af.internal.kr4.postgres.rds.ngovc.com] (268/0/268)
[2026-02-23 11:35:34] [INFO] [38841fbe-5985-481c-9a6d-d0310520c2af.internal.kr4.postgres.rds.ngovc.com] 응답시간 통계 - 최소: 9ms, 평균: 10ms, 최대: 14ms, P95: 12ms, P99: 14ms
[2026-02-23 11:35:34] [INFO] [rancher-gov.goe.go.kr] (267/0/267)
[2026-02-23 11:35:34] [INFO] [rancher-gov.goe.go.kr] 응답시간 통계 - 최소: 9ms, 평균: 10ms, 최대: 14ms, P95: 12ms, P99: 13ms
[2026-02-23 11:36:34] [INFO] [38841fbe-5985-481c-9a6d-d0310520c2af.internal.kr4.postgres.rds.ngovc.com] (267/0/267)
[2026-02-23 11:36:34] [INFO] [38841fbe-5985-481c-9a6d-d0310520c2af.internal.kr4.postgres.rds.ngovc.com] 응답시간 통계 - 최소: 9ms, 평균: 10ms, 최대: 14ms, P95: 13ms, P99: 14ms
[2026-02-23 11:36:34] [INFO] [rancher-gov.goe.go.kr] (268/0/268)
[2026-02-23 11:36:34] [INFO] [rancher-gov.goe.go.kr] 응답시간 통계 - 최소: 9ms, 평균: 10ms, 최대: 18ms, P95: 12ms, P99: 13ms
[2026-02-23 11:37:34] [INFO] [rancher-gov.goe.go.kr] (267/0/267)
[2026-02-23 11:37:34] [INFO] [38841fbe-5985-481c-9a6d-d0310520c2af.internal.kr4.postgres.rds.ngovc.com] (268/0/268)
[2026-02-23 11:37:34] [INFO] [rancher-gov.goe.go.kr] 응답시간 통계 - 최소: 9ms, 평균: 10ms, 최대: 20ms, P95: 12ms, P99: 13ms
[2026-02-23 11:37:34] [INFO] [38841fbe-5985-481c-9a6d-d0310520c2af.internal.kr4.postgres.rds.ngovc.com] 응답시간 통계 - 최소: 9ms, 평균: 10ms, 최대: 14ms, P95: 12ms, P99: 14ms
[2026-02-23 11:38:34] [INFO] [38841fbe-5985-481c-9a6d-d0310520c2af.internal.kr4.postgres.rds.ngovc.com] (268/0/268)
[2026-02-23 11:38:34] [INFO] [rancher-gov.goe.go.kr] (268/0/268)
[2026-02-23 11:38:34] [INFO] [38841fbe-5985-481c-9a6d-d0310520c2af.internal.kr4.postgres.rds.ngovc.com] 응답시간 통계 - 최소: 9ms, 평균: 10ms, 최대: 17ms, P95: 12ms, P99: 13ms
[2026-02-23 11:38:34] [INFO] [rancher-gov.goe.go.kr] 응답시간 통계 - 최소: 9ms, 평균: 10ms, 최대: 18ms, P95: 12ms, P99: 14ms
[2026-02-23 11:39:34] [INFO] [rancher-gov.goe.go.kr] (268/0/268)
[2026-02-23 11:39:34] [INFO] [38841fbe-5985-481c-9a6d-d0310520c2af.internal.kr4.postgres.rds.ngovc.com] (268/0/268)
[2026-02-23 11:39:34] [INFO] [rancher-gov.goe.go.kr] 응답시간 통계 - 최소: 8ms, 평균: 10ms, 최대: 28ms, P95: 12ms, P99: 14ms
[2026-02-23 11:39:34] [INFO] [38841fbe-5985-481c-9a6d-d0310520c2af.internal.kr4.postgres.rds.ngovc.com] 응답시간 통계 - 최소: 9ms, 평균: 10ms, 최대: 15ms, P95: 12ms, P99: 14ms
[2026-02-23 11:40:34] [INFO] [rancher-gov.goe.go.kr] (268/0/268)
[2026-02-23 11:40:34] [INFO] [rancher-gov.goe.go.kr] 응답시간 통계 - 최소: 9ms, 평균: 10ms, 최대: 14ms, P95: 12ms, P99: 13ms
[2026-02-23 11:40:34] [INFO] [38841fbe-5985-481c-9a6d-d0310520c2af.internal.kr4.postgres.rds.ngovc.com] (268/0/268)
[2026-02-23 11:40:34] [INFO] [38841fbe-5985-481c-9a6d-d0310520c2af.internal.kr4.postgres.rds.ngovc.com] 응답시간 통계 - 최소: 9ms, 평균: 10ms, 최대: 15ms, P95: 12ms, P99: 14ms
[2026-02-23 11:41:34] [INFO] [rancher-gov.goe.go.kr] (268/0/268)
[2026-02-23 11:41:34] [INFO] [38841fbe-5985-481c-9a6d-d0310520c2af.internal.kr4.postgres.rds.ngovc.com] (268/0/268)
[2026-02-23 11:41:34] [INFO] [rancher-gov.goe.go.kr] 응답시간 통계 - 최소: 9ms, 평균: 10ms, 최대: 15ms, P95: 12ms, P99: 13ms
[2026-02-23 11:41:34] [INFO] [38841fbe-5985-481c-9a6d-d0310520c2af.internal.kr4.postgres.rds.ngovc.com] 응답시간 통계 - 최소: 9ms, 평균: 10ms, 최대: 15ms, P95: 12ms, P99: 14ms
[2026-02-23 11:42:34] [INFO] [rancher-gov.goe.go.kr] (268/0/268)
[2026-02-23 11:42:34] [INFO] [38841fbe-5985-481c-9a6d-d0310520c2af.internal.kr4.postgres.rds.ngovc.com] (268/0/268)
[2026-02-23 11:42:34] [INFO] [rancher-gov.goe.go.kr] 응답시간 통계 - 최소: 9ms, 평균: 10ms, 최대: 14ms, P95: 12ms, P99: 13ms
[2026-02-23 11:42:34] [INFO] [38841fbe-5985-481c-9a6d-d0310520c2af.internal.kr4.postgres.rds.ngovc.com] 응답시간 통계 - 최소: 9ms, 평균: 10ms, 최대: 16ms, P95: 13ms, P99: 14ms
[2026-02-23 11:43:34] [INFO] [38841fbe-5985-481c-9a6d-d0310520c2af.internal.kr4.postgres.rds.ngovc.com] (268/0/268)
[2026-02-23 11:43:34] [INFO] [rancher-gov.goe.go.kr] (268/0/268)
[2026-02-23 11:43:34] [INFO] [rancher-gov.goe.go.kr] 응답시간 통계 - 최소: 9ms, 평균: 10ms, 최대: 18ms, P95: 12ms, P99: 13ms
[2026-02-23 11:43:34] [INFO] [38841fbe-5985-481c-9a6d-d0310520c2af.internal.kr4.postgres.rds.ngovc.com] 응답시간 통계 - 최소: 9ms, 평균: 10ms, 최대: 18ms, P95: 12ms, P99: 13ms
[2026-02-23 11:44:34] [INFO] [rancher-gov.goe.go.kr] (268/0/268)
[2026-02-23 11:44:34] [INFO] [38841fbe-5985-481c-9a6d-d0310520c2af.internal.kr4.postgres.rds.ngovc.com] (268/0/268)
[2026-02-23 11:44:34] [INFO] [rancher-gov.goe.go.kr] 응답시간 통계 - 최소: 9ms, 평균: 10ms, 최대: 14ms, P95: 12ms, P99: 13ms
[2026-02-23 11:44:34] [INFO] [38841fbe-5985-481c-9a6d-d0310520c2af.internal.kr4.postgres.rds.ngovc.com] 응답시간 통계 - 최소: 9ms, 평균: 10ms, 최대: 16ms, P95: 12ms, P99: 14ms
[2026-02-23 11:45:34] [INFO] [rancher-gov.goe.go.kr] (267/0/267)
[2026-02-23 11:45:34] [INFO] [38841fbe-5985-481c-9a6d-d0310520c2af.internal.kr4.postgres.rds.ngovc.com] (267/0/267)
[2026-02-23 11:45:34] [INFO] [rancher-gov.goe.go.kr] 응답시간 통계 - 최소: 9ms, 평균: 10ms, 최대: 31ms, P95: 12ms, P99: 13ms
[2026-02-23 11:45:34] [INFO] [38841fbe-5985-481c-9a6d-d0310520c2af.internal.kr4.postgres.rds.ngovc.com] 응답시간 통계 - 최소: 9ms, 평균: 10ms, 최대: 25ms, P95: 12ms, P99: 14ms
[2026-02-23 11:46:34] [INFO] [rancher-gov.goe.go.kr] (268/0/268)
[2026-02-23 11:46:34] [INFO] [38841fbe-5985-481c-9a6d-d0310520c2af.internal.kr4.postgres.rds.ngovc.com] (268/0/268)
[2026-02-23 11:46:34] [INFO] [rancher-gov.goe.go.kr] 응답시간 통계 - 최소: 10ms, 평균: 10ms, 최대: 13ms, P95: 12ms, P99: 12ms
[2026-02-23 11:46:34] [INFO] [38841fbe-5985-481c-9a6d-d0310520c2af.internal.kr4.postgres.rds.ngovc.com] 응답시간 통계 - 최소: 9ms, 평균: 10ms, 최대: 15ms, P95: 12ms, P99: 13ms
[2026-02-23 11:47:34] [INFO] [38841fbe-5985-481c-9a6d-d0310520c2af.internal.kr4.postgres.rds.ngovc.com] (267/0/267)
[2026-02-23 11:47:34] [INFO] [38841fbe-5985-481c-9a6d-d0310520c2af.internal.kr4.postgres.rds.ngovc.com] 응답시간 통계 - 최소: 9ms, 평균: 10ms, 최대: 15ms, P95: 13ms, P99: 14ms
[2026-02-23 11:47:34] [INFO] [rancher-gov.goe.go.kr] (267/0/267)
[2026-02-23 11:47:34] [INFO] [rancher-gov.goe.go.kr] 응답시간 통계 - 최소: 9ms, 평균: 10ms, 최대: 17ms, P95: 12ms, P99: 14ms
[2026-02-23 11:48:34] [INFO] [rancher-gov.goe.go.kr] (268/0/268)
[2026-02-23 11:48:34] [INFO] [38841fbe-5985-481c-9a6d-d0310520c2af.internal.kr4.postgres.rds.ngovc.com] (268/0/268)
[2026-02-23 11:48:34] [INFO] [rancher-gov.goe.go.kr] 응답시간 통계 - 최소: 9ms, 평균: 10ms, 최대: 15ms, P95: 12ms, P99: 13ms
[2026-02-23 11:48:34] [INFO] [38841fbe-5985-481c-9a6d-d0310520c2af.internal.kr4.postgres.rds.ngovc.com] 응답시간 통계 - 최소: 9ms, 평균: 10ms, 최대: 16ms, P95: 12ms, P99: 14ms
[2026-02-23 11:49:34] [INFO] [rancher-gov.goe.go.kr] (268/0/268)
[2026-02-23 11:49:34] [INFO] [38841fbe-5985-481c-9a6d-d0310520c2af.internal.kr4.postgres.rds.ngovc.com] (268/0/268)
[2026-02-23 11:49:34] [INFO] [rancher-gov.goe.go.kr] 응답시간 통계 - 최소: 9ms, 평균: 10ms, 최대: 14ms, P95: 12ms, P99: 13ms
[2026-02-23 11:49:34] [INFO] [38841fbe-5985-481c-9a6d-d0310520c2af.internal.kr4.postgres.rds.ngovc.com] 응답시간 통계 - 최소: 9ms, 평균: 10ms, 최대: 15ms, P95: 12ms, P99: 14ms
[2026-02-23 11:50:34] [INFO] [38841fbe-5985-481c-9a6d-d0310520c2af.internal.kr4.postgres.rds.ngovc.com] (267/0/267)
[2026-02-23 11:50:34] [INFO] [rancher-gov.goe.go.kr] (267/0/267)
[2026-02-23 11:50:34] [INFO] [38841fbe-5985-481c-9a6d-d0310520c2af.internal.kr4.postgres.rds.ngovc.com] 응답시간 통계 - 최소: 9ms, 평균: 10ms, 최대: 15ms, P95: 12ms, P99: 14ms
[2026-02-23 11:50:34] [INFO] [rancher-gov.goe.go.kr] 응답시간 통계 - 최소: 9ms, 평균: 10ms, 최대: 13ms, P95: 12ms, P99: 13ms
[2026-02-23 11:51:34] [INFO] [rancher-gov.goe.go.kr] (267/0/267)
[2026-02-23 11:51:34] [INFO] [38841fbe-5985-481c-9a6d-d0310520c2af.internal.kr4.postgres.rds.ngovc.com] (267/0/267)
[2026-02-23 11:51:34] [INFO] [rancher-gov.goe.go.kr] 응답시간 통계 - 최소: 9ms, 평균: 10ms, 최대: 13ms, P95: 12ms, P99: 12ms
[2026-02-23 11:51:34] [INFO] [38841fbe-5985-481c-9a6d-d0310520c2af.internal.kr4.postgres.rds.ngovc.com] 응답시간 통계 - 최소: 9ms, 평균: 10ms, 최대: 16ms, P95: 12ms, P99: 14ms
[2026-02-23 11:52:34] [INFO] [rancher-gov.goe.go.kr] (267/0/267)
[2026-02-23 11:52:34] [INFO] [rancher-gov.goe.go.kr] 응답시간 통계 - 최소: 9ms, 평균: 10ms, 최대: 15ms, P95: 12ms, P99: 13ms
[2026-02-23 11:52:34] [INFO] [38841fbe-5985-481c-9a6d-d0310520c2af.internal.kr4.postgres.rds.ngovc.com] (267/0/267)
[2026-02-23 11:52:34] [INFO] [38841fbe-5985-481c-9a6d-d0310520c2af.internal.kr4.postgres.rds.ngovc.com] 응답시간 통계 - 최소: 9ms, 평균: 11ms, 최대: 15ms, P95: 12ms, P99: 14ms
[2026-02-23 11:53:34] [INFO] [rancher-gov.goe.go.kr] (267/0/267)
[2026-02-23 11:53:34] [INFO] [rancher-gov.goe.go.kr] 응답시간 통계 - 최소: 9ms, 평균: 10ms, 최대: 19ms, P95: 12ms, P99: 14ms
[2026-02-23 11:53:34] [INFO] [38841fbe-5985-481c-9a6d-d0310520c2af.internal.kr4.postgres.rds.ngovc.com] (267/0/267)
[2026-02-23 11:53:34] [INFO] [38841fbe-5985-481c-9a6d-d0310520c2af.internal.kr4.postgres.rds.ngovc.com] 응답시간 통계 - 최소: 9ms, 평균: 11ms, 최대: 18ms, P95: 13ms, P99: 15ms
[2026-02-23 11:54:34] [INFO] [rancher-gov.goe.go.kr] (268/0/268)
[2026-02-23 11:54:34] [INFO] [38841fbe-5985-481c-9a6d-d0310520c2af.internal.kr4.postgres.rds.ngovc.com] (268/0/268)
[2026-02-23 11:54:34] [INFO] [rancher-gov.goe.go.kr] 응답시간 통계 - 최소: 9ms, 평균: 10ms, 최대: 14ms, P95: 12ms, P99: 13ms
[2026-02-23 11:54:34] [INFO] [38841fbe-5985-481c-9a6d-d0310520c2af.internal.kr4.postgres.rds.ngovc.com] 응답시간 통계 - 최소: 9ms, 평균: 10ms, 최대: 15ms, P95: 12ms, P99: 13ms
[2026-02-23 11:55:34] [INFO] [rancher-gov.goe.go.kr] (271/0/271)
[2026-02-23 11:55:34] [INFO] [rancher-gov.goe.go.kr] 응답시간 통계 - 최소: 9ms, 평균: 10ms, 최대: 19ms, P95: 11ms, P99: 12ms
[2026-02-23 11:55:34] [INFO] [38841fbe-5985-481c-9a6d-d0310520c2af.internal.kr4.postgres.rds.ngovc.com] (271/0/271)
[2026-02-23 11:55:34] [INFO] [38841fbe-5985-481c-9a6d-d0310520c2af.internal.kr4.postgres.rds.ngovc.com] 응답시간 통계 - 최소: 9ms, 평균: 10ms, 최대: 14ms, P95: 12ms, P99: 13ms
[2026-02-23 11:56:34] [INFO] [38841fbe-5985-481c-9a6d-d0310520c2af.internal.kr4.postgres.rds.ngovc.com] (268/0/268)
[2026-02-23 11:56:34] [INFO] [rancher-gov.goe.go.kr] (268/0/268)
[2026-02-23 11:56:34] [INFO] [rancher-gov.goe.go.kr] 응답시간 통계 - 최소: 9ms, 평균: 10ms, 최대: 13ms, P95: 12ms, P99: 13ms
[2026-02-23 11:56:34] [INFO] [38841fbe-5985-481c-9a6d-d0310520c2af.internal.kr4.postgres.rds.ngovc.com] 응답시간 통계 - 최소: 9ms, 평균: 10ms, 최대: 15ms, P95: 12ms, P99: 14ms
[2026-02-23 11:57:34] [INFO] [rancher-gov.goe.go.kr] (269/0/269)
[2026-02-23 11:57:34] [INFO] [38841fbe-5985-481c-9a6d-d0310520c2af.internal.kr4.postgres.rds.ngovc.com] (269/0/269)
[2026-02-23 11:57:34] [INFO] [rancher-gov.goe.go.kr] 응답시간 통계 - 최소: 9ms, 평균: 10ms, 최대: 18ms, P95: 12ms, P99: 13ms
[2026-02-23 11:57:34] [INFO] [38841fbe-5985-481c-9a6d-d0310520c2af.internal.kr4.postgres.rds.ngovc.com] 응답시간 통계 - 최소: 9ms, 평균: 10ms, 최대: 17ms, P95: 12ms, P99: 13ms
[2026-02-23 11:58:34] [INFO] [rancher-gov.goe.go.kr] (267/0/267)
[2026-02-23 11:58:34] [INFO] [38841fbe-5985-481c-9a6d-d0310520c2af.internal.kr4.postgres.rds.ngovc.com] (267/0/267)
[2026-02-23 11:58:34] [INFO] [rancher-gov.goe.go.kr] 응답시간 통계 - 최소: 9ms, 평균: 10ms, 최대: 18ms, P95: 12ms, P99: 14ms
[2026-02-23 11:58:34] [INFO] [38841fbe-5985-481c-9a6d-d0310520c2af.internal.kr4.postgres.rds.ngovc.com] 응답시간 통계 - 최소: 9ms, 평균: 10ms, 최대: 18ms, P95: 12ms, P99: 13ms
[2026-02-23 11:59:34] [INFO] [38841fbe-5985-481c-9a6d-d0310520c2af.internal.kr4.postgres.rds.ngovc.com] (269/0/269)
[2026-02-23 11:59:34] [INFO] [rancher-gov.goe.go.kr] (269/0/269)
[2026-02-23 11:59:34] [INFO] [38841fbe-5985-481c-9a6d-d0310520c2af.internal.kr4.postgres.rds.ngovc.com] 응답시간 통계 - 최소: 8ms, 평균: 10ms, 최대: 17ms, P95: 13ms, P99: 14ms
[2026-02-23 11:59:34] [INFO] [rancher-gov.goe.go.kr] 응답시간 통계 - 최소: 9ms, 평균: 10ms, 최대: 15ms, P95: 12ms, P99: 13ms
[2026-02-23 12:00:34] [INFO] [rancher-gov.goe.go.kr] (267/0/267)
[2026-02-23 12:00:34] [INFO] [38841fbe-5985-481c-9a6d-d0310520c2af.internal.kr4.postgres.rds.ngovc.com] (267/0/267)
[2026-02-23 12:00:34] [INFO] [rancher-gov.goe.go.kr] 응답시간 통계 - 최소: 9ms, 평균: 10ms, 최대: 16ms, P95: 12ms, P99: 14ms
[2026-02-23 12:00:34] [INFO] [38841fbe-5985-481c-9a6d-d0310520c2af.internal.kr4.postgres.rds.ngovc.com] 응답시간 통계 - 최소: 9ms, 평균: 10ms, 최대: 16ms, P95: 13ms, P99: 14ms
[2026-02-23 12:01:34] [INFO] [38841fbe-5985-481c-9a6d-d0310520c2af.internal.kr4.postgres.rds.ngovc.com] (268/0/268)
[2026-02-23 12:01:34] [INFO] [rancher-gov.goe.go.kr] (268/0/268)
[2026-02-23 12:01:34] [INFO] [38841fbe-5985-481c-9a6d-d0310520c2af.internal.kr4.postgres.rds.ngovc.com] 응답시간 통계 - 최소: 9ms, 평균: 10ms, 최대: 15ms, P95: 12ms, P99: 14ms
[2026-02-23 12:01:34] [INFO] [rancher-gov.goe.go.kr] 응답시간 통계 - 최소: 9ms, 평균: 10ms, 최대: 15ms, P95: 12ms, P99: 13ms
[2026-02-23 12:02:34] [INFO] [rancher-gov.goe.go.kr] (268/0/268)
[2026-02-23 12:02:34] [INFO] [38841fbe-5985-481c-9a6d-d0310520c2af.internal.kr4.postgres.rds.ngovc.com] (268/0/268)
[2026-02-23 12:02:34] [INFO] [rancher-gov.goe.go.kr] 응답시간 통계 - 최소: 9ms, 평균: 10ms, 최대: 14ms, P95: 12ms, P99: 14ms
[2026-02-23 12:02:34] [INFO] [38841fbe-5985-481c-9a6d-d0310520c2af.internal.kr4.postgres.rds.ngovc.com] 응답시간 통계 - 최소: 9ms, 평균: 10ms, 최대: 19ms, P95: 13ms, P99: 15ms
[2026-02-23 12:03:34] [INFO] [38841fbe-5985-481c-9a6d-d0310520c2af.internal.kr4.postgres.rds.ngovc.com] (267/0/267)
[2026-02-23 12:03:34] [INFO] [rancher-gov.goe.go.kr] (267/0/267)
[2026-02-23 12:03:34] [INFO] [38841fbe-5985-481c-9a6d-d0310520c2af.internal.kr4.postgres.rds.ngovc.com] 응답시간 통계 - 최소: 9ms, 평균: 10ms, 최대: 15ms, P95: 12ms, P99: 14ms
[2026-02-23 12:03:34] [INFO] [rancher-gov.goe.go.kr] 응답시간 통계 - 최소: 9ms, 평균: 10ms, 최대: 13ms, P95: 12ms, P99: 13ms
[2026-02-23 12:04:34] [INFO] [38841fbe-5985-481c-9a6d-d0310520c2af.internal.kr4.postgres.rds.ngovc.com] (268/0/268)
[2026-02-23 12:04:34] [INFO] [rancher-gov.goe.go.kr] (268/0/268)
[2026-02-23 12:04:34] [INFO] [38841fbe-5985-481c-9a6d-d0310520c2af.internal.kr4.postgres.rds.ngovc.com] 응답시간 통계 - 최소: 9ms, 평균: 10ms, 최대: 16ms, P95: 12ms, P99: 13ms
[2026-02-23 12:04:34] [INFO] [rancher-gov.goe.go.kr] 응답시간 통계 - 최소: 9ms, 평균: 10ms, 최대: 15ms, P95: 12ms, P99: 13ms
[2026-02-23 12:05:34] [INFO] [rancher-gov.goe.go.kr] (268/0/268)
[2026-02-23 12:05:34] [INFO] [rancher-gov.goe.go.kr] 응답시간 통계 - 최소: 9ms, 평균: 10ms, 최대: 19ms, P95: 12ms, P99: 14ms
[2026-02-23 12:05:34] [INFO] [38841fbe-5985-481c-9a6d-d0310520c2af.internal.kr4.postgres.rds.ngovc.com] (268/0/268)
[2026-02-23 12:05:34] [INFO] [38841fbe-5985-481c-9a6d-d0310520c2af.internal.kr4.postgres.rds.ngovc.com] 응답시간 통계 - 최소: 9ms, 평균: 10ms, 최대: 20ms, P95: 13ms, P99: 15ms
[2026-02-23 12:06:34] [INFO] [rancher-gov.goe.go.kr] (267/0/267)
[2026-02-23 12:06:34] [INFO] [38841fbe-5985-481c-9a6d-d0310520c2af.internal.kr4.postgres.rds.ngovc.com] (267/0/267)
[2026-02-23 12:06:34] [INFO] [rancher-gov.goe.go.kr] 응답시간 통계 - 최소: 9ms, 평균: 10ms, 최대: 15ms, P95: 12ms, P99: 14ms
[2026-02-23 12:06:34] [INFO] [38841fbe-5985-481c-9a6d-d0310520c2af.internal.kr4.postgres.rds.ngovc.com] 응답시간 통계 - 최소: 9ms, 평균: 10ms, 최대: 15ms, P95: 12ms, P99: 13ms
[2026-02-23 12:07:34] [INFO] [rancher-gov.goe.go.kr] (268/0/268)
[2026-02-23 12:07:34] [INFO] [38841fbe-5985-481c-9a6d-d0310520c2af.internal.kr4.postgres.rds.ngovc.com] (268/0/268)
[2026-02-23 12:07:34] [INFO] [rancher-gov.goe.go.kr] 응답시간 통계 - 최소: 9ms, 평균: 10ms, 최대: 19ms, P95: 13ms, P99: 15ms
[2026-02-23 12:07:34] [INFO] [38841fbe-5985-481c-9a6d-d0310520c2af.internal.kr4.postgres.rds.ngovc.com] 응답시간 통계 - 최소: 9ms, 평균: 10ms, 최대: 19ms, P95: 12ms, P99: 15ms
[2026-02-23 12:08:34] [INFO] [rancher-gov.goe.go.kr] (267/0/267)
[2026-02-23 12:08:34] [INFO] [38841fbe-5985-481c-9a6d-d0310520c2af.internal.kr4.postgres.rds.ngovc.com] (267/0/267)
[2026-02-23 12:08:34] [INFO] [rancher-gov.goe.go.kr] 응답시간 통계 - 최소: 9ms, 평균: 10ms, 최대: 14ms, P95: 12ms, P99: 14ms
[2026-02-23 12:08:34] [INFO] [38841fbe-5985-481c-9a6d-d0310520c2af.internal.kr4.postgres.rds.ngovc.com] 응답시간 통계 - 최소: 9ms, 평균: 10ms, 최대: 18ms, P95: 12ms, P99: 14ms
[2026-02-23 12:09:34] [INFO] [rancher-gov.goe.go.kr] (268/0/268)
[2026-02-23 12:09:34] [INFO] [38841fbe-5985-481c-9a6d-d0310520c2af.internal.kr4.postgres.rds.ngovc.com] (268/0/268)
[2026-02-23 12:09:34] [INFO] [rancher-gov.goe.go.kr] 응답시간 통계 - 최소: 9ms, 평균: 10ms, 최대: 14ms, P95: 12ms, P99: 13ms
[2026-02-23 12:09:34] [INFO] [38841fbe-5985-481c-9a6d-d0310520c2af.internal.kr4.postgres.rds.ngovc.com] 응답시간 통계 - 최소: 9ms, 평균: 10ms, 최대: 16ms, P95: 12ms, P99: 14ms
[2026-02-23 12:10:34] [INFO] [rancher-gov.goe.go.kr] (267/0/267)
[2026-02-23 12:10:34] [INFO] [38841fbe-5985-481c-9a6d-d0310520c2af.internal.kr4.postgres.rds.ngovc.com] (267/0/267)
[2026-02-23 12:10:34] [INFO] [rancher-gov.goe.go.kr] 응답시간 통계 - 최소: 9ms, 평균: 10ms, 최대: 14ms, P95: 12ms, P99: 13ms
[2026-02-23 12:10:34] [INFO] [38841fbe-5985-481c-9a6d-d0310520c2af.internal.kr4.postgres.rds.ngovc.com] 응답시간 통계 - 최소: 9ms, 평균: 10ms, 최대: 15ms, P95: 12ms, P99: 13ms
[2026-02-23 12:11:34] [INFO] [38841fbe-5985-481c-9a6d-d0310520c2af.internal.kr4.postgres.rds.ngovc.com] (269/0/269)
[2026-02-23 12:11:34] [INFO] [rancher-gov.goe.go.kr] (269/0/269)
[2026-02-23 12:11:34] [INFO] [38841fbe-5985-481c-9a6d-d0310520c2af.internal.kr4.postgres.rds.ngovc.com] 응답시간 통계 - 최소: 9ms, 평균: 10ms, 최대: 15ms, P95: 12ms, P99: 13ms
[2026-02-23 12:11:34] [INFO] [rancher-gov.goe.go.kr] 응답시간 통계 - 최소: 9ms, 평균: 10ms, 최대: 14ms, P95: 12ms, P99: 13ms
[2026-02-23 12:12:34] [INFO] [rancher-gov.goe.go.kr] (267/0/267)
[2026-02-23 12:12:34] [INFO] [38841fbe-5985-481c-9a6d-d0310520c2af.internal.kr4.postgres.rds.ngovc.com] (267/0/267)
[2026-02-23 12:12:34] [INFO] [rancher-gov.goe.go.kr] 응답시간 통계 - 최소: 9ms, 평균: 10ms, 최대: 20ms, P95: 12ms, P99: 14ms
[2026-02-23 12:12:34] [INFO] [38841fbe-5985-481c-9a6d-d0310520c2af.internal.kr4.postgres.rds.ngovc.com] 응답시간 통계 - 최소: 9ms, 평균: 10ms, 최대: 15ms, P95: 12ms, P99: 14ms
[2026-02-23 12:13:34] [INFO] [rancher-gov.goe.go.kr] (268/0/268)
[2026-02-23 12:13:34] [INFO] [rancher-gov.goe.go.kr] 응답시간 통계 - 최소: 9ms, 평균: 10ms, 최대: 15ms, P95: 12ms, P99: 13ms
[2026-02-23 12:13:34] [INFO] [38841fbe-5985-481c-9a6d-d0310520c2af.internal.kr4.postgres.rds.ngovc.com] (268/0/268)
[2026-02-23 12:13:34] [INFO] [38841fbe-5985-481c-9a6d-d0310520c2af.internal.kr4.postgres.rds.ngovc.com] 응답시간 통계 - 최소: 9ms, 평균: 10ms, 최대: 15ms, P95: 12ms, P99: 14ms
[2026-02-23 12:14:34] [INFO] [rancher-gov.goe.go.kr] (268/0/268)
[2026-02-23 12:14:34] [INFO] [38841fbe-5985-481c-9a6d-d0310520c2af.internal.kr4.postgres.rds.ngovc.com] (268/0/268)
[2026-02-23 12:14:34] [INFO] [rancher-gov.goe.go.kr] 응답시간 통계 - 최소: 9ms, 평균: 10ms, 최대: 15ms, P95: 11ms, P99: 13ms
[2026-02-23 12:14:34] [INFO] [38841fbe-5985-481c-9a6d-d0310520c2af.internal.kr4.postgres.rds.ngovc.com] 응답시간 통계 - 최소: 9ms, 평균: 10ms, 최대: 16ms, P95: 12ms, P99: 14ms
[2026-02-23 12:15:34] [INFO] [38841fbe-5985-481c-9a6d-d0310520c2af.internal.kr4.postgres.rds.ngovc.com] (268/0/268)
[2026-02-23 12:15:34] [INFO] [rancher-gov.goe.go.kr] (268/0/268)
[2026-02-23 12:15:34] [INFO] [38841fbe-5985-481c-9a6d-d0310520c2af.internal.kr4.postgres.rds.ngovc.com] 응답시간 통계 - 최소: 9ms, 평균: 10ms, 최대: 15ms, P95: 12ms, P99: 14ms
[2026-02-23 12:15:34] [INFO] [rancher-gov.goe.go.kr] 응답시간 통계 - 최소: 9ms, 평균: 10ms, 최대: 19ms, P95: 12ms, P99: 13ms
[2026-02-23 12:16:34] [INFO] [38841fbe-5985-481c-9a6d-d0310520c2af.internal.kr4.postgres.rds.ngovc.com] (267/0/267)
[2026-02-23 12:16:34] [INFO] [rancher-gov.goe.go.kr] (267/0/267)
[2026-02-23 12:16:34] [INFO] [38841fbe-5985-481c-9a6d-d0310520c2af.internal.kr4.postgres.rds.ngovc.com] 응답시간 통계 - 최소: 9ms, 평균: 10ms, 최대: 17ms, P95: 12ms, P99: 15ms
[2026-02-23 12:16:34] [INFO] [rancher-gov.goe.go.kr] 응답시간 통계 - 최소: 9ms, 평균: 10ms, 최대: 19ms, P95: 12ms, P99: 13ms
[2026-02-23 12:17:34] [INFO] [rancher-gov.goe.go.kr] (269/0/269)
[2026-02-23 12:17:34] [INFO] [38841fbe-5985-481c-9a6d-d0310520c2af.internal.kr4.postgres.rds.ngovc.com] (269/0/269)
[2026-02-23 12:17:34] [INFO] [rancher-gov.goe.go.kr] 응답시간 통계 - 최소: 9ms, 평균: 10ms, 최대: 13ms, P95: 11ms, P99: 12ms
[2026-02-23 12:17:34] [INFO] [38841fbe-5985-481c-9a6d-d0310520c2af.internal.kr4.postgres.rds.ngovc.com] 응답시간 통계 - 최소: 9ms, 평균: 10ms, 최대: 17ms, P95: 12ms, P99: 14ms
[2026-02-23 12:18:34] [INFO] [38841fbe-5985-481c-9a6d-d0310520c2af.internal.kr4.postgres.rds.ngovc.com] (269/0/269)
[2026-02-23 12:18:34] [INFO] [rancher-gov.goe.go.kr] (269/0/269)
[2026-02-23 12:18:34] [INFO] [38841fbe-5985-481c-9a6d-d0310520c2af.internal.kr4.postgres.rds.ngovc.com] 응답시간 통계 - 최소: 9ms, 평균: 10ms, 최대: 16ms, P95: 12ms, P99: 14ms
[2026-02-23 12:18:34] [INFO] [rancher-gov.goe.go.kr] 응답시간 통계 - 최소: 9ms, 평균: 10ms, 최대: 13ms, P95: 12ms, P99: 13ms
[2026-02-23 12:19:34] [INFO] [38841fbe-5985-481c-9a6d-d0310520c2af.internal.kr4.postgres.rds.ngovc.com] (269/0/269)
[2026-02-23 12:19:34] [INFO] [rancher-gov.goe.go.kr] (269/0/269)
[2026-02-23 12:19:34] [INFO] [38841fbe-5985-481c-9a6d-d0310520c2af.internal.kr4.postgres.rds.ngovc.com] 응답시간 통계 - 최소: 9ms, 평균: 10ms, 최대: 17ms, P95: 12ms, P99: 13ms
[2026-02-23 12:19:34] [INFO] [rancher-gov.goe.go.kr] 응답시간 통계 - 최소: 9ms, 평균: 10ms, 최대: 13ms, P95: 11ms, P99: 12ms
[2026-02-23 12:20:34] [INFO] [rancher-gov.goe.go.kr] (268/0/268)
[2026-02-23 12:20:34] [INFO] [rancher-gov.goe.go.kr] 응답시간 통계 - 최소: 9ms, 평균: 10ms, 최대: 19ms, P95: 12ms, P99: 13ms
[2026-02-23 12:20:34] [INFO] [38841fbe-5985-481c-9a6d-d0310520c2af.internal.kr4.postgres.rds.ngovc.com] (268/0/268)
[2026-02-23 12:20:34] [INFO] [38841fbe-5985-481c-9a6d-d0310520c2af.internal.kr4.postgres.rds.ngovc.com] 응답시간 통계 - 최소: 9ms, 평균: 10ms, 최대: 19ms, P95: 12ms, P99: 15ms
[2026-02-23 12:21:34] [INFO] [rancher-gov.goe.go.kr] (267/0/267)
[2026-02-23 12:21:34] [INFO] [rancher-gov.goe.go.kr] 응답시간 통계 - 최소: 9ms, 평균: 10ms, 최대: 14ms, P95: 12ms, P99: 13ms
[2026-02-23 12:21:34] [INFO] [38841fbe-5985-481c-9a6d-d0310520c2af.internal.kr4.postgres.rds.ngovc.com] (267/0/267)
[2026-02-23 12:21:34] [INFO] [38841fbe-5985-481c-9a6d-d0310520c2af.internal.kr4.postgres.rds.ngovc.com] 응답시간 통계 - 최소: 9ms, 평균: 10ms, 최대: 15ms, P95: 13ms, P99: 14ms
[2026-02-23 12:22:34] [INFO] [rancher-gov.goe.go.kr] (268/0/268)
[2026-02-23 12:22:34] [INFO] [rancher-gov.goe.go.kr] 응답시간 통계 - 최소: 9ms, 평균: 10ms, 최대: 13ms, P95: 12ms, P99: 12ms
[2026-02-23 12:22:34] [INFO] [38841fbe-5985-481c-9a6d-d0310520c2af.internal.kr4.postgres.rds.ngovc.com] (268/0/268)
[2026-02-23 12:22:34] [INFO] [38841fbe-5985-481c-9a6d-d0310520c2af.internal.kr4.postgres.rds.ngovc.com] 응답시간 통계 - 최소: 9ms, 평균: 10ms, 최대: 13ms, P95: 12ms, P99: 13ms
[2026-02-23 12:23:34] [INFO] [rancher-gov.goe.go.kr] (268/0/268)
[2026-02-23 12:23:34] [INFO] [38841fbe-5985-481c-9a6d-d0310520c2af.internal.kr4.postgres.rds.ngovc.com] (268/0/268)
[2026-02-23 12:23:34] [INFO] [rancher-gov.goe.go.kr] 응답시간 통계 - 최소: 9ms, 평균: 10ms, 최대: 15ms, P95: 12ms, P99: 13ms
[2026-02-23 12:23:34] [INFO] [38841fbe-5985-481c-9a6d-d0310520c2af.internal.kr4.postgres.rds.ngovc.com] 응답시간 통계 - 최소: 9ms, 평균: 10ms, 최대: 21ms, P95: 12ms, P99: 14ms
[2026-02-23 12:24:34] [INFO] [38841fbe-5985-481c-9a6d-d0310520c2af.internal.kr4.postgres.rds.ngovc.com] (267/0/267)
[2026-02-23 12:24:34] [INFO] [rancher-gov.goe.go.kr] (267/0/267)
[2026-02-23 12:24:34] [INFO] [38841fbe-5985-481c-9a6d-d0310520c2af.internal.kr4.postgres.rds.ngovc.com] 응답시간 통계 - 최소: 9ms, 평균: 10ms, 최대: 16ms, P95: 12ms, P99: 14ms
[2026-02-23 12:24:34] [INFO] [rancher-gov.goe.go.kr] 응답시간 통계 - 최소: 9ms, 평균: 10ms, 최대: 14ms, P95: 12ms, P99: 13ms
[2026-02-23 12:25:34] [INFO] [38841fbe-5985-481c-9a6d-d0310520c2af.internal.kr4.postgres.rds.ngovc.com] (269/0/269)
[2026-02-23 12:25:34] [INFO] [rancher-gov.goe.go.kr] (269/0/269)
[2026-02-23 12:25:34] [INFO] [38841fbe-5985-481c-9a6d-d0310520c2af.internal.kr4.postgres.rds.ngovc.com] 응답시간 통계 - 최소: 9ms, 평균: 10ms, 최대: 14ms, P95: 12ms, P99: 14ms
[2026-02-23 12:25:34] [INFO] [rancher-gov.goe.go.kr] 응답시간 통계 - 최소: 9ms, 평균: 10ms, 최대: 14ms, P95: 12ms, P99: 12ms
[2026-02-23 12:26:34] [INFO] [rancher-gov.goe.go.kr] (268/0/268)
[2026-02-23 12:26:34] [INFO] [rancher-gov.goe.go.kr] 응답시간 통계 - 최소: 9ms, 평균: 10ms, 최대: 20ms, P95: 12ms, P99: 13ms
[2026-02-23 12:26:34] [INFO] [38841fbe-5985-481c-9a6d-d0310520c2af.internal.kr4.postgres.rds.ngovc.com] (268/0/268)
[2026-02-23 12:26:34] [INFO] [38841fbe-5985-481c-9a6d-d0310520c2af.internal.kr4.postgres.rds.ngovc.com] 응답시간 통계 - 최소: 9ms, 평균: 10ms, 최대: 17ms, P95: 12ms, P99: 13ms
[2026-02-23 12:27:34] [INFO] [rancher-gov.goe.go.kr] (267/0/267)
[2026-02-23 12:27:34] [INFO] [38841fbe-5985-481c-9a6d-d0310520c2af.internal.kr4.postgres.rds.ngovc.com] (267/0/267)
[2026-02-23 12:27:34] [INFO] [rancher-gov.goe.go.kr] 응답시간 통계 - 최소: 9ms, 평균: 10ms, 최대: 15ms, P95: 12ms, P99: 13ms
[2026-02-23 12:27:34] [INFO] [38841fbe-5985-481c-9a6d-d0310520c2af.internal.kr4.postgres.rds.ngovc.com] 응답시간 통계 - 최소: 9ms, 평균: 10ms, 최대: 16ms, P95: 13ms, P99: 15ms
[2026-02-23 12:28:34] [INFO] [38841fbe-5985-481c-9a6d-d0310520c2af.internal.kr4.postgres.rds.ngovc.com] (268/0/268)
[2026-02-23 12:28:34] [INFO] [rancher-gov.goe.go.kr] (268/0/268)
[2026-02-23 12:28:34] [INFO] [38841fbe-5985-481c-9a6d-d0310520c2af.internal.kr4.postgres.rds.ngovc.com] 응답시간 통계 - 최소: 9ms, 평균: 10ms, 최대: 15ms, P95: 12ms, P99: 13ms
[2026-02-23 12:28:34] [INFO] [rancher-gov.goe.go.kr] 응답시간 통계 - 최소: 9ms, 평균: 10ms, 최대: 13ms, P95: 12ms, P99: 13ms
[2026-02-23 12:29:34] [INFO] [rancher-gov.goe.go.kr] (268/0/268)
[2026-02-23 12:29:34] [INFO] [rancher-gov.goe.go.kr] 응답시간 통계 - 최소: 9ms, 평균: 10ms, 최대: 14ms, P95: 12ms, P99: 14ms
[2026-02-23 12:29:34] [INFO] [38841fbe-5985-481c-9a6d-d0310520c2af.internal.kr4.postgres.rds.ngovc.com] (268/0/268)
[2026-02-23 12:29:34] [INFO] [38841fbe-5985-481c-9a6d-d0310520c2af.internal.kr4.postgres.rds.ngovc.com] 응답시간 통계 - 최소: 9ms, 평균: 10ms, 최대: 15ms, P95: 13ms, P99: 14ms
[2026-02-23 12:30:34] [INFO] [rancher-gov.goe.go.kr] (268/0/268)
[2026-02-23 12:30:34] [INFO] [38841fbe-5985-481c-9a6d-d0310520c2af.internal.kr4.postgres.rds.ngovc.com] (268/0/268)
[2026-02-23 12:30:34] [INFO] [rancher-gov.goe.go.kr] 응답시간 통계 - 최소: 9ms, 평균: 10ms, 최대: 13ms, P95: 12ms, P99: 13ms
[2026-02-23 12:30:34] [INFO] [38841fbe-5985-481c-9a6d-d0310520c2af.internal.kr4.postgres.rds.ngovc.com] 응답시간 통계 - 최소: 9ms, 평균: 10ms, 최대: 15ms, P95: 13ms, P99: 14ms
[2026-02-23 12:31:34] [INFO] [rancher-gov.goe.go.kr] (269/0/269)
[2026-02-23 12:31:34] [INFO] [38841fbe-5985-481c-9a6d-d0310520c2af.internal.kr4.postgres.rds.ngovc.com] (269/0/269)
[2026-02-23 12:31:34] [INFO] [rancher-gov.goe.go.kr] 응답시간 통계 - 최소: 9ms, 평균: 10ms, 최대: 14ms, P95: 11ms, P99: 13ms
[2026-02-23 12:31:34] [INFO] [38841fbe-5985-481c-9a6d-d0310520c2af.internal.kr4.postgres.rds.ngovc.com] 응답시간 통계 - 최소: 9ms, 평균: 10ms, 최대: 14ms, P95: 12ms, P99: 13ms
[2026-02-23 12:32:34] [INFO] [rancher-gov.goe.go.kr] (268/0/268)
[2026-02-23 12:32:34] [INFO] [38841fbe-5985-481c-9a6d-d0310520c2af.internal.kr4.postgres.rds.ngovc.com] (268/0/268)
[2026-02-23 12:32:34] [INFO] [rancher-gov.goe.go.kr] 응답시간 통계 - 최소: 9ms, 평균: 10ms, 최대: 14ms, P95: 12ms, P99: 13ms
[2026-02-23 12:32:34] [INFO] [38841fbe-5985-481c-9a6d-d0310520c2af.internal.kr4.postgres.rds.ngovc.com] 응답시간 통계 - 최소: 9ms, 평균: 10ms, 최대: 15ms, P95: 12ms, P99: 14ms
[2026-02-23 12:33:34] [INFO] [rancher-gov.goe.go.kr] (268/0/268)
[2026-02-23 12:33:34] [INFO] [38841fbe-5985-481c-9a6d-d0310520c2af.internal.kr4.postgres.rds.ngovc.com] (268/0/268)
[2026-02-23 12:33:34] [INFO] [rancher-gov.goe.go.kr] 응답시간 통계 - 최소: 9ms, 평균: 10ms, 최대: 15ms, P95: 12ms, P99: 13ms
[2026-02-23 12:33:34] [INFO] [38841fbe-5985-481c-9a6d-d0310520c2af.internal.kr4.postgres.rds.ngovc.com] 응답시간 통계 - 최소: 9ms, 평균: 10ms, 최대: 16ms, P95: 13ms, P99: 14ms
[2026-02-23 12:34:34] [INFO] [rancher-gov.goe.go.kr] (266/0/266)
[2026-02-23 12:34:34] [INFO] [38841fbe-5985-481c-9a6d-d0310520c2af.internal.kr4.postgres.rds.ngovc.com] (266/0/266)
[2026-02-23 12:34:34] [INFO] [rancher-gov.goe.go.kr] 응답시간 통계 - 최소: 9ms, 평균: 11ms, 최대: 193ms, P95: 12ms, P99: 14ms
[2026-02-23 12:34:34] [INFO] [38841fbe-5985-481c-9a6d-d0310520c2af.internal.kr4.postgres.rds.ngovc.com] 응답시간 통계 - 최소: 9ms, 평균: 11ms, 최대: 152ms, P95: 13ms, P99: 15ms
[2026-02-23 12:35:34] [INFO] [rancher-gov.goe.go.kr] (268/0/268)
[2026-02-23 12:35:34] [INFO] [38841fbe-5985-481c-9a6d-d0310520c2af.internal.kr4.postgres.rds.ngovc.com] (268/0/268)
[2026-02-23 12:35:34] [INFO] [rancher-gov.goe.go.kr] 응답시간 통계 - 최소: 9ms, 평균: 10ms, 최대: 15ms, P95: 12ms, P99: 14ms
[2026-02-23 12:35:34] [INFO] [38841fbe-5985-481c-9a6d-d0310520c2af.internal.kr4.postgres.rds.ngovc.com] 응답시간 통계 - 최소: 9ms, 평균: 10ms, 최대: 16ms, P95: 12ms, P99: 14ms
[2026-02-23 12:36:34] [INFO] [rancher-gov.goe.go.kr] (268/0/268)
[2026-02-23 12:36:34] [INFO] [38841fbe-5985-481c-9a6d-d0310520c2af.internal.kr4.postgres.rds.ngovc.com] (268/0/268)
[2026-02-23 12:36:34] [INFO] [rancher-gov.goe.go.kr] 응답시간 통계 - 최소: 9ms, 평균: 10ms, 최대: 14ms, P95: 12ms, P99: 13ms
[2026-02-23 12:36:34] [INFO] [38841fbe-5985-481c-9a6d-d0310520c2af.internal.kr4.postgres.rds.ngovc.com] 응답시간 통계 - 최소: 9ms, 평균: 10ms, 최대: 15ms, P95: 13ms, P99: 15ms
[2026-02-23 12:37:34] [INFO] [rancher-gov.goe.go.kr] (269/0/269)
[2026-02-23 12:37:34] [INFO] [rancher-gov.goe.go.kr] 응답시간 통계 - 최소: 9ms, 평균: 10ms, 최대: 12ms, P95: 11ms, P99: 12ms
[2026-02-23 12:37:34] [INFO] [38841fbe-5985-481c-9a6d-d0310520c2af.internal.kr4.postgres.rds.ngovc.com] (269/0/269)
[2026-02-23 12:37:34] [INFO] [38841fbe-5985-481c-9a6d-d0310520c2af.internal.kr4.postgres.rds.ngovc.com] 응답시간 통계 - 최소: 9ms, 평균: 10ms, 최대: 13ms, P95: 11ms, P99: 12ms
[2026-02-23 12:38:34] [INFO] [38841fbe-5985-481c-9a6d-d0310520c2af.internal.kr4.postgres.rds.ngovc.com] (270/0/270)
[2026-02-23 12:38:34] [INFO] [rancher-gov.goe.go.kr] (270/0/270)
[2026-02-23 12:38:34] [INFO] [38841fbe-5985-481c-9a6d-d0310520c2af.internal.kr4.postgres.rds.ngovc.com] 응답시간 통계 - 최소: 8ms, 평균: 10ms, 최대: 14ms, P95: 12ms, P99: 13ms
[2026-02-23 12:38:34] [INFO] [rancher-gov.goe.go.kr] 응답시간 통계 - 최소: 9ms, 평균: 10ms, 최대: 16ms, P95: 11ms, P99: 12ms
[2026-02-23 12:39:34] [INFO] [rancher-gov.goe.go.kr] (267/0/267)
[2026-02-23 12:39:34] [INFO] [rancher-gov.goe.go.kr] 응답시간 통계 - 최소: 9ms, 평균: 10ms, 최대: 14ms, P95: 12ms, P99: 13ms
[2026-02-23 12:39:34] [INFO] [38841fbe-5985-481c-9a6d-d0310520c2af.internal.kr4.postgres.rds.ngovc.com] (267/0/267)
[2026-02-23 12:39:34] [INFO] [38841fbe-5985-481c-9a6d-d0310520c2af.internal.kr4.postgres.rds.ngovc.com] 응답시간 통계 - 최소: 9ms, 평균: 10ms, 최대: 14ms, P95: 12ms, P99: 13ms
[2026-02-23 12:40:34] [INFO] [rancher-gov.goe.go.kr] (269/0/269)
[2026-02-23 12:40:34] [INFO] [rancher-gov.goe.go.kr] 응답시간 통계 - 최소: 9ms, 평균: 10ms, 최대: 14ms, P95: 12ms, P99: 13ms
[2026-02-23 12:40:34] [INFO] [38841fbe-5985-481c-9a6d-d0310520c2af.internal.kr4.postgres.rds.ngovc.com] (269/0/269)
[2026-02-23 12:40:34] [INFO] [38841fbe-5985-481c-9a6d-d0310520c2af.internal.kr4.postgres.rds.ngovc.com] 응답시간 통계 - 최소: 9ms, 평균: 10ms, 최대: 15ms, P95: 12ms, P99: 14ms
[2026-02-23 12:41:34] [INFO] [rancher-gov.goe.go.kr] (267/0/267)
[2026-02-23 12:41:34] [INFO] [rancher-gov.goe.go.kr] 응답시간 통계 - 최소: 9ms, 평균: 10ms, 최대: 14ms, P95: 12ms, P99: 13ms
[2026-02-23 12:41:34] [INFO] [38841fbe-5985-481c-9a6d-d0310520c2af.internal.kr4.postgres.rds.ngovc.com] (267/0/267)
[2026-02-23 12:41:34] [INFO] [38841fbe-5985-481c-9a6d-d0310520c2af.internal.kr4.postgres.rds.ngovc.com] 응답시간 통계 - 최소: 9ms, 평균: 10ms, 최대: 14ms, P95: 12ms, P99: 13ms
[2026-02-23 12:42:34] [INFO] [38841fbe-5985-481c-9a6d-d0310520c2af.internal.kr4.postgres.rds.ngovc.com] (267/0/267)
[2026-02-23 12:42:34] [INFO] [rancher-gov.goe.go.kr] (267/0/267)
[2026-02-23 12:42:34] [INFO] [38841fbe-5985-481c-9a6d-d0310520c2af.internal.kr4.postgres.rds.ngovc.com] 응답시간 통계 - 최소: 9ms, 평균: 10ms, 최대: 15ms, P95: 12ms, P99: 14ms
[2026-02-23 12:42:34] [INFO] [rancher-gov.goe.go.kr] 응답시간 통계 - 최소: 9ms, 평균: 10ms, 최대: 15ms, P95: 12ms, P99: 13ms
[2026-02-23 12:43:34] [INFO] [rancher-gov.goe.go.kr] (269/0/269)
[2026-02-23 12:43:34] [INFO] [38841fbe-5985-481c-9a6d-d0310520c2af.internal.kr4.postgres.rds.ngovc.com] (269/0/269)
[2026-02-23 12:43:34] [INFO] [rancher-gov.goe.go.kr] 응답시간 통계 - 최소: 9ms, 평균: 10ms, 최대: 14ms, P95: 12ms, P99: 13ms
[2026-02-23 12:43:34] [INFO] [38841fbe-5985-481c-9a6d-d0310520c2af.internal.kr4.postgres.rds.ngovc.com] 응답시간 통계 - 최소: 9ms, 평균: 10ms, 최대: 16ms, P95: 12ms, P99: 13ms
[2026-02-23 12:44:34] [INFO] [rancher-gov.goe.go.kr] (267/0/267)
[2026-02-23 12:44:34] [INFO] [38841fbe-5985-481c-9a6d-d0310520c2af.internal.kr4.postgres.rds.ngovc.com] (267/0/267)
[2026-02-23 12:44:34] [INFO] [rancher-gov.goe.go.kr] 응답시간 통계 - 최소: 9ms, 평균: 10ms, 최대: 13ms, P95: 12ms, P99: 13ms
[2026-02-23 12:44:34] [INFO] [38841fbe-5985-481c-9a6d-d0310520c2af.internal.kr4.postgres.rds.ngovc.com] 응답시간 통계 - 최소: 9ms, 평균: 10ms, 최대: 15ms, P95: 12ms, P99: 14ms
[2026-02-23 12:45:34] [INFO] [38841fbe-5985-481c-9a6d-d0310520c2af.internal.kr4.postgres.rds.ngovc.com] (268/0/268)
[2026-02-23 12:45:34] [INFO] [38841fbe-5985-481c-9a6d-d0310520c2af.internal.kr4.postgres.rds.ngovc.com] 응답시간 통계 - 최소: 9ms, 평균: 10ms, 최대: 15ms, P95: 12ms, P99: 14ms
[2026-02-23 12:45:34] [INFO] [rancher-gov.goe.go.kr] (268/0/268)
[2026-02-23 12:45:34] [INFO] [rancher-gov.goe.go.kr] 응답시간 통계 - 최소: 9ms, 평균: 10ms, 최대: 15ms, P95: 12ms, P99: 13ms
[2026-02-23 12:46:34] [INFO] [38841fbe-5985-481c-9a6d-d0310520c2af.internal.kr4.postgres.rds.ngovc.com] (268/0/268)
[2026-02-23 12:46:34] [INFO] [rancher-gov.goe.go.kr] (268/0/268)
[2026-02-23 12:46:34] [INFO] [38841fbe-5985-481c-9a6d-d0310520c2af.internal.kr4.postgres.rds.ngovc.com] 응답시간 통계 - 최소: 9ms, 평균: 10ms, 최대: 15ms, P95: 12ms, P99: 14ms
[2026-02-23 12:46:34] [INFO] [rancher-gov.goe.go.kr] 응답시간 통계 - 최소: 9ms, 평균: 10ms, 최대: 14ms, P95: 12ms, P99: 12ms
[2026-02-23 12:47:34] [INFO] [rancher-gov.goe.go.kr] (267/0/267)
[2026-02-23 12:47:34] [INFO] [rancher-gov.goe.go.kr] 응답시간 통계 - 최소: 9ms, 평균: 10ms, 최대: 14ms, P95: 12ms, P99: 13ms
[2026-02-23 12:47:34] [INFO] [38841fbe-5985-481c-9a6d-d0310520c2af.internal.kr4.postgres.rds.ngovc.com] (267/0/267)
[2026-02-23 12:47:34] [INFO] [38841fbe-5985-481c-9a6d-d0310520c2af.internal.kr4.postgres.rds.ngovc.com] 응답시간 통계 - 최소: 9ms, 평균: 10ms, 최대: 14ms, P95: 12ms, P99: 13ms
[2026-02-23 12:48:34] [INFO] [38841fbe-5985-481c-9a6d-d0310520c2af.internal.kr4.postgres.rds.ngovc.com] (268/0/268)
[2026-02-23 12:48:34] [INFO] [38841fbe-5985-481c-9a6d-d0310520c2af.internal.kr4.postgres.rds.ngovc.com] 응답시간 통계 - 최소: 9ms, 평균: 10ms, 최대: 17ms, P95: 13ms, P99: 14ms
[2026-02-23 12:48:34] [INFO] [rancher-gov.goe.go.kr] (268/0/268)
[2026-02-23 12:48:34] [INFO] [rancher-gov.goe.go.kr] 응답시간 통계 - 최소: 9ms, 평균: 10ms, 최대: 16ms, P95: 12ms, P99: 13ms
[2026-02-23 12:49:34] [INFO] [rancher-gov.goe.go.kr] (268/0/268)
[2026-02-23 12:49:34] [INFO] [38841fbe-5985-481c-9a6d-d0310520c2af.internal.kr4.postgres.rds.ngovc.com] (268/0/268)
[2026-02-23 12:49:34] [INFO] [rancher-gov.goe.go.kr] 응답시간 통계 - 최소: 9ms, 평균: 10ms, 최대: 15ms, P95: 12ms, P99: 13ms
[2026-02-23 12:49:34] [INFO] [38841fbe-5985-481c-9a6d-d0310520c2af.internal.kr4.postgres.rds.ngovc.com] 응답시간 통계 - 최소: 9ms, 평균: 10ms, 최대: 15ms, P95: 12ms, P99: 14ms
[2026-02-23 12:50:34] [INFO] [rancher-gov.goe.go.kr] (267/0/267)
[2026-02-23 12:50:34] [INFO] [38841fbe-5985-481c-9a6d-d0310520c2af.internal.kr4.postgres.rds.ngovc.com] (267/0/267)
[2026-02-23 12:50:34] [INFO] [rancher-gov.goe.go.kr] 응답시간 통계 - 최소: 9ms, 평균: 10ms, 최대: 15ms, P95: 12ms, P99: 13ms
[2026-02-23 12:50:34] [INFO] [38841fbe-5985-481c-9a6d-d0310520c2af.internal.kr4.postgres.rds.ngovc.com] 응답시간 통계 - 최소: 9ms, 평균: 10ms, 최대: 14ms, P95: 12ms, P99: 13ms
[2026-02-23 12:51:34] [INFO] [38841fbe-5985-481c-9a6d-d0310520c2af.internal.kr4.postgres.rds.ngovc.com] (268/0/268)
[2026-02-23 12:51:34] [INFO] [rancher-gov.goe.go.kr] (268/0/268)
[2026-02-23 12:51:34] [INFO] [38841fbe-5985-481c-9a6d-d0310520c2af.internal.kr4.postgres.rds.ngovc.com] 응답시간 통계 - 최소: 9ms, 평균: 10ms, 최대: 15ms, P95: 12ms, P99: 14ms
[2026-02-23 12:51:34] [INFO] [rancher-gov.goe.go.kr] 응답시간 통계 - 최소: 9ms, 평균: 10ms, 최대: 14ms, P95: 12ms, P99: 12ms
[2026-02-23 12:52:34] [INFO] [38841fbe-5985-481c-9a6d-d0310520c2af.internal.kr4.postgres.rds.ngovc.com] (267/0/267)
[2026-02-23 12:52:34] [INFO] [rancher-gov.goe.go.kr] (267/0/267)
[2026-02-23 12:52:34] [INFO] [38841fbe-5985-481c-9a6d-d0310520c2af.internal.kr4.postgres.rds.ngovc.com] 응답시간 통계 - 최소: 9ms, 평균: 10ms, 최대: 15ms, P95: 12ms, P99: 14ms
[2026-02-23 12:52:34] [INFO] [rancher-gov.goe.go.kr] 응답시간 통계 - 최소: 9ms, 평균: 10ms, 최대: 15ms, P95: 12ms, P99: 13ms
[2026-02-23 12:53:34] [INFO] [38841fbe-5985-481c-9a6d-d0310520c2af.internal.kr4.postgres.rds.ngovc.com] (269/0/269)
[2026-02-23 12:53:34] [INFO] [rancher-gov.goe.go.kr] (269/0/269)
[2026-02-23 12:53:34] [INFO] [38841fbe-5985-481c-9a6d-d0310520c2af.internal.kr4.postgres.rds.ngovc.com] 응답시간 통계 - 최소: 9ms, 평균: 10ms, 최대: 15ms, P95: 12ms, P99: 14ms
[2026-02-23 12:53:34] [INFO] [rancher-gov.goe.go.kr] 응답시간 통계 - 최소: 9ms, 평균: 10ms, 최대: 14ms, P95: 11ms, P99: 13ms
[2026-02-23 12:54:34] [INFO] [38841fbe-5985-481c-9a6d-d0310520c2af.internal.kr4.postgres.rds.ngovc.com] (268/0/268)
[2026-02-23 12:54:34] [INFO] [rancher-gov.goe.go.kr] (268/0/268)
[2026-02-23 12:54:34] [INFO] [38841fbe-5985-481c-9a6d-d0310520c2af.internal.kr4.postgres.rds.ngovc.com] 응답시간 통계 - 최소: 9ms, 평균: 10ms, 최대: 15ms, P95: 12ms, P99: 13ms
[2026-02-23 12:54:34] [INFO] [rancher-gov.goe.go.kr] 응답시간 통계 - 최소: 9ms, 평균: 10ms, 최대: 14ms, P95: 12ms, P99: 13ms
[2026-02-23 12:55:34] [INFO] [38841fbe-5985-481c-9a6d-d0310520c2af.internal.kr4.postgres.rds.ngovc.com] (269/0/269)
[2026-02-23 12:55:34] [INFO] [rancher-gov.goe.go.kr] (269/0/269)
[2026-02-23 12:55:34] [INFO] [38841fbe-5985-481c-9a6d-d0310520c2af.internal.kr4.postgres.rds.ngovc.com] 응답시간 통계 - 최소: 9ms, 평균: 10ms, 최대: 14ms, P95: 12ms, P99: 13ms
[2026-02-23 12:55:34] [INFO] [rancher-gov.goe.go.kr] 응답시간 통계 - 최소: 9ms, 평균: 10ms, 최대: 14ms, P95: 11ms, P99: 12ms
[2026-02-23 12:56:34] [INFO] [rancher-gov.goe.go.kr] (268/0/268)
[2026-02-23 12:56:34] [INFO] [38841fbe-5985-481c-9a6d-d0310520c2af.internal.kr4.postgres.rds.ngovc.com] (268/0/268)
[2026-02-23 12:56:34] [INFO] [rancher-gov.goe.go.kr] 응답시간 통계 - 최소: 9ms, 평균: 10ms, 최대: 15ms, P95: 12ms, P99: 13ms
[2026-02-23 12:56:34] [INFO] [38841fbe-5985-481c-9a6d-d0310520c2af.internal.kr4.postgres.rds.ngovc.com] 응답시간 통계 - 최소: 8ms, 평균: 10ms, 최대: 15ms, P95: 12ms, P99: 13ms
[2026-02-23 12:57:34] [INFO] [38841fbe-5985-481c-9a6d-d0310520c2af.internal.kr4.postgres.rds.ngovc.com] (267/0/267)
[2026-02-23 12:57:34] [INFO] [rancher-gov.goe.go.kr] (267/0/267)
[2026-02-23 12:57:34] [INFO] [38841fbe-5985-481c-9a6d-d0310520c2af.internal.kr4.postgres.rds.ngovc.com] 응답시간 통계 - 최소: 9ms, 평균: 10ms, 최대: 15ms, P95: 13ms, P99: 14ms
[2026-02-23 12:57:34] [INFO] [rancher-gov.goe.go.kr] 응답시간 통계 - 최소: 9ms, 평균: 10ms, 최대: 14ms, P95: 12ms, P99: 14ms
[2026-02-23 12:58:34] [INFO] [rancher-gov.goe.go.kr] (268/0/268)
[2026-02-23 12:58:34] [INFO] [rancher-gov.goe.go.kr] 응답시간 통계 - 최소: 9ms, 평균: 10ms, 최대: 15ms, P95: 12ms, P99: 13ms
[2026-02-23 12:58:34] [INFO] [38841fbe-5985-481c-9a6d-d0310520c2af.internal.kr4.postgres.rds.ngovc.com] (268/0/268)
[2026-02-23 12:58:34] [INFO] [38841fbe-5985-481c-9a6d-d0310520c2af.internal.kr4.postgres.rds.ngovc.com] 응답시간 통계 - 최소: 9ms, 평균: 10ms, 최대: 14ms, P95: 12ms, P99: 13ms
[2026-02-23 12:59:34] [INFO] [38841fbe-5985-481c-9a6d-d0310520c2af.internal.kr4.postgres.rds.ngovc.com] (267/0/267)
[2026-02-23 12:59:34] [INFO] [rancher-gov.goe.go.kr] (267/0/267)
[2026-02-23 12:59:34] [INFO] [38841fbe-5985-481c-9a6d-d0310520c2af.internal.kr4.postgres.rds.ngovc.com] 응답시간 통계 - 최소: 9ms, 평균: 10ms, 최대: 15ms, P95: 12ms, P99: 14ms
[2026-02-23 12:59:34] [INFO] [rancher-gov.goe.go.kr] 응답시간 통계 - 최소: 9ms, 평균: 10ms, 최대: 14ms, P95: 12ms, P99: 13ms
[2026-02-23 13:00:34] [INFO] [38841fbe-5985-481c-9a6d-d0310520c2af.internal.kr4.postgres.rds.ngovc.com] (268/0/268)
[2026-02-23 13:00:34] [INFO] [rancher-gov.goe.go.kr] (268/0/268)
[2026-02-23 13:00:34] [INFO] [38841fbe-5985-481c-9a6d-d0310520c2af.internal.kr4.postgres.rds.ngovc.com] 응답시간 통계 - 최소: 9ms, 평균: 10ms, 최대: 14ms, P95: 12ms, P99: 13ms
[2026-02-23 13:00:34] [INFO] [rancher-gov.goe.go.kr] 응답시간 통계 - 최소: 9ms, 평균: 10ms, 최대: 15ms, P95: 12ms, P99: 13ms
[2026-02-23 13:01:34] [INFO] [38841fbe-5985-481c-9a6d-d0310520c2af.internal.kr4.postgres.rds.ngovc.com] (267/0/267)
[2026-02-23 13:01:34] [INFO] [rancher-gov.goe.go.kr] (267/0/267)
[2026-02-23 13:01:34] [INFO] [38841fbe-5985-481c-9a6d-d0310520c2af.internal.kr4.postgres.rds.ngovc.com] 응답시간 통계 - 최소: 9ms, 평균: 10ms, 최대: 20ms, P95: 13ms, P99: 14ms
[2026-02-23 13:01:34] [INFO] [rancher-gov.goe.go.kr] 응답시간 통계 - 최소: 9ms, 평균: 10ms, 최대: 13ms, P95: 12ms, P99: 12ms
[2026-02-23 13:02:34] [INFO] [38841fbe-5985-481c-9a6d-d0310520c2af.internal.kr4.postgres.rds.ngovc.com] (268/0/268)
[2026-02-23 13:02:34] [INFO] [rancher-gov.goe.go.kr] (268/0/268)
[2026-02-23 13:02:34] [INFO] [38841fbe-5985-481c-9a6d-d0310520c2af.internal.kr4.postgres.rds.ngovc.com] 응답시간 통계 - 최소: 9ms, 평균: 10ms, 최대: 18ms, P95: 12ms, P99: 13ms
[2026-02-23 13:02:34] [INFO] [rancher-gov.goe.go.kr] 응답시간 통계 - 최소: 9ms, 평균: 10ms, 최대: 19ms, P95: 12ms, P99: 13ms
[2026-02-23 13:03:34] [INFO] [rancher-gov.goe.go.kr] (267/0/267)
[2026-02-23 13:03:34] [INFO] [38841fbe-5985-481c-9a6d-d0310520c2af.internal.kr4.postgres.rds.ngovc.com] (267/0/267)
[2026-02-23 13:03:34] [INFO] [rancher-gov.goe.go.kr] 응답시간 통계 - 최소: 9ms, 평균: 10ms, 최대: 17ms, P95: 12ms, P99: 14ms
[2026-02-23 13:03:34] [INFO] [38841fbe-5985-481c-9a6d-d0310520c2af.internal.kr4.postgres.rds.ngovc.com] 응답시간 통계 - 최소: 9ms, 평균: 10ms, 최대: 19ms, P95: 12ms, P99: 14ms
[2026-02-23 13:04:34] [INFO] [rancher-gov.goe.go.kr] (268/0/268)
[2026-02-23 13:04:34] [INFO] [rancher-gov.goe.go.kr] 응답시간 통계 - 최소: 9ms, 평균: 10ms, 최대: 16ms, P95: 11ms, P99: 13ms
[2026-02-23 13:04:34] [INFO] [38841fbe-5985-481c-9a6d-d0310520c2af.internal.kr4.postgres.rds.ngovc.com] (268/0/268)
[2026-02-23 13:04:34] [INFO] [38841fbe-5985-481c-9a6d-d0310520c2af.internal.kr4.postgres.rds.ngovc.com] 응답시간 통계 - 최소: 8ms, 평균: 10ms, 최대: 14ms, P95: 12ms, P99: 13ms
[2026-02-23 13:05:34] [INFO] [rancher-gov.goe.go.kr] (267/0/267)
[2026-02-23 13:05:34] [INFO] [38841fbe-5985-481c-9a6d-d0310520c2af.internal.kr4.postgres.rds.ngovc.com] (267/0/267)
[2026-02-23 13:05:34] [INFO] [rancher-gov.goe.go.kr] 응답시간 통계 - 최소: 9ms, 평균: 10ms, 최대: 14ms, P95: 12ms, P99: 13ms
[2026-02-23 13:05:34] [INFO] [38841fbe-5985-481c-9a6d-d0310520c2af.internal.kr4.postgres.rds.ngovc.com] 응답시간 통계 - 최소: 9ms, 평균: 10ms, 최대: 16ms, P95: 13ms, P99: 13ms
[2026-02-23 13:06:34] [INFO] [rancher-gov.goe.go.kr] (269/0/269)
[2026-02-23 13:06:34] [INFO] [38841fbe-5985-481c-9a6d-d0310520c2af.internal.kr4.postgres.rds.ngovc.com] (269/0/269)
[2026-02-23 13:06:34] [INFO] [rancher-gov.goe.go.kr] 응답시간 통계 - 최소: 9ms, 평균: 10ms, 최대: 14ms, P95: 12ms, P99: 13ms
[2026-02-23 13:06:34] [INFO] [38841fbe-5985-481c-9a6d-d0310520c2af.internal.kr4.postgres.rds.ngovc.com] 응답시간 통계 - 최소: 9ms, 평균: 10ms, 최대: 16ms, P95: 12ms, P99: 14ms
[2026-02-23 13:07:34] [INFO] [rancher-gov.goe.go.kr] (268/0/268)
[2026-02-23 13:07:34] [INFO] [38841fbe-5985-481c-9a6d-d0310520c2af.internal.kr4.postgres.rds.ngovc.com] (268/0/268)
[2026-02-23 13:07:34] [INFO] [rancher-gov.goe.go.kr] 응답시간 통계 - 최소: 9ms, 평균: 10ms, 최대: 14ms, P95: 12ms, P99: 13ms
[2026-02-23 13:07:34] [INFO] [38841fbe-5985-481c-9a6d-d0310520c2af.internal.kr4.postgres.rds.ngovc.com] 응답시간 통계 - 최소: 9ms, 평균: 10ms, 최대: 14ms, P95: 12ms, P99: 13ms
[2026-02-23 13:08:34] [INFO] [rancher-gov.goe.go.kr] (268/0/268)
[2026-02-23 13:08:34] [INFO] [38841fbe-5985-481c-9a6d-d0310520c2af.internal.kr4.postgres.rds.ngovc.com] (268/0/268)
[2026-02-23 13:08:34] [INFO] [rancher-gov.goe.go.kr] 응답시간 통계 - 최소: 9ms, 평균: 10ms, 최대: 13ms, P95: 12ms, P99: 12ms
[2026-02-23 13:08:34] [INFO] [38841fbe-5985-481c-9a6d-d0310520c2af.internal.kr4.postgres.rds.ngovc.com] 응답시간 통계 - 최소: 8ms, 평균: 10ms, 최대: 14ms, P95: 12ms, P99: 13ms
[2026-02-23 13:09:34] [INFO] [rancher-gov.goe.go.kr] (267/0/267)
[2026-02-23 13:09:34] [INFO] [rancher-gov.goe.go.kr] 응답시간 통계 - 최소: 9ms, 평균: 10ms, 최대: 14ms, P95: 12ms, P99: 13ms
[2026-02-23 13:09:34] [INFO] [38841fbe-5985-481c-9a6d-d0310520c2af.internal.kr4.postgres.rds.ngovc.com] (267/0/267)
[2026-02-23 13:09:34] [INFO] [38841fbe-5985-481c-9a6d-d0310520c2af.internal.kr4.postgres.rds.ngovc.com] 응답시간 통계 - 최소: 9ms, 평균: 10ms, 최대: 18ms, P95: 12ms, P99: 14ms
[2026-02-23 13:10:34] [INFO] [rancher-gov.goe.go.kr] (270/0/270)
[2026-02-23 13:10:34] [INFO] [rancher-gov.goe.go.kr] 응답시간 통계 - 최소: 9ms, 평균: 10ms, 최대: 15ms, P95: 11ms, P99: 12ms
[2026-02-23 13:10:34] [INFO] [38841fbe-5985-481c-9a6d-d0310520c2af.internal.kr4.postgres.rds.ngovc.com] (270/0/270)
[2026-02-23 13:10:34] [INFO] [38841fbe-5985-481c-9a6d-d0310520c2af.internal.kr4.postgres.rds.ngovc.com] 응답시간 통계 - 최소: 9ms, 평균: 10ms, 최대: 16ms, P95: 12ms, P99: 13ms
[2026-02-23 13:11:34] [INFO] [rancher-gov.goe.go.kr] (268/0/268)
[2026-02-23 13:11:34] [INFO] [38841fbe-5985-481c-9a6d-d0310520c2af.internal.kr4.postgres.rds.ngovc.com] (268/0/268)
[2026-02-23 13:11:34] [INFO] [rancher-gov.goe.go.kr] 응답시간 통계 - 최소: 9ms, 평균: 10ms, 최대: 14ms, P95: 12ms, P99: 13ms
[2026-02-23 13:11:34] [INFO] [38841fbe-5985-481c-9a6d-d0310520c2af.internal.kr4.postgres.rds.ngovc.com] 응답시간 통계 - 최소: 9ms, 평균: 10ms, 최대: 14ms, P95: 12ms, P99: 14ms
[2026-02-23 13:12:34] [INFO] [rancher-gov.goe.go.kr] (268/0/268)
[2026-02-23 13:12:34] [INFO] [38841fbe-5985-481c-9a6d-d0310520c2af.internal.kr4.postgres.rds.ngovc.com] (268/0/268)
[2026-02-23 13:12:34] [INFO] [rancher-gov.goe.go.kr] 응답시간 통계 - 최소: 9ms, 평균: 10ms, 최대: 14ms, P95: 12ms, P99: 14ms
[2026-02-23 13:12:34] [INFO] [38841fbe-5985-481c-9a6d-d0310520c2af.internal.kr4.postgres.rds.ngovc.com] 응답시간 통계 - 최소: 9ms, 평균: 10ms, 최대: 14ms, P95: 12ms, P99: 13ms
[2026-02-23 13:13:34] [INFO] [rancher-gov.goe.go.kr] (268/0/268)
[2026-02-23 13:13:34] [INFO] [38841fbe-5985-481c-9a6d-d0310520c2af.internal.kr4.postgres.rds.ngovc.com] (268/0/268)
[2026-02-23 13:13:34] [INFO] [rancher-gov.goe.go.kr] 응답시간 통계 - 최소: 9ms, 평균: 10ms, 최대: 14ms, P95: 11ms, P99: 13ms
[2026-02-23 13:13:34] [INFO] [38841fbe-5985-481c-9a6d-d0310520c2af.internal.kr4.postgres.rds.ngovc.com] 응답시간 통계 - 최소: 9ms, 평균: 10ms, 최대: 17ms, P95: 12ms, P99: 14ms
[2026-02-23 13:14:34] [INFO] [rancher-gov.goe.go.kr] (269/0/269)
[2026-02-23 13:14:34] [INFO] [38841fbe-5985-481c-9a6d-d0310520c2af.internal.kr4.postgres.rds.ngovc.com] (269/0/269)
[2026-02-23 13:14:34] [INFO] [rancher-gov.goe.go.kr] 응답시간 통계 - 최소: 9ms, 평균: 10ms, 최대: 15ms, P95: 12ms, P99: 13ms
[2026-02-23 13:14:34] [INFO] [38841fbe-5985-481c-9a6d-d0310520c2af.internal.kr4.postgres.rds.ngovc.com] 응답시간 통계 - 최소: 9ms, 평균: 10ms, 최대: 15ms, P95: 12ms, P99: 13ms
[2026-02-23 13:15:34] [INFO] [rancher-gov.goe.go.kr] (268/0/268)
[2026-02-23 13:15:34] [INFO] [38841fbe-5985-481c-9a6d-d0310520c2af.internal.kr4.postgres.rds.ngovc.com] (268/0/268)
[2026-02-23 13:15:34] [INFO] [rancher-gov.goe.go.kr] 응답시간 통계 - 최소: 9ms, 평균: 10ms, 최대: 14ms, P95: 12ms, P99: 13ms
[2026-02-23 13:15:34] [INFO] [38841fbe-5985-481c-9a6d-d0310520c2af.internal.kr4.postgres.rds.ngovc.com] 응답시간 통계 - 최소: 9ms, 평균: 10ms, 최대: 15ms, P95: 12ms, P99: 14ms
[2026-02-23 13:16:34] [INFO] [38841fbe-5985-481c-9a6d-d0310520c2af.internal.kr4.postgres.rds.ngovc.com] (267/0/267)
[2026-02-23 13:16:34] [INFO] [rancher-gov.goe.go.kr] (267/0/267)
[2026-02-23 13:16:34] [INFO] [38841fbe-5985-481c-9a6d-d0310520c2af.internal.kr4.postgres.rds.ngovc.com] 응답시간 통계 - 최소: 9ms, 평균: 10ms, 최대: 15ms, P95: 12ms, P99: 13ms
[2026-02-23 13:16:34] [INFO] [rancher-gov.goe.go.kr] 응답시간 통계 - 최소: 9ms, 평균: 10ms, 최대: 13ms, P95: 12ms, P99: 13ms
[2026-02-23 13:17:34] [INFO] [rancher-gov.goe.go.kr] (269/0/269)
[2026-02-23 13:17:34] [INFO] [rancher-gov.goe.go.kr] 응답시간 통계 - 최소: 9ms, 평균: 10ms, 최대: 13ms, P95: 12ms, P99: 13ms
[2026-02-23 13:17:34] [INFO] [38841fbe-5985-481c-9a6d-d0310520c2af.internal.kr4.postgres.rds.ngovc.com] (269/0/269)
[2026-02-23 13:17:34] [INFO] [38841fbe-5985-481c-9a6d-d0310520c2af.internal.kr4.postgres.rds.ngovc.com] 응답시간 통계 - 최소: 9ms, 평균: 10ms, 최대: 14ms, P95: 12ms, P99: 13ms
[2026-02-23 13:18:34] [INFO] [38841fbe-5985-481c-9a6d-d0310520c2af.internal.kr4.postgres.rds.ngovc.com] (267/0/267)
[2026-02-23 13:18:34] [INFO] [rancher-gov.goe.go.kr] (267/0/267)
[2026-02-23 13:18:34] [INFO] [38841fbe-5985-481c-9a6d-d0310520c2af.internal.kr4.postgres.rds.ngovc.com] 응답시간 통계 - 최소: 9ms, 평균: 10ms, 최대: 15ms, P95: 12ms, P99: 14ms
[2026-02-23 13:18:34] [INFO] [rancher-gov.goe.go.kr] 응답시간 통계 - 최소: 9ms, 평균: 10ms, 최대: 15ms, P95: 12ms, P99: 14ms
[2026-02-23 13:19:34] [INFO] [rancher-gov.goe.go.kr] (268/0/268)
[2026-02-23 13:19:34] [INFO] [rancher-gov.goe.go.kr] 응답시간 통계 - 최소: 9ms, 평균: 10ms, 최대: 19ms, P95: 12ms, P99: 14ms
[2026-02-23 13:19:34] [INFO] [38841fbe-5985-481c-9a6d-d0310520c2af.internal.kr4.postgres.rds.ngovc.com] (268/0/268)
[2026-02-23 13:19:34] [INFO] [38841fbe-5985-481c-9a6d-d0310520c2af.internal.kr4.postgres.rds.ngovc.com] 응답시간 통계 - 최소: 9ms, 평균: 10ms, 최대: 19ms, P95: 13ms, P99: 14ms
[2026-02-23 13:20:34] [INFO] [38841fbe-5985-481c-9a6d-d0310520c2af.internal.kr4.postgres.rds.ngovc.com] (269/0/269)
[2026-02-23 13:20:34] [INFO] [38841fbe-5985-481c-9a6d-d0310520c2af.internal.kr4.postgres.rds.ngovc.com] 응답시간 통계 - 최소: 9ms, 평균: 10ms, 최대: 15ms, P95: 12ms, P99: 13ms
[2026-02-23 13:20:34] [INFO] [rancher-gov.goe.go.kr] (270/0/270)
[2026-02-23 13:20:34] [INFO] [rancher-gov.goe.go.kr] 응답시간 통계 - 최소: 9ms, 평균: 10ms, 최대: 13ms, P95: 11ms, P99: 13ms
[2026-02-23 13:21:34] [INFO] [rancher-gov.goe.go.kr] (267/0/267)
[2026-02-23 13:21:34] [INFO] [38841fbe-5985-481c-9a6d-d0310520c2af.internal.kr4.postgres.rds.ngovc.com] (268/0/268)
[2026-02-23 13:21:34] [INFO] [rancher-gov.goe.go.kr] 응답시간 통계 - 최소: 9ms, 평균: 10ms, 최대: 14ms, P95: 12ms, P99: 13ms
[2026-02-23 13:21:34] [INFO] [38841fbe-5985-481c-9a6d-d0310520c2af.internal.kr4.postgres.rds.ngovc.com] 응답시간 통계 - 최소: 9ms, 평균: 10ms, 최대: 14ms, P95: 12ms, P99: 13ms
[2026-02-23 13:22:34] [INFO] [38841fbe-5985-481c-9a6d-d0310520c2af.internal.kr4.postgres.rds.ngovc.com] (268/0/268)
[2026-02-23 13:22:34] [INFO] [38841fbe-5985-481c-9a6d-d0310520c2af.internal.kr4.postgres.rds.ngovc.com] 응답시간 통계 - 최소: 9ms, 평균: 10ms, 최대: 18ms, P95: 12ms, P99: 13ms
[2026-02-23 13:22:34] [INFO] [rancher-gov.goe.go.kr] (268/0/268)
[2026-02-23 13:22:34] [INFO] [rancher-gov.goe.go.kr] 응답시간 통계 - 최소: 9ms, 평균: 10ms, 최대: 13ms, P95: 12ms, P99: 13ms
[2026-02-23 13:23:34] [INFO] [rancher-gov.goe.go.kr] (269/0/269)
[2026-02-23 13:23:34] [INFO] [38841fbe-5985-481c-9a6d-d0310520c2af.internal.kr4.postgres.rds.ngovc.com] (269/0/269)
[2026-02-23 13:23:34] [INFO] [rancher-gov.goe.go.kr] 응답시간 통계 - 최소: 9ms, 평균: 10ms, 최대: 14ms, P95: 11ms, P99: 12ms
[2026-02-23 13:23:34] [INFO] [38841fbe-5985-481c-9a6d-d0310520c2af.internal.kr4.postgres.rds.ngovc.com] 응답시간 통계 - 최소: 8ms, 평균: 10ms, 최대: 20ms, P95: 12ms, P99: 13ms
[2026-02-23 13:24:34] [INFO] [38841fbe-5985-481c-9a6d-d0310520c2af.internal.kr4.postgres.rds.ngovc.com] (268/0/268)
[2026-02-23 13:24:34] [INFO] [rancher-gov.goe.go.kr] (268/0/268)
[2026-02-23 13:24:34] [INFO] [38841fbe-5985-481c-9a6d-d0310520c2af.internal.kr4.postgres.rds.ngovc.com] 응답시간 통계 - 최소: 9ms, 평균: 10ms, 최대: 15ms, P95: 12ms, P99: 13ms
[2026-02-23 13:24:34] [INFO] [rancher-gov.goe.go.kr] 응답시간 통계 - 최소: 9ms, 평균: 10ms, 최대: 20ms, P95: 12ms, P99: 13ms
[2026-02-23 13:25:34] [INFO] [rancher-gov.goe.go.kr] (268/0/268)
[2026-02-23 13:25:34] [INFO] [38841fbe-5985-481c-9a6d-d0310520c2af.internal.kr4.postgres.rds.ngovc.com] (268/0/268)
[2026-02-23 13:25:34] [INFO] [rancher-gov.goe.go.kr] 응답시간 통계 - 최소: 9ms, 평균: 10ms, 최대: 16ms, P95: 12ms, P99: 13ms
[2026-02-23 13:25:34] [INFO] [38841fbe-5985-481c-9a6d-d0310520c2af.internal.kr4.postgres.rds.ngovc.com] 응답시간 통계 - 최소: 9ms, 평균: 10ms, 최대: 17ms, P95: 12ms, P99: 14ms
[2026-02-23 13:26:34] [INFO] [rancher-gov.goe.go.kr] (267/0/267)
[2026-02-23 13:26:34] [INFO] [rancher-gov.goe.go.kr] 응답시간 통계 - 최소: 9ms, 평균: 10ms, 최대: 15ms, P95: 12ms, P99: 13ms
[2026-02-23 13:26:34] [INFO] [38841fbe-5985-481c-9a6d-d0310520c2af.internal.kr4.postgres.rds.ngovc.com] (267/0/267)
[2026-02-23 13:26:34] [INFO] [38841fbe-5985-481c-9a6d-d0310520c2af.internal.kr4.postgres.rds.ngovc.com] 응답시간 통계 - 최소: 9ms, 평균: 10ms, 최대: 14ms, P95: 12ms, P99: 14ms
[2026-02-23 13:27:34] [INFO] [rancher-gov.goe.go.kr] (267/0/267)
[2026-02-23 13:27:34] [INFO] [38841fbe-5985-481c-9a6d-d0310520c2af.internal.kr4.postgres.rds.ngovc.com] (267/0/267)
[2026-02-23 13:27:34] [INFO] [rancher-gov.goe.go.kr] 응답시간 통계 - 최소: 9ms, 평균: 10ms, 최대: 15ms, P95: 12ms, P99: 13ms
[2026-02-23 13:27:34] [INFO] [38841fbe-5985-481c-9a6d-d0310520c2af.internal.kr4.postgres.rds.ngovc.com] 응답시간 통계 - 최소: 9ms, 평균: 10ms, 최대: 16ms, P95: 12ms, P99: 14ms
[2026-02-23 13:28:34] [INFO] [rancher-gov.goe.go.kr] (269/0/269)
[2026-02-23 13:28:34] [INFO] [rancher-gov.goe.go.kr] 응답시간 통계 - 최소: 9ms, 평균: 10ms, 최대: 16ms, P95: 12ms, P99: 12ms
[2026-02-23 13:28:34] [INFO] [38841fbe-5985-481c-9a6d-d0310520c2af.internal.kr4.postgres.rds.ngovc.com] (269/0/269)
[2026-02-23 13:28:34] [INFO] [38841fbe-5985-481c-9a6d-d0310520c2af.internal.kr4.postgres.rds.ngovc.com] 응답시간 통계 - 최소: 9ms, 평균: 10ms, 최대: 15ms, P95: 12ms, P99: 13ms
[2026-02-23 13:29:34] [INFO] [38841fbe-5985-481c-9a6d-d0310520c2af.internal.kr4.postgres.rds.ngovc.com] (267/0/267)
[2026-02-23 13:29:34] [INFO] [38841fbe-5985-481c-9a6d-d0310520c2af.internal.kr4.postgres.rds.ngovc.com] 응답시간 통계 - 최소: 9ms, 평균: 10ms, 최대: 16ms, P95: 12ms, P99: 13ms
[2026-02-23 13:29:34] [INFO] [rancher-gov.goe.go.kr] (267/0/267)
[2026-02-23 13:29:34] [INFO] [rancher-gov.goe.go.kr] 응답시간 통계 - 최소: 9ms, 평균: 10ms, 최대: 16ms, P95: 12ms, P99: 12ms
[2026-02-23 13:30:34] [INFO] [rancher-gov.goe.go.kr] (267/0/267)
[2026-02-23 13:30:34] [INFO] [38841fbe-5985-481c-9a6d-d0310520c2af.internal.kr4.postgres.rds.ngovc.com] (267/0/267)
[2026-02-23 13:30:34] [INFO] [rancher-gov.goe.go.kr] 응답시간 통계 - 최소: 9ms, 평균: 10ms, 최대: 15ms, P95: 12ms, P99: 13ms
[2026-02-23 13:30:34] [INFO] [38841fbe-5985-481c-9a6d-d0310520c2af.internal.kr4.postgres.rds.ngovc.com] 응답시간 통계 - 최소: 9ms, 평균: 10ms, 최대: 16ms, P95: 12ms, P99: 14ms
[2026-02-23 13:31:34] [INFO] [rancher-gov.goe.go.kr] (268/0/268)
[2026-02-23 13:31:34] [INFO] [rancher-gov.goe.go.kr] 응답시간 통계 - 최소: 9ms, 평균: 10ms, 최대: 14ms, P95: 12ms, P99: 13ms
[2026-02-23 13:31:34] [INFO] [38841fbe-5985-481c-9a6d-d0310520c2af.internal.kr4.postgres.rds.ngovc.com] (268/0/268)
[2026-02-23 13:31:34] [INFO] [38841fbe-5985-481c-9a6d-d0310520c2af.internal.kr4.postgres.rds.ngovc.com] 응답시간 통계 - 최소: 9ms, 평균: 10ms, 최대: 16ms, P95: 12ms, P99: 13ms
[2026-02-23 13:32:34] [INFO] [38841fbe-5985-481c-9a6d-d0310520c2af.internal.kr4.postgres.rds.ngovc.com] (268/0/268)
[2026-02-23 13:32:34] [INFO] [rancher-gov.goe.go.kr] (268/0/268)
[2026-02-23 13:32:34] [INFO] [38841fbe-5985-481c-9a6d-d0310520c2af.internal.kr4.postgres.rds.ngovc.com] 응답시간 통계 - 최소: 9ms, 평균: 10ms, 최대: 15ms, P95: 12ms, P99: 14ms
[2026-02-23 13:32:34] [INFO] [rancher-gov.goe.go.kr] 응답시간 통계 - 최소: 9ms, 평균: 10ms, 최대: 13ms, P95: 12ms, P99: 12ms
[2026-02-23 13:33:34] [INFO] [38841fbe-5985-481c-9a6d-d0310520c2af.internal.kr4.postgres.rds.ngovc.com] (268/0/268)
[2026-02-23 13:33:34] [INFO] [rancher-gov.goe.go.kr] (268/0/268)
[2026-02-23 13:33:34] [INFO] [38841fbe-5985-481c-9a6d-d0310520c2af.internal.kr4.postgres.rds.ngovc.com] 응답시간 통계 - 최소: 9ms, 평균: 10ms, 최대: 17ms, P95: 12ms, P99: 13ms
[2026-02-23 13:33:34] [INFO] [rancher-gov.goe.go.kr] 응답시간 통계 - 최소: 9ms, 평균: 10ms, 최대: 14ms, P95: 12ms, P99: 13ms
[2026-02-23 13:34:34] [INFO] [rancher-gov.goe.go.kr] (269/0/269)
[2026-02-23 13:34:34] [INFO] [38841fbe-5985-481c-9a6d-d0310520c2af.internal.kr4.postgres.rds.ngovc.com] (269/0/269)
[2026-02-23 13:34:34] [INFO] [rancher-gov.goe.go.kr] 응답시간 통계 - 최소: 9ms, 평균: 10ms, 최대: 13ms, P95: 11ms, P99: 12ms
[2026-02-23 13:34:34] [INFO] [38841fbe-5985-481c-9a6d-d0310520c2af.internal.kr4.postgres.rds.ngovc.com] 응답시간 통계 - 최소: 9ms, 평균: 10ms, 최대: 14ms, P95: 12ms, P99: 13ms
[2026-02-23 13:35:34] [INFO] [rancher-gov.goe.go.kr] (269/0/269)
[2026-02-23 13:35:34] [INFO] [38841fbe-5985-481c-9a6d-d0310520c2af.internal.kr4.postgres.rds.ngovc.com] (269/0/269)
[2026-02-23 13:35:34] [INFO] [rancher-gov.goe.go.kr] 응답시간 통계 - 최소: 9ms, 평균: 10ms, 최대: 13ms, P95: 11ms, P99: 12ms
[2026-02-23 13:35:34] [INFO] [38841fbe-5985-481c-9a6d-d0310520c2af.internal.kr4.postgres.rds.ngovc.com] 응답시간 통계 - 최소: 9ms, 평균: 10ms, 최대: 13ms, P95: 12ms, P99: 12ms
[2026-02-23 13:36:34] [INFO] [rancher-gov.goe.go.kr] (268/0/268)
[2026-02-23 13:36:34] [INFO] [38841fbe-5985-481c-9a6d-d0310520c2af.internal.kr4.postgres.rds.ngovc.com] (268/0/268)
[2026-02-23 13:36:34] [INFO] [rancher-gov.goe.go.kr] 응답시간 통계 - 최소: 9ms, 평균: 10ms, 최대: 16ms, P95: 12ms, P99: 13ms
[2026-02-23 13:36:34] [INFO] [38841fbe-5985-481c-9a6d-d0310520c2af.internal.kr4.postgres.rds.ngovc.com] 응답시간 통계 - 최소: 9ms, 평균: 10ms, 최대: 15ms, P95: 12ms, P99: 14ms
[2026-02-23 13:37:34] [INFO] [rancher-gov.goe.go.kr] (269/0/269)
[2026-02-23 13:37:34] [INFO] [38841fbe-5985-481c-9a6d-d0310520c2af.internal.kr4.postgres.rds.ngovc.com] (269/0/269)
[2026-02-23 13:37:34] [INFO] [rancher-gov.goe.go.kr] 응답시간 통계 - 최소: 9ms, 평균: 10ms, 최대: 14ms, P95: 11ms, P99: 13ms
[2026-02-23 13:37:34] [INFO] [38841fbe-5985-481c-9a6d-d0310520c2af.internal.kr4.postgres.rds.ngovc.com] 응답시간 통계 - 최소: 9ms, 평균: 10ms, 최대: 13ms, P95: 12ms, P99: 13ms
[2026-02-23 13:38:34] [INFO] [38841fbe-5985-481c-9a6d-d0310520c2af.internal.kr4.postgres.rds.ngovc.com] (270/0/270)
[2026-02-23 13:38:34] [INFO] [rancher-gov.goe.go.kr] (270/0/270)
[2026-02-23 13:38:34] [INFO] [38841fbe-5985-481c-9a6d-d0310520c2af.internal.kr4.postgres.rds.ngovc.com] 응답시간 통계 - 최소: 9ms, 평균: 9ms, 최대: 18ms, P95: 12ms, P99: 14ms
[2026-02-23 13:38:34] [INFO] [rancher-gov.goe.go.kr] 응답시간 통계 - 최소: 8ms, 평균: 9ms, 최대: 16ms, P95: 11ms, P99: 12ms
[2026-02-23 13:39:34] [INFO] [rancher-gov.goe.go.kr] (269/0/269)
[2026-02-23 13:39:34] [INFO] [38841fbe-5985-481c-9a6d-d0310520c2af.internal.kr4.postgres.rds.ngovc.com] (269/0/269)
[2026-02-23 13:39:34] [INFO] [rancher-gov.goe.go.kr] 응답시간 통계 - 최소: 9ms, 평균: 10ms, 최대: 16ms, P95: 11ms, P99: 13ms
[2026-02-23 13:39:34] [INFO] [38841fbe-5985-481c-9a6d-d0310520c2af.internal.kr4.postgres.rds.ngovc.com] 응답시간 통계 - 최소: 9ms, 평균: 10ms, 최대: 17ms, P95: 12ms, P99: 14ms
[2026-02-23 13:40:34] [INFO] [38841fbe-5985-481c-9a6d-d0310520c2af.internal.kr4.postgres.rds.ngovc.com] (269/0/269)
[2026-02-23 13:40:34] [INFO] [rancher-gov.goe.go.kr] (269/0/269)
[2026-02-23 13:40:34] [INFO] [38841fbe-5985-481c-9a6d-d0310520c2af.internal.kr4.postgres.rds.ngovc.com] 응답시간 통계 - 최소: 9ms, 평균: 10ms, 최대: 16ms, P95: 12ms, P99: 14ms
[2026-02-23 13:40:34] [INFO] [rancher-gov.goe.go.kr] 응답시간 통계 - 최소: 9ms, 평균: 10ms, 최대: 15ms, P95: 12ms, P99: 13ms
[2026-02-23 13:41:34] [INFO] [rancher-gov.goe.go.kr] (269/0/269)
[2026-02-23 13:41:34] [INFO] [38841fbe-5985-481c-9a6d-d0310520c2af.internal.kr4.postgres.rds.ngovc.com] (269/0/269)
[2026-02-23 13:41:34] [INFO] [rancher-gov.goe.go.kr] 응답시간 통계 - 최소: 9ms, 평균: 10ms, 최대: 15ms, P95: 12ms, P99: 12ms
[2026-02-23 13:41:34] [INFO] [38841fbe-5985-481c-9a6d-d0310520c2af.internal.kr4.postgres.rds.ngovc.com] 응답시간 통계 - 최소: 9ms, 평균: 10ms, 최대: 15ms, P95: 12ms, P99: 13ms
[2026-02-23 13:42:34] [INFO] [38841fbe-5985-481c-9a6d-d0310520c2af.internal.kr4.postgres.rds.ngovc.com] (270/0/270)
[2026-02-23 13:42:34] [INFO] [rancher-gov.goe.go.kr] (270/0/270)
[2026-02-23 13:42:34] [INFO] [rancher-gov.goe.go.kr] 응답시간 통계 - 최소: 9ms, 평균: 10ms, 최대: 18ms, P95: 11ms, P99: 15ms
[2026-02-23 13:42:34] [INFO] [38841fbe-5985-481c-9a6d-d0310520c2af.internal.kr4.postgres.rds.ngovc.com] 응답시간 통계 - 최소: 9ms, 평균: 9ms, 최대: 19ms, P95: 12ms, P99: 16ms
[2026-02-23 13:43:34] [INFO] [rancher-gov.goe.go.kr] (267/0/267)
[2026-02-23 13:43:34] [INFO] [38841fbe-5985-481c-9a6d-d0310520c2af.internal.kr4.postgres.rds.ngovc.com] (267/0/267)
[2026-02-23 13:43:34] [INFO] [rancher-gov.goe.go.kr] 응답시간 통계 - 최소: 9ms, 평균: 10ms, 최대: 19ms, P95: 13ms, P99: 19ms
[2026-02-23 13:43:34] [INFO] [38841fbe-5985-481c-9a6d-d0310520c2af.internal.kr4.postgres.rds.ngovc.com] 응답시간 통계 - 최소: 9ms, 평균: 10ms, 최대: 20ms, P95: 13ms, P99: 18ms
[2026-02-23 13:44:34] [INFO] [38841fbe-5985-481c-9a6d-d0310520c2af.internal.kr4.postgres.rds.ngovc.com] (270/0/270)
[2026-02-23 13:44:34] [INFO] [rancher-gov.goe.go.kr] (270/0/270)
[2026-02-23 13:44:34] [INFO] [38841fbe-5985-481c-9a6d-d0310520c2af.internal.kr4.postgres.rds.ngovc.com] 응답시간 통계 - 최소: 9ms, 평균: 10ms, 최대: 19ms, P95: 13ms, P99: 18ms
[2026-02-23 13:44:34] [INFO] [rancher-gov.goe.go.kr] 응답시간 통계 - 최소: 9ms, 평균: 10ms, 최대: 20ms, P95: 13ms, P99: 17ms
[2026-02-23 13:45:34] [INFO] [rancher-gov.goe.go.kr] (269/0/269)
[2026-02-23 13:45:34] [INFO] [rancher-gov.goe.go.kr] 응답시간 통계 - 최소: 9ms, 평균: 10ms, 최대: 21ms, P95: 13ms, P99: 18ms
[2026-02-23 13:45:34] [INFO] [38841fbe-5985-481c-9a6d-d0310520c2af.internal.kr4.postgres.rds.ngovc.com] (269/0/269)
[2026-02-23 13:45:34] [INFO] [38841fbe-5985-481c-9a6d-d0310520c2af.internal.kr4.postgres.rds.ngovc.com] 응답시간 통계 - 최소: 9ms, 평균: 10ms, 최대: 22ms, P95: 12ms, P99: 19ms
[2026-02-23 13:46:34] [INFO] [rancher-gov.goe.go.kr] (267/0/267)
[2026-02-23 13:46:34] [INFO] [38841fbe-5985-481c-9a6d-d0310520c2af.internal.kr4.postgres.rds.ngovc.com] (267/0/267)
[2026-02-23 13:46:34] [INFO] [rancher-gov.goe.go.kr] 응답시간 통계 - 최소: 9ms, 평균: 10ms, 최대: 17ms, P95: 12ms, P99: 13ms
[2026-02-23 13:46:34] [INFO] [38841fbe-5985-481c-9a6d-d0310520c2af.internal.kr4.postgres.rds.ngovc.com] 응답시간 통계 - 최소: 9ms, 평균: 10ms, 최대: 17ms, P95: 12ms, P99: 14ms
[2026-02-23 13:47:34] [INFO] [rancher-gov.goe.go.kr] (268/0/268)
[2026-02-23 13:47:34] [INFO] [rancher-gov.goe.go.kr] 응답시간 통계 - 최소: 9ms, 평균: 10ms, 최대: 13ms, P95: 12ms, P99: 12ms
[2026-02-23 13:47:34] [INFO] [38841fbe-5985-481c-9a6d-d0310520c2af.internal.kr4.postgres.rds.ngovc.com] (268/0/268)
[2026-02-23 13:47:34] [INFO] [38841fbe-5985-481c-9a6d-d0310520c2af.internal.kr4.postgres.rds.ngovc.com] 응답시간 통계 - 최소: 9ms, 평균: 10ms, 최대: 15ms, P95: 12ms, P99: 14ms
[2026-02-23 13:48:34] [INFO] [rancher-gov.goe.go.kr] (269/0/269)
[2026-02-23 13:48:34] [INFO] [38841fbe-5985-481c-9a6d-d0310520c2af.internal.kr4.postgres.rds.ngovc.com] (269/0/269)
[2026-02-23 13:48:34] [INFO] [rancher-gov.goe.go.kr] 응답시간 통계 - 최소: 9ms, 평균: 10ms, 최대: 14ms, P95: 11ms, P99: 13ms
[2026-02-23 13:48:34] [INFO] [38841fbe-5985-481c-9a6d-d0310520c2af.internal.kr4.postgres.rds.ngovc.com] 응답시간 통계 - 최소: 9ms, 평균: 10ms, 최대: 15ms, P95: 12ms, P99: 14ms
[2026-02-23 13:49:34] [INFO] [rancher-gov.goe.go.kr] (268/0/268)
[2026-02-23 13:49:34] [INFO] [38841fbe-5985-481c-9a6d-d0310520c2af.internal.kr4.postgres.rds.ngovc.com] (268/0/268)
[2026-02-23 13:49:34] [INFO] [rancher-gov.goe.go.kr] 응답시간 통계 - 최소: 9ms, 평균: 10ms, 최대: 14ms, P95: 12ms, P99: 13ms
[2026-02-23 13:49:34] [INFO] [38841fbe-5985-481c-9a6d-d0310520c2af.internal.kr4.postgres.rds.ngovc.com] 응답시간 통계 - 최소: 9ms, 평균: 10ms, 최대: 14ms, P95: 12ms, P99: 13ms
[2026-02-23 13:50:34] [INFO] [38841fbe-5985-481c-9a6d-d0310520c2af.internal.kr4.postgres.rds.ngovc.com] (268/0/268)
[2026-02-23 13:50:34] [INFO] [rancher-gov.goe.go.kr] (268/0/268)
[2026-02-23 13:50:34] [INFO] [38841fbe-5985-481c-9a6d-d0310520c2af.internal.kr4.postgres.rds.ngovc.com] 응답시간 통계 - 최소: 9ms, 평균: 10ms, 최대: 15ms, P95: 13ms, P99: 14ms
[2026-02-23 13:50:34] [INFO] [rancher-gov.goe.go.kr] 응답시간 통계 - 최소: 9ms, 평균: 10ms, 최대: 15ms, P95: 12ms, P99: 14ms
[2026-02-23 13:51:34] [INFO] [rancher-gov.goe.go.kr] (268/0/268)
[2026-02-23 13:51:34] [INFO] [38841fbe-5985-481c-9a6d-d0310520c2af.internal.kr4.postgres.rds.ngovc.com] (268/0/268)
[2026-02-23 13:51:34] [INFO] [rancher-gov.goe.go.kr] 응답시간 통계 - 최소: 9ms, 평균: 10ms, 최대: 13ms, P95: 11ms, P99: 12ms
[2026-02-23 13:51:34] [INFO] [38841fbe-5985-481c-9a6d-d0310520c2af.internal.kr4.postgres.rds.ngovc.com] 응답시간 통계 - 최소: 9ms, 평균: 10ms, 최대: 15ms, P95: 12ms, P99: 14ms
[2026-02-23 13:52:34] [INFO] [rancher-gov.goe.go.kr] (267/0/267)
[2026-02-23 13:52:34] [INFO] [rancher-gov.goe.go.kr] 응답시간 통계 - 최소: 9ms, 평균: 10ms, 최대: 14ms, P95: 12ms, P99: 13ms
[2026-02-23 13:52:34] [INFO] [38841fbe-5985-481c-9a6d-d0310520c2af.internal.kr4.postgres.rds.ngovc.com] (267/0/267)
[2026-02-23 13:52:34] [INFO] [38841fbe-5985-481c-9a6d-d0310520c2af.internal.kr4.postgres.rds.ngovc.com] 응답시간 통계 - 최소: 9ms, 평균: 10ms, 최대: 15ms, P95: 12ms, P99: 13ms
[2026-02-23 13:53:34] [INFO] [38841fbe-5985-481c-9a6d-d0310520c2af.internal.kr4.postgres.rds.ngovc.com] (269/0/269)
[2026-02-23 13:53:34] [INFO] [38841fbe-5985-481c-9a6d-d0310520c2af.internal.kr4.postgres.rds.ngovc.com] 응답시간 통계 - 최소: 9ms, 평균: 10ms, 최대: 20ms, P95: 12ms, P99: 13ms
[2026-02-23 13:53:34] [INFO] [rancher-gov.goe.go.kr] (269/0/269)
[2026-02-23 13:53:34] [INFO] [rancher-gov.goe.go.kr] 응답시간 통계 - 최소: 9ms, 평균: 10ms, 최대: 20ms, P95: 11ms, P99: 13ms
[2026-02-23 13:54:34] [INFO] [rancher-gov.goe.go.kr] (269/0/269)
[2026-02-23 13:54:34] [INFO] [rancher-gov.goe.go.kr] 응답시간 통계 - 최소: 9ms, 평균: 10ms, 최대: 16ms, P95: 12ms, P99: 13ms
[2026-02-23 13:54:34] [INFO] [38841fbe-5985-481c-9a6d-d0310520c2af.internal.kr4.postgres.rds.ngovc.com] (269/0/269)
[2026-02-23 13:54:34] [INFO] [38841fbe-5985-481c-9a6d-d0310520c2af.internal.kr4.postgres.rds.ngovc.com] 응답시간 통계 - 최소: 9ms, 평균: 10ms, 최대: 15ms, P95: 12ms, P99: 13ms
[2026-02-23 13:55:34] [INFO] [rancher-gov.goe.go.kr] (267/0/267)
[2026-02-23 13:55:34] [INFO] [38841fbe-5985-481c-9a6d-d0310520c2af.internal.kr4.postgres.rds.ngovc.com] (267/0/267)
[2026-02-23 13:55:34] [INFO] [38841fbe-5985-481c-9a6d-d0310520c2af.internal.kr4.postgres.rds.ngovc.com] 응답시간 통계 - 최소: 9ms, 평균: 10ms, 최대: 15ms, P95: 12ms, P99: 14ms
[2026-02-23 13:55:34] [INFO] [rancher-gov.goe.go.kr] 응답시간 통계 - 최소: 9ms, 평균: 10ms, 최대: 14ms, P95: 12ms, P99: 13ms
[2026-02-23 13:56:34] [INFO] [38841fbe-5985-481c-9a6d-d0310520c2af.internal.kr4.postgres.rds.ngovc.com] (268/0/268)
[2026-02-23 13:56:34] [INFO] [rancher-gov.goe.go.kr] (268/0/268)
[2026-02-23 13:56:34] [INFO] [38841fbe-5985-481c-9a6d-d0310520c2af.internal.kr4.postgres.rds.ngovc.com] 응답시간 통계 - 최소: 9ms, 평균: 10ms, 최대: 15ms, P95: 12ms, P99: 14ms
[2026-02-23 13:56:34] [INFO] [rancher-gov.goe.go.kr] 응답시간 통계 - 최소: 9ms, 평균: 10ms, 최대: 13ms, P95: 12ms, P99: 13ms
[2026-02-23 13:57:34] [INFO] [rancher-gov.goe.go.kr] (268/0/268)
[2026-02-23 13:57:34] [INFO] [38841fbe-5985-481c-9a6d-d0310520c2af.internal.kr4.postgres.rds.ngovc.com] (268/0/268)
[2026-02-23 13:57:34] [INFO] [rancher-gov.goe.go.kr] 응답시간 통계 - 최소: 9ms, 평균: 10ms, 최대: 13ms, P95: 11ms, P99: 12ms
[2026-02-23 13:57:34] [INFO] [38841fbe-5985-481c-9a6d-d0310520c2af.internal.kr4.postgres.rds.ngovc.com] 응답시간 통계 - 최소: 9ms, 평균: 10ms, 최대: 19ms, P95: 12ms, P99: 14ms
[2026-02-23 13:58:34] [INFO] [rancher-gov.goe.go.kr] (268/0/268)
[2026-02-23 13:58:34] [INFO] [38841fbe-5985-481c-9a6d-d0310520c2af.internal.kr4.postgres.rds.ngovc.com] (268/0/268)
[2026-02-23 13:58:34] [INFO] [rancher-gov.goe.go.kr] 응답시간 통계 - 최소: 9ms, 평균: 10ms, 최대: 15ms, P95: 12ms, P99: 12ms
[2026-02-23 13:58:34] [INFO] [38841fbe-5985-481c-9a6d-d0310520c2af.internal.kr4.postgres.rds.ngovc.com] 응답시간 통계 - 최소: 9ms, 평균: 10ms, 최대: 15ms, P95: 12ms, P99: 14ms
[2026-02-23 13:59:34] [INFO] [rancher-gov.goe.go.kr] (268/0/268)
[2026-02-23 13:59:34] [INFO] [rancher-gov.goe.go.kr] 응답시간 통계 - 최소: 9ms, 평균: 10ms, 최대: 14ms, P95: 12ms, P99: 13ms
[2026-02-23 13:59:34] [INFO] [38841fbe-5985-481c-9a6d-d0310520c2af.internal.kr4.postgres.rds.ngovc.com] (268/0/268)
[2026-02-23 13:59:34] [INFO] [38841fbe-5985-481c-9a6d-d0310520c2af.internal.kr4.postgres.rds.ngovc.com] 응답시간 통계 - 최소: 9ms, 평균: 10ms, 최대: 15ms, P95: 12ms, P99: 13ms
[2026-02-23 14:00:34] [INFO] [38841fbe-5985-481c-9a6d-d0310520c2af.internal.kr4.postgres.rds.ngovc.com] (269/0/269)
[2026-02-23 14:00:34] [INFO] [rancher-gov.goe.go.kr] (269/0/269)
[2026-02-23 14:00:34] [INFO] [38841fbe-5985-481c-9a6d-d0310520c2af.internal.kr4.postgres.rds.ngovc.com] 응답시간 통계 - 최소: 9ms, 평균: 10ms, 최대: 14ms, P95: 12ms, P99: 13ms
[2026-02-23 14:00:34] [INFO] [rancher-gov.goe.go.kr] 응답시간 통계 - 최소: 9ms, 평균: 10ms, 최대: 14ms, P95: 11ms, P99: 12ms
[2026-02-23 14:01:34] [INFO] [38841fbe-5985-481c-9a6d-d0310520c2af.internal.kr4.postgres.rds.ngovc.com] (269/0/269)
[2026-02-23 14:01:34] [INFO] [rancher-gov.goe.go.kr] (269/0/269)
[2026-02-23 14:01:34] [INFO] [38841fbe-5985-481c-9a6d-d0310520c2af.internal.kr4.postgres.rds.ngovc.com] 응답시간 통계 - 최소: 9ms, 평균: 10ms, 최대: 18ms, P95: 12ms, P99: 14ms
[2026-02-23 14:01:34] [INFO] [rancher-gov.goe.go.kr] 응답시간 통계 - 최소: 9ms, 평균: 10ms, 최대: 15ms, P95: 12ms, P99: 12ms
[2026-02-23 14:02:34] [INFO] [rancher-gov.goe.go.kr] (267/0/267)
[2026-02-23 14:02:34] [INFO] [38841fbe-5985-481c-9a6d-d0310520c2af.internal.kr4.postgres.rds.ngovc.com] (267/0/267)
[2026-02-23 14:02:34] [INFO] [rancher-gov.goe.go.kr] 응답시간 통계 - 최소: 9ms, 평균: 10ms, 최대: 15ms, P95: 12ms, P99: 13ms
[2026-02-23 14:02:34] [INFO] [38841fbe-5985-481c-9a6d-d0310520c2af.internal.kr4.postgres.rds.ngovc.com] 응답시간 통계 - 최소: 9ms, 평균: 10ms, 최대: 18ms, P95: 13ms, P99: 15ms
[2026-02-23 14:03:34] [INFO] [rancher-gov.goe.go.kr] (268/0/268)
[2026-02-23 14:03:34] [INFO] [rancher-gov.goe.go.kr] 응답시간 통계 - 최소: 9ms, 평균: 10ms, 최대: 18ms, P95: 12ms, P99: 14ms
[2026-02-23 14:03:34] [INFO] [38841fbe-5985-481c-9a6d-d0310520c2af.internal.kr4.postgres.rds.ngovc.com] (268/0/268)
[2026-02-23 14:03:34] [INFO] [38841fbe-5985-481c-9a6d-d0310520c2af.internal.kr4.postgres.rds.ngovc.com] 응답시간 통계 - 최소: 8ms, 평균: 10ms, 최대: 16ms, P95: 12ms, P99: 14ms
[2026-02-23 14:04:34] [INFO] [38841fbe-5985-481c-9a6d-d0310520c2af.internal.kr4.postgres.rds.ngovc.com] (268/0/268)
[2026-02-23 14:04:34] [INFO] [rancher-gov.goe.go.kr] (268/0/268)
[2026-02-23 14:04:34] [INFO] [rancher-gov.goe.go.kr] 응답시간 통계 - 최소: 9ms, 평균: 10ms, 최대: 14ms, P95: 12ms, P99: 14ms
[2026-02-23 14:04:34] [INFO] [38841fbe-5985-481c-9a6d-d0310520c2af.internal.kr4.postgres.rds.ngovc.com] 응답시간 통계 - 최소: 9ms, 평균: 10ms, 최대: 15ms, P95: 12ms, P99: 13ms
[2026-02-23 14:05:34] [INFO] [38841fbe-5985-481c-9a6d-d0310520c2af.internal.kr4.postgres.rds.ngovc.com] (269/0/269)
[2026-02-23 14:05:34] [INFO] [rancher-gov.goe.go.kr] (269/0/269)
[2026-02-23 14:05:34] [INFO] [38841fbe-5985-481c-9a6d-d0310520c2af.internal.kr4.postgres.rds.ngovc.com] 응답시간 통계 - 최소: 9ms, 평균: 10ms, 최대: 14ms, P95: 12ms, P99: 13ms
[2026-02-23 14:05:34] [INFO] [rancher-gov.goe.go.kr] 응답시간 통계 - 최소: 8ms, 평균: 10ms, 최대: 14ms, P95: 12ms, P99: 12ms
[2026-02-23 14:06:34] [INFO] [rancher-gov.goe.go.kr] (267/0/267)
[2026-02-23 14:06:34] [INFO] [38841fbe-5985-481c-9a6d-d0310520c2af.internal.kr4.postgres.rds.ngovc.com] (267/0/267)
[2026-02-23 14:06:34] [INFO] [rancher-gov.goe.go.kr] 응답시간 통계 - 최소: 9ms, 평균: 10ms, 최대: 14ms, P95: 11ms, P99: 13ms
[2026-02-23 14:06:34] [INFO] [38841fbe-5985-481c-9a6d-d0310520c2af.internal.kr4.postgres.rds.ngovc.com] 응답시간 통계 - 최소: 9ms, 평균: 10ms, 최대: 18ms, P95: 12ms, P99: 13ms
[2026-02-23 14:07:34] [INFO] [rancher-gov.goe.go.kr] (268/0/268)
[2026-02-23 14:07:34] [INFO] [38841fbe-5985-481c-9a6d-d0310520c2af.internal.kr4.postgres.rds.ngovc.com] (268/0/268)
[2026-02-23 14:07:34] [INFO] [rancher-gov.goe.go.kr] 응답시간 통계 - 최소: 9ms, 평균: 10ms, 최대: 14ms, P95: 12ms, P99: 13ms
[2026-02-23 14:07:34] [INFO] [38841fbe-5985-481c-9a6d-d0310520c2af.internal.kr4.postgres.rds.ngovc.com] 응답시간 통계 - 최소: 9ms, 평균: 10ms, 최대: 15ms, P95: 12ms, P99: 14ms
[2026-02-23 14:08:34] [INFO] [rancher-gov.goe.go.kr] (267/0/267)
[2026-02-23 14:08:34] [INFO] [38841fbe-5985-481c-9a6d-d0310520c2af.internal.kr4.postgres.rds.ngovc.com] (267/0/267)
[2026-02-23 14:08:34] [INFO] [rancher-gov.goe.go.kr] 응답시간 통계 - 최소: 9ms, 평균: 10ms, 최대: 16ms, P95: 12ms, P99: 14ms
[2026-02-23 14:08:34] [INFO] [38841fbe-5985-481c-9a6d-d0310520c2af.internal.kr4.postgres.rds.ngovc.com] 응답시간 통계 - 최소: 9ms, 평균: 10ms, 최대: 18ms, P95: 12ms, P99: 14ms
[2026-02-23 14:09:34] [INFO] [rancher-gov.goe.go.kr] (268/0/268)
[2026-02-23 14:09:34] [INFO] [38841fbe-5985-481c-9a6d-d0310520c2af.internal.kr4.postgres.rds.ngovc.com] (268/0/268)
[2026-02-23 14:09:34] [INFO] [rancher-gov.goe.go.kr] 응답시간 통계 - 최소: 9ms, 평균: 10ms, 최대: 14ms, P95: 12ms, P99: 13ms
[2026-02-23 14:09:34] [INFO] [38841fbe-5985-481c-9a6d-d0310520c2af.internal.kr4.postgres.rds.ngovc.com] 응답시간 통계 - 최소: 9ms, 평균: 10ms, 최대: 15ms, P95: 12ms, P99: 14ms
[2026-02-23 14:10:34] [INFO] [rancher-gov.goe.go.kr] (268/0/268)
[2026-02-23 14:10:34] [INFO] [38841fbe-5985-481c-9a6d-d0310520c2af.internal.kr4.postgres.rds.ngovc.com] (268/0/268)
[2026-02-23 14:10:34] [INFO] [rancher-gov.goe.go.kr] 응답시간 통계 - 최소: 9ms, 평균: 10ms, 최대: 13ms, P95: 11ms, P99: 12ms
[2026-02-23 14:10:34] [INFO] [38841fbe-5985-481c-9a6d-d0310520c2af.internal.kr4.postgres.rds.ngovc.com] 응답시간 통계 - 최소: 9ms, 평균: 10ms, 최대: 14ms, P95: 12ms, P99: 13ms
[2026-02-23 14:11:34] [INFO] [rancher-gov.goe.go.kr] (268/0/268)
[2026-02-23 14:11:34] [INFO] [38841fbe-5985-481c-9a6d-d0310520c2af.internal.kr4.postgres.rds.ngovc.com] (268/0/268)
[2026-02-23 14:11:34] [INFO] [rancher-gov.goe.go.kr] 응답시간 통계 - 최소: 9ms, 평균: 10ms, 최대: 14ms, P95: 12ms, P99: 13ms
[2026-02-23 14:11:34] [INFO] [38841fbe-5985-481c-9a6d-d0310520c2af.internal.kr4.postgres.rds.ngovc.com] 응답시간 통계 - 최소: 9ms, 평균: 10ms, 최대: 14ms, P95: 12ms, P99: 13ms
[2026-02-23 14:12:34] [INFO] [rancher-gov.goe.go.kr] (268/0/268)
[2026-02-23 14:12:34] [INFO] [38841fbe-5985-481c-9a6d-d0310520c2af.internal.kr4.postgres.rds.ngovc.com] (268/0/268)
[2026-02-23 14:12:34] [INFO] [rancher-gov.goe.go.kr] 응답시간 통계 - 최소: 9ms, 평균: 10ms, 최대: 14ms, P95: 12ms, P99: 13ms
[2026-02-23 14:12:34] [INFO] [38841fbe-5985-481c-9a6d-d0310520c2af.internal.kr4.postgres.rds.ngovc.com] 응답시간 통계 - 최소: 9ms, 평균: 10ms, 최대: 16ms, P95: 12ms, P99: 14ms
[2026-02-23 14:13:34] [INFO] [38841fbe-5985-481c-9a6d-d0310520c2af.internal.kr4.postgres.rds.ngovc.com] (267/0/267)
[2026-02-23 14:13:34] [INFO] [rancher-gov.goe.go.kr] (267/0/267)
[2026-02-23 14:13:34] [INFO] [38841fbe-5985-481c-9a6d-d0310520c2af.internal.kr4.postgres.rds.ngovc.com] 응답시간 통계 - 최소: 9ms, 평균: 10ms, 최대: 14ms, P95: 13ms, P99: 14ms
[2026-02-23 14:13:34] [INFO] [rancher-gov.goe.go.kr] 응답시간 통계 - 최소: 9ms, 평균: 10ms, 최대: 16ms, P95: 12ms, P99: 13ms
[2026-02-23 14:14:34] [INFO] [rancher-gov.goe.go.kr] (268/0/268)
[2026-02-23 14:14:34] [INFO] [rancher-gov.goe.go.kr] 응답시간 통계 - 최소: 9ms, 평균: 10ms, 최대: 14ms, P95: 12ms, P99: 12ms
[2026-02-23 14:14:34] [INFO] [38841fbe-5985-481c-9a6d-d0310520c2af.internal.kr4.postgres.rds.ngovc.com] (268/0/268)
[2026-02-23 14:14:34] [INFO] [38841fbe-5985-481c-9a6d-d0310520c2af.internal.kr4.postgres.rds.ngovc.com] 응답시간 통계 - 최소: 9ms, 평균: 10ms, 최대: 14ms, P95: 12ms, P99: 13ms
[2026-02-23 14:15:34] [INFO] [38841fbe-5985-481c-9a6d-d0310520c2af.internal.kr4.postgres.rds.ngovc.com] (269/0/269)
[2026-02-23 14:15:34] [INFO] [rancher-gov.goe.go.kr] (269/0/269)
[2026-02-23 14:15:34] [INFO] [38841fbe-5985-481c-9a6d-d0310520c2af.internal.kr4.postgres.rds.ngovc.com] 응답시간 통계 - 최소: 9ms, 평균: 10ms, 최대: 15ms, P95: 12ms, P99: 13ms
[2026-02-23 14:15:34] [INFO] [rancher-gov.goe.go.kr] 응답시간 통계 - 최소: 9ms, 평균: 10ms, 최대: 14ms, P95: 12ms, P99: 13ms
[2026-02-23 14:16:34] [INFO] [rancher-gov.goe.go.kr] (267/0/267)
[2026-02-23 14:16:34] [INFO] [38841fbe-5985-481c-9a6d-d0310520c2af.internal.kr4.postgres.rds.ngovc.com] (267/0/267)
[2026-02-23 14:16:34] [INFO] [rancher-gov.goe.go.kr] 응답시간 통계 - 최소: 9ms, 평균: 10ms, 최대: 14ms, P95: 12ms, P99: 13ms
[2026-02-23 14:16:34] [INFO] [38841fbe-5985-481c-9a6d-d0310520c2af.internal.kr4.postgres.rds.ngovc.com] 응답시간 통계 - 최소: 9ms, 평균: 10ms, 최대: 14ms, P95: 12ms, P99: 13ms
[2026-02-23 14:17:34] [INFO] [rancher-gov.goe.go.kr] (268/0/268)
[2026-02-23 14:17:34] [INFO] [38841fbe-5985-481c-9a6d-d0310520c2af.internal.kr4.postgres.rds.ngovc.com] (268/0/268)
[2026-02-23 14:17:34] [INFO] [rancher-gov.goe.go.kr] 응답시간 통계 - 최소: 9ms, 평균: 10ms, 최대: 14ms, P95: 11ms, P99: 13ms
[2026-02-23 14:17:34] [INFO] [38841fbe-5985-481c-9a6d-d0310520c2af.internal.kr4.postgres.rds.ngovc.com] 응답시간 통계 - 최소: 9ms, 평균: 10ms, 최대: 15ms, P95: 12ms, P99: 14ms
[2026-02-23 14:18:34] [INFO] [rancher-gov.goe.go.kr] (267/0/267)
[2026-02-23 14:18:34] [INFO] [38841fbe-5985-481c-9a6d-d0310520c2af.internal.kr4.postgres.rds.ngovc.com] (267/0/267)
[2026-02-23 14:18:34] [INFO] [rancher-gov.goe.go.kr] 응답시간 통계 - 최소: 9ms, 평균: 10ms, 최대: 17ms, P95: 11ms, P99: 13ms
[2026-02-23 14:18:34] [INFO] [38841fbe-5985-481c-9a6d-d0310520c2af.internal.kr4.postgres.rds.ngovc.com] 응답시간 통계 - 최소: 9ms, 평균: 10ms, 최대: 18ms, P95: 12ms, P99: 13ms
[2026-02-23 14:19:34] [INFO] [38841fbe-5985-481c-9a6d-d0310520c2af.internal.kr4.postgres.rds.ngovc.com] (268/0/268)
[2026-02-23 14:19:34] [INFO] [rancher-gov.goe.go.kr] (268/0/268)
[2026-02-23 14:19:34] [INFO] [38841fbe-5985-481c-9a6d-d0310520c2af.internal.kr4.postgres.rds.ngovc.com] 응답시간 통계 - 최소: 9ms, 평균: 10ms, 최대: 15ms, P95: 12ms, P99: 14ms
[2026-02-23 14:19:34] [INFO] [rancher-gov.goe.go.kr] 응답시간 통계 - 최소: 9ms, 평균: 10ms, 최대: 13ms, P95: 12ms, P99: 13ms
[2026-02-23 14:20:34] [INFO] [38841fbe-5985-481c-9a6d-d0310520c2af.internal.kr4.postgres.rds.ngovc.com] (268/0/268)
[2026-02-23 14:20:34] [INFO] [rancher-gov.goe.go.kr] (268/0/268)
[2026-02-23 14:20:34] [INFO] [38841fbe-5985-481c-9a6d-d0310520c2af.internal.kr4.postgres.rds.ngovc.com] 응답시간 통계 - 최소: 9ms, 평균: 10ms, 최대: 14ms, P95: 12ms, P99: 14ms
[2026-02-23 14:20:34] [INFO] [rancher-gov.goe.go.kr] 응답시간 통계 - 최소: 9ms, 평균: 10ms, 최대: 14ms, P95: 12ms, P99: 13ms
[2026-02-23 14:21:34] [INFO] [rancher-gov.goe.go.kr] (267/0/267)
[2026-02-23 14:21:34] [INFO] [rancher-gov.goe.go.kr] 응답시간 통계 - 최소: 9ms, 평균: 10ms, 최대: 14ms, P95: 12ms, P99: 13ms
[2026-02-23 14:21:34] [INFO] [38841fbe-5985-481c-9a6d-d0310520c2af.internal.kr4.postgres.rds.ngovc.com] (267/0/267)
[2026-02-23 14:21:34] [INFO] [38841fbe-5985-481c-9a6d-d0310520c2af.internal.kr4.postgres.rds.ngovc.com] 응답시간 통계 - 최소: 9ms, 평균: 10ms, 최대: 17ms, P95: 12ms, P99: 14ms
[2026-02-23 14:22:34] [INFO] [38841fbe-5985-481c-9a6d-d0310520c2af.internal.kr4.postgres.rds.ngovc.com] (267/0/267)
[2026-02-23 14:22:34] [INFO] [rancher-gov.goe.go.kr] (267/0/267)
[2026-02-23 14:22:34] [INFO] [38841fbe-5985-481c-9a6d-d0310520c2af.internal.kr4.postgres.rds.ngovc.com] 응답시간 통계 - 최소: 9ms, 평균: 10ms, 최대: 16ms, P95: 13ms, P99: 14ms
[2026-02-23 14:22:34] [INFO] [rancher-gov.goe.go.kr] 응답시간 통계 - 최소: 9ms, 평균: 10ms, 최대: 16ms, P95: 13ms, P99: 14ms
[2026-02-23 14:23:34] [INFO] [38841fbe-5985-481c-9a6d-d0310520c2af.internal.kr4.postgres.rds.ngovc.com] (269/0/269)
[2026-02-23 14:23:34] [INFO] [38841fbe-5985-481c-9a6d-d0310520c2af.internal.kr4.postgres.rds.ngovc.com] 응답시간 통계 - 최소: 9ms, 평균: 10ms, 최대: 15ms, P95: 13ms, P99: 14ms
[2026-02-23 14:23:34] [INFO] [rancher-gov.goe.go.kr] (269/0/269)
[2026-02-23 14:23:34] [INFO] [rancher-gov.goe.go.kr] 응답시간 통계 - 최소: 9ms, 평균: 10ms, 최대: 14ms, P95: 12ms, P99: 13ms
[2026-02-23 14:24:34] [INFO] [rancher-gov.goe.go.kr] (268/0/268)
[2026-02-23 14:24:34] [INFO] [38841fbe-5985-481c-9a6d-d0310520c2af.internal.kr4.postgres.rds.ngovc.com] (268/0/268)
[2026-02-23 14:24:34] [INFO] [rancher-gov.goe.go.kr] 응답시간 통계 - 최소: 9ms, 평균: 10ms, 최대: 15ms, P95: 11ms, P99: 13ms
[2026-02-23 14:24:34] [INFO] [38841fbe-5985-481c-9a6d-d0310520c2af.internal.kr4.postgres.rds.ngovc.com] 응답시간 통계 - 최소: 8ms, 평균: 10ms, 최대: 30ms, P95: 12ms, P99: 13ms
[2026-02-23 14:25:34] [INFO] [rancher-gov.goe.go.kr] (269/0/269)
[2026-02-23 14:25:34] [INFO] [38841fbe-5985-481c-9a6d-d0310520c2af.internal.kr4.postgres.rds.ngovc.com] (269/0/269)
[2026-02-23 14:25:34] [INFO] [rancher-gov.goe.go.kr] 응답시간 통계 - 최소: 9ms, 평균: 10ms, 최대: 13ms, P95: 11ms, P99: 12ms
[2026-02-23 14:25:34] [INFO] [38841fbe-5985-481c-9a6d-d0310520c2af.internal.kr4.postgres.rds.ngovc.com] 응답시간 통계 - 최소: 9ms, 평균: 10ms, 최대: 15ms, P95: 12ms, P99: 14ms
[2026-02-23 14:26:34] [INFO] [38841fbe-5985-481c-9a6d-d0310520c2af.internal.kr4.postgres.rds.ngovc.com] (268/0/268)
[2026-02-23 14:26:34] [INFO] [rancher-gov.goe.go.kr] (268/0/268)
[2026-02-23 14:26:34] [INFO] [38841fbe-5985-481c-9a6d-d0310520c2af.internal.kr4.postgres.rds.ngovc.com] 응답시간 통계 - 최소: 9ms, 평균: 10ms, 최대: 15ms, P95: 12ms, P99: 14ms
[2026-02-23 14:26:34] [INFO] [rancher-gov.goe.go.kr] 응답시간 통계 - 최소: 9ms, 평균: 10ms, 최대: 13ms, P95: 12ms, P99: 13ms
[2026-02-23 14:27:34] [INFO] [rancher-gov.goe.go.kr] (268/0/268)
[2026-02-23 14:27:34] [INFO] [38841fbe-5985-481c-9a6d-d0310520c2af.internal.kr4.postgres.rds.ngovc.com] (268/0/268)
[2026-02-23 14:27:34] [INFO] [rancher-gov.goe.go.kr] 응답시간 통계 - 최소: 9ms, 평균: 10ms, 최대: 13ms, P95: 12ms, P99: 13ms
[2026-02-23 14:27:34] [INFO] [38841fbe-5985-481c-9a6d-d0310520c2af.internal.kr4.postgres.rds.ngovc.com] 응답시간 통계 - 최소: 9ms, 평균: 10ms, 최대: 14ms, P95: 13ms, P99: 14ms
[2026-02-23 14:28:34] [INFO] [rancher-gov.goe.go.kr] (268/0/268)
[2026-02-23 14:28:34] [INFO] [38841fbe-5985-481c-9a6d-d0310520c2af.internal.kr4.postgres.rds.ngovc.com] (268/0/268)
[2026-02-23 14:28:34] [INFO] [rancher-gov.goe.go.kr] 응답시간 통계 - 최소: 9ms, 평균: 10ms, 최대: 14ms, P95: 12ms, P99: 13ms
[2026-02-23 14:28:34] [INFO] [38841fbe-5985-481c-9a6d-d0310520c2af.internal.kr4.postgres.rds.ngovc.com] 응답시간 통계 - 최소: 8ms, 평균: 10ms, 최대: 16ms, P95: 12ms, P99: 13ms
[2026-02-23 14:29:34] [INFO] [rancher-gov.goe.go.kr] (267/0/267)
[2026-02-23 14:29:34] [INFO] [38841fbe-5985-481c-9a6d-d0310520c2af.internal.kr4.postgres.rds.ngovc.com] (267/0/267)
[2026-02-23 14:29:34] [INFO] [rancher-gov.goe.go.kr] 응답시간 통계 - 최소: 9ms, 평균: 10ms, 최대: 13ms, P95: 12ms, P99: 12ms
[2026-02-23 14:29:34] [INFO] [38841fbe-5985-481c-9a6d-d0310520c2af.internal.kr4.postgres.rds.ngovc.com] 응답시간 통계 - 최소: 9ms, 평균: 10ms, 최대: 15ms, P95: 12ms, P99: 14ms
[2026-02-23 14:30:34] [INFO] [rancher-gov.goe.go.kr] (268/0/268)
[2026-02-23 14:30:34] [INFO] [38841fbe-5985-481c-9a6d-d0310520c2af.internal.kr4.postgres.rds.ngovc.com] (268/0/268)
[2026-02-23 14:30:34] [INFO] [rancher-gov.goe.go.kr] 응답시간 통계 - 최소: 9ms, 평균: 10ms, 최대: 14ms, P95: 12ms, P99: 13ms
[2026-02-23 14:30:34] [INFO] [38841fbe-5985-481c-9a6d-d0310520c2af.internal.kr4.postgres.rds.ngovc.com] 응답시간 통계 - 최소: 9ms, 평균: 10ms, 최대: 14ms, P95: 12ms, P99: 13ms
[2026-02-23 14:31:34] [INFO] [rancher-gov.goe.go.kr] (268/0/268)
[2026-02-23 14:31:34] [INFO] [38841fbe-5985-481c-9a6d-d0310520c2af.internal.kr4.postgres.rds.ngovc.com] (268/0/268)
[2026-02-23 14:31:34] [INFO] [rancher-gov.goe.go.kr] 응답시간 통계 - 최소: 9ms, 평균: 10ms, 최대: 14ms, P95: 12ms, P99: 13ms
[2026-02-23 14:31:34] [INFO] [38841fbe-5985-481c-9a6d-d0310520c2af.internal.kr4.postgres.rds.ngovc.com] 응답시간 통계 - 최소: 9ms, 평균: 10ms, 최대: 14ms, P95: 12ms, P99: 13ms
[2026-02-23 14:32:34] [INFO] [38841fbe-5985-481c-9a6d-d0310520c2af.internal.kr4.postgres.rds.ngovc.com] (268/0/268)
[2026-02-23 14:32:34] [INFO] [rancher-gov.goe.go.kr] (268/0/268)
[2026-02-23 14:32:34] [INFO] [rancher-gov.goe.go.kr] 응답시간 통계 - 최소: 9ms, 평균: 10ms, 최대: 14ms, P95: 12ms, P99: 13ms
[2026-02-23 14:32:34] [INFO] [38841fbe-5985-481c-9a6d-d0310520c2af.internal.kr4.postgres.rds.ngovc.com] 응답시간 통계 - 최소: 9ms, 평균: 10ms, 최대: 15ms, P95: 13ms, P99: 15ms
[2026-02-23 14:33:34] [INFO] [rancher-gov.goe.go.kr] (267/0/267)
[2026-02-23 14:33:34] [INFO] [rancher-gov.goe.go.kr] 응답시간 통계 - 최소: 9ms, 평균: 10ms, 최대: 17ms, P95: 12ms, P99: 14ms
[2026-02-23 14:33:34] [INFO] [38841fbe-5985-481c-9a6d-d0310520c2af.internal.kr4.postgres.rds.ngovc.com] (267/0/267)
[2026-02-23 14:33:34] [INFO] [38841fbe-5985-481c-9a6d-d0310520c2af.internal.kr4.postgres.rds.ngovc.com] 응답시간 통계 - 최소: 9ms, 평균: 10ms, 최대: 15ms, P95: 13ms, P99: 14ms
[2026-02-23 14:34:34] [INFO] [rancher-gov.goe.go.kr] (267/0/267)
[2026-02-23 14:34:34] [INFO] [rancher-gov.goe.go.kr] 응답시간 통계 - 최소: 10ms, 평균: 10ms, 최대: 13ms, P95: 11ms, P99: 12ms
[2026-02-23 14:34:34] [INFO] [38841fbe-5985-481c-9a6d-d0310520c2af.internal.kr4.postgres.rds.ngovc.com] (267/0/267)
[2026-02-23 14:34:34] [INFO] [38841fbe-5985-481c-9a6d-d0310520c2af.internal.kr4.postgres.rds.ngovc.com] 응답시간 통계 - 최소: 9ms, 평균: 10ms, 최대: 15ms, P95: 12ms, P99: 13ms
[2026-02-23 14:35:34] [INFO] [rancher-gov.goe.go.kr] (267/0/267)
[2026-02-23 14:35:34] [INFO] [rancher-gov.goe.go.kr] 응답시간 통계 - 최소: 9ms, 평균: 10ms, 최대: 14ms, P95: 12ms, P99: 13ms
[2026-02-23 14:35:34] [INFO] [38841fbe-5985-481c-9a6d-d0310520c2af.internal.kr4.postgres.rds.ngovc.com] (267/0/267)
[2026-02-23 14:35:34] [INFO] [38841fbe-5985-481c-9a6d-d0310520c2af.internal.kr4.postgres.rds.ngovc.com] 응답시간 통계 - 최소: 9ms, 평균: 10ms, 최대: 14ms, P95: 12ms, P99: 14ms
[2026-02-23 14:36:34] [INFO] [rancher-gov.goe.go.kr] (267/0/267)
[2026-02-23 14:36:34] [INFO] [38841fbe-5985-481c-9a6d-d0310520c2af.internal.kr4.postgres.rds.ngovc.com] (267/0/267)
[2026-02-23 14:36:34] [INFO] [rancher-gov.goe.go.kr] 응답시간 통계 - 최소: 10ms, 평균: 10ms, 최대: 14ms, P95: 12ms, P99: 13ms
[2026-02-23 14:36:34] [INFO] [38841fbe-5985-481c-9a6d-d0310520c2af.internal.kr4.postgres.rds.ngovc.com] 응답시간 통계 - 최소: 9ms, 평균: 10ms, 최대: 16ms, P95: 12ms, P99: 13ms
[2026-02-23 14:37:34] [INFO] [rancher-gov.goe.go.kr] (269/0/269)
[2026-02-23 14:37:34] [INFO] [rancher-gov.goe.go.kr] 응답시간 통계 - 최소: 9ms, 평균: 10ms, 최대: 13ms, P95: 12ms, P99: 12ms
[2026-02-23 14:37:34] [INFO] [38841fbe-5985-481c-9a6d-d0310520c2af.internal.kr4.postgres.rds.ngovc.com] (269/0/269)
[2026-02-23 14:37:34] [INFO] [38841fbe-5985-481c-9a6d-d0310520c2af.internal.kr4.postgres.rds.ngovc.com] 응답시간 통계 - 최소: 9ms, 평균: 10ms, 최대: 17ms, P95: 12ms, P99: 14ms
[2026-02-23 14:38:34] [INFO] [38841fbe-5985-481c-9a6d-d0310520c2af.internal.kr4.postgres.rds.ngovc.com] (267/0/267)
[2026-02-23 14:38:34] [INFO] [rancher-gov.goe.go.kr] (267/0/267)
[2026-02-23 14:38:34] [INFO] [38841fbe-5985-481c-9a6d-d0310520c2af.internal.kr4.postgres.rds.ngovc.com] 응답시간 통계 - 최소: 9ms, 평균: 10ms, 최대: 16ms, P95: 12ms, P99: 14ms
[2026-02-23 14:38:34] [INFO] [rancher-gov.goe.go.kr] 응답시간 통계 - 최소: 9ms, 평균: 10ms, 최대: 15ms, P95: 12ms, P99: 14ms
[2026-02-23 14:39:34] [INFO] [38841fbe-5985-481c-9a6d-d0310520c2af.internal.kr4.postgres.rds.ngovc.com] (267/0/267)
[2026-02-23 14:39:34] [INFO] [38841fbe-5985-481c-9a6d-d0310520c2af.internal.kr4.postgres.rds.ngovc.com] 응답시간 통계 - 최소: 9ms, 평균: 10ms, 최대: 14ms, P95: 12ms, P99: 14ms
[2026-02-23 14:39:34] [INFO] [rancher-gov.goe.go.kr] (267/0/267)
[2026-02-23 14:39:34] [INFO] [rancher-gov.goe.go.kr] 응답시간 통계 - 최소: 9ms, 평균: 10ms, 최대: 14ms, P95: 12ms, P99: 14ms
[2026-02-23 14:40:34] [INFO] [rancher-gov.goe.go.kr] (267/0/267)
[2026-02-23 14:40:34] [INFO] [38841fbe-5985-481c-9a6d-d0310520c2af.internal.kr4.postgres.rds.ngovc.com] (267/0/267)
[2026-02-23 14:40:34] [INFO] [rancher-gov.goe.go.kr] 응답시간 통계 - 최소: 9ms, 평균: 10ms, 최대: 14ms, P95: 12ms, P99: 13ms
[2026-02-23 14:40:34] [INFO] [38841fbe-5985-481c-9a6d-d0310520c2af.internal.kr4.postgres.rds.ngovc.com] 응답시간 통계 - 최소: 9ms, 평균: 10ms, 최대: 15ms, P95: 13ms, P99: 14ms
[2026-02-23 14:41:34] [INFO] [rancher-gov.goe.go.kr] (268/0/268)
[2026-02-23 14:41:34] [INFO] [38841fbe-5985-481c-9a6d-d0310520c2af.internal.kr4.postgres.rds.ngovc.com] (268/0/268)
[2026-02-23 14:41:34] [INFO] [rancher-gov.goe.go.kr] 응답시간 통계 - 최소: 9ms, 평균: 10ms, 최대: 14ms, P95: 12ms, P99: 13ms
[2026-02-23 14:41:34] [INFO] [38841fbe-5985-481c-9a6d-d0310520c2af.internal.kr4.postgres.rds.ngovc.com] 응답시간 통계 - 최소: 9ms, 평균: 10ms, 최대: 14ms, P95: 12ms, P99: 14ms
[2026-02-23 14:42:34] [INFO] [38841fbe-5985-481c-9a6d-d0310520c2af.internal.kr4.postgres.rds.ngovc.com] (268/0/268)
[2026-02-23 14:42:34] [INFO] [38841fbe-5985-481c-9a6d-d0310520c2af.internal.kr4.postgres.rds.ngovc.com] 응답시간 통계 - 최소: 8ms, 평균: 10ms, 최대: 16ms, P95: 12ms, P99: 14ms
[2026-02-23 14:42:34] [INFO] [rancher-gov.goe.go.kr] (268/0/268)
[2026-02-23 14:42:34] [INFO] [rancher-gov.goe.go.kr] 응답시간 통계 - 최소: 9ms, 평균: 10ms, 최대: 16ms, P95: 12ms, P99: 13ms
[2026-02-23 14:43:34] [INFO] [38841fbe-5985-481c-9a6d-d0310520c2af.internal.kr4.postgres.rds.ngovc.com] (267/0/267)
[2026-02-23 14:43:34] [INFO] [rancher-gov.goe.go.kr] (267/0/267)
[2026-02-23 14:43:34] [INFO] [38841fbe-5985-481c-9a6d-d0310520c2af.internal.kr4.postgres.rds.ngovc.com] 응답시간 통계 - 최소: 9ms, 평균: 10ms, 최대: 15ms, P95: 12ms, P99: 14ms
[2026-02-23 14:43:34] [INFO] [rancher-gov.goe.go.kr] 응답시간 통계 - 최소: 9ms, 평균: 10ms, 최대: 16ms, P95: 12ms, P99: 14ms
[2026-02-23 14:44:34] [INFO] [rancher-gov.goe.go.kr] (267/0/267)
[2026-02-23 14:44:34] [INFO] [38841fbe-5985-481c-9a6d-d0310520c2af.internal.kr4.postgres.rds.ngovc.com] (267/0/267)
[2026-02-23 14:44:34] [INFO] [rancher-gov.goe.go.kr] 응답시간 통계 - 최소: 9ms, 평균: 10ms, 최대: 15ms, P95: 12ms, P99: 13ms
[2026-02-23 14:44:34] [INFO] [38841fbe-5985-481c-9a6d-d0310520c2af.internal.kr4.postgres.rds.ngovc.com] 응답시간 통계 - 최소: 9ms, 평균: 10ms, 최대: 15ms, P95: 12ms, P99: 14ms
[2026-02-23 14:45:34] [INFO] [rancher-gov.goe.go.kr] (269/0/269)
[2026-02-23 14:45:34] [INFO] [rancher-gov.goe.go.kr] 응답시간 통계 - 최소: 9ms, 평균: 10ms, 최대: 12ms, P95: 11ms, P99: 12ms
[2026-02-23 14:45:34] [INFO] [38841fbe-5985-481c-9a6d-d0310520c2af.internal.kr4.postgres.rds.ngovc.com] (269/0/269)
[2026-02-23 14:45:34] [INFO] [38841fbe-5985-481c-9a6d-d0310520c2af.internal.kr4.postgres.rds.ngovc.com] 응답시간 통계 - 최소: 9ms, 평균: 10ms, 최대: 14ms, P95: 12ms, P99: 13ms
[2026-02-23 14:46:34] [INFO] [rancher-gov.goe.go.kr] (267/0/267)
[2026-02-23 14:46:34] [INFO] [38841fbe-5985-481c-9a6d-d0310520c2af.internal.kr4.postgres.rds.ngovc.com] (267/0/267)
[2026-02-23 14:46:34] [INFO] [rancher-gov.goe.go.kr] 응답시간 통계 - 최소: 9ms, 평균: 10ms, 최대: 21ms, P95: 12ms, P99: 13ms
[2026-02-23 14:46:34] [INFO] [38841fbe-5985-481c-9a6d-d0310520c2af.internal.kr4.postgres.rds.ngovc.com] 응답시간 통계 - 최소: 9ms, 평균: 10ms, 최대: 21ms, P95: 13ms, P99: 15ms
[2026-02-23 14:47:34] [INFO] [rancher-gov.goe.go.kr] (267/0/267)
[2026-02-23 14:47:34] [INFO] [38841fbe-5985-481c-9a6d-d0310520c2af.internal.kr4.postgres.rds.ngovc.com] (267/0/267)
[2026-02-23 14:47:34] [INFO] [rancher-gov.goe.go.kr] 응답시간 통계 - 최소: 9ms, 평균: 10ms, 최대: 15ms, P95: 12ms, P99: 13ms
[2026-02-23 14:47:34] [INFO] [38841fbe-5985-481c-9a6d-d0310520c2af.internal.kr4.postgres.rds.ngovc.com] 응답시간 통계 - 최소: 9ms, 평균: 10ms, 최대: 15ms, P95: 12ms, P99: 15ms
[2026-02-23 14:48:34] [INFO] [38841fbe-5985-481c-9a6d-d0310520c2af.internal.kr4.postgres.rds.ngovc.com] (268/0/268)
[2026-02-23 14:48:34] [INFO] [rancher-gov.goe.go.kr] (268/0/268)
[2026-02-23 14:48:34] [INFO] [38841fbe-5985-481c-9a6d-d0310520c2af.internal.kr4.postgres.rds.ngovc.com] 응답시간 통계 - 최소: 9ms, 평균: 10ms, 최대: 15ms, P95: 12ms, P99: 14ms
[2026-02-23 14:48:34] [INFO] [rancher-gov.goe.go.kr] 응답시간 통계 - 최소: 9ms, 평균: 10ms, 최대: 15ms, P95: 12ms, P99: 13ms
[2026-02-23 14:49:34] [INFO] [rancher-gov.goe.go.kr] (267/0/267)
[2026-02-23 14:49:34] [INFO] [rancher-gov.goe.go.kr] 응답시간 통계 - 최소: 9ms, 평균: 10ms, 최대: 19ms, P95: 12ms, P99: 14ms
[2026-02-23 14:49:34] [INFO] [38841fbe-5985-481c-9a6d-d0310520c2af.internal.kr4.postgres.rds.ngovc.com] (267/0/267)
[2026-02-23 14:49:34] [INFO] [38841fbe-5985-481c-9a6d-d0310520c2af.internal.kr4.postgres.rds.ngovc.com] 응답시간 통계 - 최소: 9ms, 평균: 10ms, 최대: 20ms, P95: 13ms, P99: 14ms
[2026-02-23 14:50:34] [INFO] [38841fbe-5985-481c-9a6d-d0310520c2af.internal.kr4.postgres.rds.ngovc.com] (267/0/267)
[2026-02-23 14:50:34] [INFO] [38841fbe-5985-481c-9a6d-d0310520c2af.internal.kr4.postgres.rds.ngovc.com] 응답시간 통계 - 최소: 9ms, 평균: 10ms, 최대: 18ms, P95: 12ms, P99: 14ms
[2026-02-23 14:50:34] [INFO] [rancher-gov.goe.go.kr] (267/0/267)
[2026-02-23 14:50:34] [INFO] [rancher-gov.goe.go.kr] 응답시간 통계 - 최소: 9ms, 평균: 10ms, 최대: 20ms, P95: 12ms, P99: 14ms
[2026-02-23 14:51:34] [INFO] [38841fbe-5985-481c-9a6d-d0310520c2af.internal.kr4.postgres.rds.ngovc.com] (267/0/267)
[2026-02-23 14:51:34] [INFO] [38841fbe-5985-481c-9a6d-d0310520c2af.internal.kr4.postgres.rds.ngovc.com] 응답시간 통계 - 최소: 9ms, 평균: 10ms, 최대: 14ms, P95: 13ms, P99: 14ms
[2026-02-23 14:51:34] [INFO] [rancher-gov.goe.go.kr] (267/0/267)
[2026-02-23 14:51:34] [INFO] [rancher-gov.goe.go.kr] 응답시간 통계 - 최소: 9ms, 평균: 10ms, 최대: 14ms, P95: 12ms, P99: 13ms
[2026-02-23 14:52:34] [INFO] [38841fbe-5985-481c-9a6d-d0310520c2af.internal.kr4.postgres.rds.ngovc.com] (267/0/267)
[2026-02-23 14:52:34] [INFO] [38841fbe-5985-481c-9a6d-d0310520c2af.internal.kr4.postgres.rds.ngovc.com] 응답시간 통계 - 최소: 9ms, 평균: 10ms, 최대: 15ms, P95: 13ms, P99: 14ms
[2026-02-23 14:52:34] [INFO] [rancher-gov.goe.go.kr] (267/0/267)
[2026-02-23 14:52:34] [INFO] [rancher-gov.goe.go.kr] 응답시간 통계 - 최소: 9ms, 평균: 10ms, 최대: 13ms, P95: 12ms, P99: 13ms
[2026-02-23 14:53:34] [INFO] [rancher-gov.goe.go.kr] (268/0/268)
[2026-02-23 14:53:34] [INFO] [38841fbe-5985-481c-9a6d-d0310520c2af.internal.kr4.postgres.rds.ngovc.com] (268/0/268)
[2026-02-23 14:53:34] [INFO] [rancher-gov.goe.go.kr] 응답시간 통계 - 최소: 9ms, 평균: 10ms, 최대: 15ms, P95: 12ms, P99: 13ms
[2026-02-23 14:53:34] [INFO] [38841fbe-5985-481c-9a6d-d0310520c2af.internal.kr4.postgres.rds.ngovc.com] 응답시간 통계 - 최소: 9ms, 평균: 10ms, 최대: 18ms, P95: 13ms, P99: 14ms
[2026-02-23 14:54:34] [INFO] [rancher-gov.goe.go.kr] (268/0/268)
[2026-02-23 14:54:34] [INFO] [38841fbe-5985-481c-9a6d-d0310520c2af.internal.kr4.postgres.rds.ngovc.com] (268/0/268)
[2026-02-23 14:54:34] [INFO] [rancher-gov.goe.go.kr] 응답시간 통계 - 최소: 9ms, 평균: 10ms, 최대: 18ms, P95: 12ms, P99: 13ms
[2026-02-23 14:54:34] [INFO] [38841fbe-5985-481c-9a6d-d0310520c2af.internal.kr4.postgres.rds.ngovc.com] 응답시간 통계 - 최소: 9ms, 평균: 10ms, 최대: 16ms, P95: 12ms, P99: 14ms
[2026-02-23 14:55:34] [INFO] [38841fbe-5985-481c-9a6d-d0310520c2af.internal.kr4.postgres.rds.ngovc.com] (267/0/267)
[2026-02-23 14:55:34] [INFO] [38841fbe-5985-481c-9a6d-d0310520c2af.internal.kr4.postgres.rds.ngovc.com] 응답시간 통계 - 최소: 9ms, 평균: 10ms, 최대: 21ms, P95: 13ms, P99: 14ms
[2026-02-23 14:55:34] [INFO] [rancher-gov.goe.go.kr] (267/0/267)
[2026-02-23 14:55:34] [INFO] [rancher-gov.goe.go.kr] 응답시간 통계 - 최소: 9ms, 평균: 10ms, 최대: 16ms, P95: 13ms, P99: 14ms
[2026-02-23 14:56:34] [INFO] [38841fbe-5985-481c-9a6d-d0310520c2af.internal.kr4.postgres.rds.ngovc.com] (267/0/267)
[2026-02-23 14:56:34] [INFO] [rancher-gov.goe.go.kr] (267/0/267)
[2026-02-23 14:56:34] [INFO] [38841fbe-5985-481c-9a6d-d0310520c2af.internal.kr4.postgres.rds.ngovc.com] 응답시간 통계 - 최소: 9ms, 평균: 10ms, 최대: 16ms, P95: 12ms, P99: 14ms
[2026-02-23 14:56:34] [INFO] [rancher-gov.goe.go.kr] 응답시간 통계 - 최소: 9ms, 평균: 10ms, 최대: 14ms, P95: 12ms, P99: 13ms
[2026-02-23 14:57:34] [INFO] [38841fbe-5985-481c-9a6d-d0310520c2af.internal.kr4.postgres.rds.ngovc.com] (268/0/268)
[2026-02-23 14:57:34] [INFO] [rancher-gov.goe.go.kr] (268/0/268)
[2026-02-23 14:57:34] [INFO] [38841fbe-5985-481c-9a6d-d0310520c2af.internal.kr4.postgres.rds.ngovc.com] 응답시간 통계 - 최소: 9ms, 평균: 10ms, 최대: 14ms, P95: 12ms, P99: 13ms
[2026-02-23 14:57:34] [INFO] [rancher-gov.goe.go.kr] 응답시간 통계 - 최소: 9ms, 평균: 10ms, 최대: 13ms, P95: 12ms, P99: 12ms
[2026-02-23 14:58:34] [INFO] [rancher-gov.goe.go.kr] (269/0/269)
[2026-02-23 14:58:34] [INFO] [rancher-gov.goe.go.kr] 응답시간 통계 - 최소: 9ms, 평균: 10ms, 최대: 13ms, P95: 12ms, P99: 13ms
[2026-02-23 14:58:34] [INFO] [38841fbe-5985-481c-9a6d-d0310520c2af.internal.kr4.postgres.rds.ngovc.com] (269/0/269)
[2026-02-23 14:58:34] [INFO] [38841fbe-5985-481c-9a6d-d0310520c2af.internal.kr4.postgres.rds.ngovc.com] 응답시간 통계 - 최소: 9ms, 평균: 10ms, 최대: 14ms, P95: 12ms, P99: 13ms
[2026-02-23 14:59:34] [INFO] [rancher-gov.goe.go.kr] (269/0/269)
[2026-02-23 14:59:34] [INFO] [38841fbe-5985-481c-9a6d-d0310520c2af.internal.kr4.postgres.rds.ngovc.com] (269/0/269)
[2026-02-23 14:59:34] [INFO] [rancher-gov.goe.go.kr] 응답시간 통계 - 최소: 9ms, 평균: 10ms, 최대: 14ms, P95: 12ms, P99: 13ms
[2026-02-23 14:59:34] [INFO] [38841fbe-5985-481c-9a6d-d0310520c2af.internal.kr4.postgres.rds.ngovc.com] 응답시간 통계 - 최소: 8ms, 평균: 10ms, 최대: 15ms, P95: 12ms, P99: 14ms
[2026-02-23 15:00:34] [INFO] [rancher-gov.goe.go.kr] (268/0/268)
[2026-02-23 15:00:34] [INFO] [38841fbe-5985-481c-9a6d-d0310520c2af.internal.kr4.postgres.rds.ngovc.com] (268/0/268)
[2026-02-23 15:00:34] [INFO] [rancher-gov.goe.go.kr] 응답시간 통계 - 최소: 9ms, 평균: 10ms, 최대: 14ms, P95: 12ms, P99: 13ms
[2026-02-23 15:00:34] [INFO] [38841fbe-5985-481c-9a6d-d0310520c2af.internal.kr4.postgres.rds.ngovc.com] 응답시간 통계 - 최소: 9ms, 평균: 10ms, 최대: 15ms, P95: 12ms, P99: 13ms
[2026-02-23 15:01:34] [INFO] [rancher-gov.goe.go.kr] (268/0/268)
[2026-02-23 15:01:34] [INFO] [38841fbe-5985-481c-9a6d-d0310520c2af.internal.kr4.postgres.rds.ngovc.com] (268/0/268)
[2026-02-23 15:01:34] [INFO] [rancher-gov.goe.go.kr] 응답시간 통계 - 최소: 9ms, 평균: 10ms, 최대: 14ms, P95: 12ms, P99: 13ms
[2026-02-23 15:01:34] [INFO] [38841fbe-5985-481c-9a6d-d0310520c2af.internal.kr4.postgres.rds.ngovc.com] 응답시간 통계 - 최소: 9ms, 평균: 10ms, 최대: 14ms, P95: 12ms, P99: 14ms
[2026-02-23 15:02:34] [INFO] [38841fbe-5985-481c-9a6d-d0310520c2af.internal.kr4.postgres.rds.ngovc.com] (268/0/268)
[2026-02-23 15:02:34] [INFO] [rancher-gov.goe.go.kr] (268/0/268)
[2026-02-23 15:02:34] [INFO] [38841fbe-5985-481c-9a6d-d0310520c2af.internal.kr4.postgres.rds.ngovc.com] 응답시간 통계 - 최소: 9ms, 평균: 10ms, 최대: 16ms, P95: 12ms, P99: 14ms
[2026-02-23 15:02:34] [INFO] [rancher-gov.goe.go.kr] 응답시간 통계 - 최소: 9ms, 평균: 10ms, 최대: 15ms, P95: 12ms, P99: 12ms
[2026-02-23 15:03:34] [INFO] [38841fbe-5985-481c-9a6d-d0310520c2af.internal.kr4.postgres.rds.ngovc.com] (269/0/269)
[2026-02-23 15:03:34] [INFO] [rancher-gov.goe.go.kr] (269/0/269)
[2026-02-23 15:03:34] [INFO] [38841fbe-5985-481c-9a6d-d0310520c2af.internal.kr4.postgres.rds.ngovc.com] 응답시간 통계 - 최소: 9ms, 평균: 10ms, 최대: 15ms, P95: 12ms, P99: 14ms
[2026-02-23 15:03:34] [INFO] [rancher-gov.goe.go.kr] 응답시간 통계 - 최소: 9ms, 평균: 10ms, 최대: 14ms, P95: 12ms, P99: 13ms
[2026-02-23 15:04:34] [INFO] [rancher-gov.goe.go.kr] (267/0/267)
[2026-02-23 15:04:34] [INFO] [38841fbe-5985-481c-9a6d-d0310520c2af.internal.kr4.postgres.rds.ngovc.com] (267/0/267)
[2026-02-23 15:04:34] [INFO] [rancher-gov.goe.go.kr] 응답시간 통계 - 최소: 9ms, 평균: 10ms, 최대: 17ms, P95: 13ms, P99: 14ms
[2026-02-23 15:04:34] [INFO] [38841fbe-5985-481c-9a6d-d0310520c2af.internal.kr4.postgres.rds.ngovc.com] 응답시간 통계 - 최소: 9ms, 평균: 10ms, 최대: 18ms, P95: 13ms, P99: 15ms
[2026-02-23 15:05:34] [INFO] [rancher-gov.goe.go.kr] (267/0/267)
[2026-02-23 15:05:34] [INFO] [rancher-gov.goe.go.kr] 응답시간 통계 - 최소: 9ms, 평균: 10ms, 최대: 20ms, P95: 12ms, P99: 14ms
[2026-02-23 15:05:34] [INFO] [38841fbe-5985-481c-9a6d-d0310520c2af.internal.kr4.postgres.rds.ngovc.com] (267/0/267)
[2026-02-23 15:05:34] [INFO] [38841fbe-5985-481c-9a6d-d0310520c2af.internal.kr4.postgres.rds.ngovc.com] 응답시간 통계 - 최소: 9ms, 평균: 10ms, 최대: 15ms, P95: 12ms, P99: 14ms
[2026-02-23 15:06:34] [INFO] [38841fbe-5985-481c-9a6d-d0310520c2af.internal.kr4.postgres.rds.ngovc.com] (269/0/269)
[2026-02-23 15:06:34] [INFO] [38841fbe-5985-481c-9a6d-d0310520c2af.internal.kr4.postgres.rds.ngovc.com] 응답시간 통계 - 최소: 9ms, 평균: 10ms, 최대: 22ms, P95: 12ms, P99: 14ms
[2026-02-23 15:06:34] [INFO] [rancher-gov.goe.go.kr] (269/0/269)
[2026-02-23 15:06:34] [INFO] [rancher-gov.goe.go.kr] 응답시간 통계 - 최소: 9ms, 평균: 10ms, 최대: 14ms, P95: 11ms, P99: 12ms
[2026-02-23 15:07:34] [INFO] [rancher-gov.goe.go.kr] (268/0/268)
[2026-02-23 15:07:34] [INFO] [38841fbe-5985-481c-9a6d-d0310520c2af.internal.kr4.postgres.rds.ngovc.com] (268/0/268)
[2026-02-23 15:07:34] [INFO] [rancher-gov.goe.go.kr] 응답시간 통계 - 최소: 9ms, 평균: 10ms, 최대: 14ms, P95: 12ms, P99: 13ms
[2026-02-23 15:07:34] [INFO] [38841fbe-5985-481c-9a6d-d0310520c2af.internal.kr4.postgres.rds.ngovc.com] 응답시간 통계 - 최소: 9ms, 평균: 10ms, 최대: 15ms, P95: 12ms, P99: 14ms
[2026-02-23 15:08:34] [INFO] [rancher-gov.goe.go.kr] (270/0/270)
[2026-02-23 15:08:34] [INFO] [38841fbe-5985-481c-9a6d-d0310520c2af.internal.kr4.postgres.rds.ngovc.com] (270/0/270)
[2026-02-23 15:08:34] [INFO] [rancher-gov.goe.go.kr] 응답시간 통계 - 최소: 9ms, 평균: 10ms, 최대: 18ms, P95: 11ms, P99: 12ms
[2026-02-23 15:08:34] [INFO] [38841fbe-5985-481c-9a6d-d0310520c2af.internal.kr4.postgres.rds.ngovc.com] 응답시간 통계 - 최소: 9ms, 평균: 10ms, 최대: 16ms, P95: 12ms, P99: 14ms
[2026-02-23 15:09:34] [INFO] [rancher-gov.goe.go.kr] (270/0/270)
[2026-02-23 15:09:34] [INFO] [38841fbe-5985-481c-9a6d-d0310520c2af.internal.kr4.postgres.rds.ngovc.com] (270/0/270)
[2026-02-23 15:09:34] [INFO] [rancher-gov.goe.go.kr] 응답시간 통계 - 최소: 9ms, 평균: 10ms, 최대: 13ms, P95: 11ms, P99: 12ms
[2026-02-23 15:09:34] [INFO] [38841fbe-5985-481c-9a6d-d0310520c2af.internal.kr4.postgres.rds.ngovc.com] 응답시간 통계 - 최소: 9ms, 평균: 9ms, 최대: 15ms, P95: 12ms, P99: 13ms
[2026-02-23 15:10:34] [INFO] [rancher-gov.goe.go.kr] (267/0/267)
[2026-02-23 15:10:34] [INFO] [38841fbe-5985-481c-9a6d-d0310520c2af.internal.kr4.postgres.rds.ngovc.com] (267/0/267)
[2026-02-23 15:10:34] [INFO] [rancher-gov.goe.go.kr] 응답시간 통계 - 최소: 9ms, 평균: 10ms, 최대: 14ms, P95: 12ms, P99: 13ms
[2026-02-23 15:10:34] [INFO] [38841fbe-5985-481c-9a6d-d0310520c2af.internal.kr4.postgres.rds.ngovc.com] 응답시간 통계 - 최소: 9ms, 평균: 10ms, 최대: 15ms, P95: 12ms, P99: 13ms
[2026-02-23 15:11:34] [INFO] [rancher-gov.goe.go.kr] (268/0/268)
[2026-02-23 15:11:34] [INFO] [rancher-gov.goe.go.kr] 응답시간 통계 - 최소: 9ms, 평균: 10ms, 최대: 13ms, P95: 12ms, P99: 12ms
[2026-02-23 15:11:34] [INFO] [38841fbe-5985-481c-9a6d-d0310520c2af.internal.kr4.postgres.rds.ngovc.com] (268/0/268)
[2026-02-23 15:11:34] [INFO] [38841fbe-5985-481c-9a6d-d0310520c2af.internal.kr4.postgres.rds.ngovc.com] 응답시간 통계 - 최소: 9ms, 평균: 10ms, 최대: 14ms, P95: 12ms, P99: 13ms
[2026-02-23 15:12:34] [INFO] [rancher-gov.goe.go.kr] (267/0/267)
[2026-02-23 15:12:34] [INFO] [38841fbe-5985-481c-9a6d-d0310520c2af.internal.kr4.postgres.rds.ngovc.com] (267/0/267)
[2026-02-23 15:12:34] [INFO] [rancher-gov.goe.go.kr] 응답시간 통계 - 최소: 9ms, 평균: 10ms, 최대: 13ms, P95: 11ms, P99: 12ms
[2026-02-23 15:12:34] [INFO] [38841fbe-5985-481c-9a6d-d0310520c2af.internal.kr4.postgres.rds.ngovc.com] 응답시간 통계 - 최소: 9ms, 평균: 10ms, 최대: 14ms, P95: 12ms, P99: 14ms
[2026-02-23 15:13:34] [INFO] [38841fbe-5985-481c-9a6d-d0310520c2af.internal.kr4.postgres.rds.ngovc.com] (268/0/268)
[2026-02-23 15:13:34] [INFO] [rancher-gov.goe.go.kr] (268/0/268)
[2026-02-23 15:13:34] [INFO] [38841fbe-5985-481c-9a6d-d0310520c2af.internal.kr4.postgres.rds.ngovc.com] 응답시간 통계 - 최소: 9ms, 평균: 10ms, 최대: 14ms, P95: 13ms, P99: 14ms
[2026-02-23 15:13:34] [INFO] [rancher-gov.goe.go.kr] 응답시간 통계 - 최소: 9ms, 평균: 10ms, 최대: 15ms, P95: 12ms, P99: 14ms
[2026-02-23 15:14:34] [INFO] [rancher-gov.goe.go.kr] (268/0/268)
[2026-02-23 15:14:34] [INFO] [38841fbe-5985-481c-9a6d-d0310520c2af.internal.kr4.postgres.rds.ngovc.com] (268/0/268)
[2026-02-23 15:14:34] [INFO] [rancher-gov.goe.go.kr] 응답시간 통계 - 최소: 9ms, 평균: 10ms, 최대: 17ms, P95: 12ms, P99: 13ms
[2026-02-23 15:14:34] [INFO] [38841fbe-5985-481c-9a6d-d0310520c2af.internal.kr4.postgres.rds.ngovc.com] 응답시간 통계 - 최소: 9ms, 평균: 10ms, 최대: 21ms, P95: 12ms, P99: 14ms
[2026-02-23 15:15:34] [INFO] [38841fbe-5985-481c-9a6d-d0310520c2af.internal.kr4.postgres.rds.ngovc.com] (269/0/269)
[2026-02-23 15:15:34] [INFO] [rancher-gov.goe.go.kr] (269/0/269)
[2026-02-23 15:15:34] [INFO] [38841fbe-5985-481c-9a6d-d0310520c2af.internal.kr4.postgres.rds.ngovc.com] 응답시간 통계 - 최소: 9ms, 평균: 10ms, 최대: 15ms, P95: 12ms, P99: 14ms
[2026-02-23 15:15:34] [INFO] [rancher-gov.goe.go.kr] 응답시간 통계 - 최소: 9ms, 평균: 10ms, 최대: 14ms, P95: 12ms, P99: 13ms
[2026-02-23 15:16:34] [INFO] [38841fbe-5985-481c-9a6d-d0310520c2af.internal.kr4.postgres.rds.ngovc.com] (269/0/269)
[2026-02-23 15:16:34] [INFO] [rancher-gov.goe.go.kr] (269/0/269)
[2026-02-23 15:16:34] [INFO] [38841fbe-5985-481c-9a6d-d0310520c2af.internal.kr4.postgres.rds.ngovc.com] 응답시간 통계 - 최소: 9ms, 평균: 10ms, 최대: 14ms, P95: 12ms, P99: 13ms
[2026-02-23 15:16:34] [INFO] [rancher-gov.goe.go.kr] 응답시간 통계 - 최소: 9ms, 평균: 10ms, 최대: 15ms, P95: 11ms, P99: 13ms
[2026-02-23 15:17:34] [INFO] [rancher-gov.goe.go.kr] (267/0/267)
[2026-02-23 15:17:34] [INFO] [rancher-gov.goe.go.kr] 응답시간 통계 - 최소: 9ms, 평균: 10ms, 최대: 15ms, P95: 12ms, P99: 13ms
[2026-02-23 15:17:34] [INFO] [38841fbe-5985-481c-9a6d-d0310520c2af.internal.kr4.postgres.rds.ngovc.com] (267/0/267)
[2026-02-23 15:17:34] [INFO] [38841fbe-5985-481c-9a6d-d0310520c2af.internal.kr4.postgres.rds.ngovc.com] 응답시간 통계 - 최소: 9ms, 평균: 10ms, 최대: 15ms, P95: 12ms, P99: 14ms
[2026-02-23 15:18:34] [INFO] [38841fbe-5985-481c-9a6d-d0310520c2af.internal.kr4.postgres.rds.ngovc.com] (269/0/269)
[2026-02-23 15:18:34] [INFO] [rancher-gov.goe.go.kr] (269/0/269)
[2026-02-23 15:18:34] [INFO] [38841fbe-5985-481c-9a6d-d0310520c2af.internal.kr4.postgres.rds.ngovc.com] 응답시간 통계 - 최소: 9ms, 평균: 10ms, 최대: 14ms, P95: 12ms, P99: 13ms
[2026-02-23 15:18:34] [INFO] [rancher-gov.goe.go.kr] 응답시간 통계 - 최소: 9ms, 평균: 10ms, 최대: 14ms, P95: 11ms, P99: 13ms
[2026-02-23 15:19:34] [INFO] [rancher-gov.goe.go.kr] (267/0/267)
[2026-02-23 15:19:34] [INFO] [rancher-gov.goe.go.kr] 응답시간 통계 - 최소: 9ms, 평균: 10ms, 최대: 14ms, P95: 12ms, P99: 13ms
[2026-02-23 15:19:34] [INFO] [38841fbe-5985-481c-9a6d-d0310520c2af.internal.kr4.postgres.rds.ngovc.com] (267/0/267)
[2026-02-23 15:19:34] [INFO] [38841fbe-5985-481c-9a6d-d0310520c2af.internal.kr4.postgres.rds.ngovc.com] 응답시간 통계 - 최소: 9ms, 평균: 10ms, 최대: 18ms, P95: 12ms, P99: 14ms
[2026-02-23 15:20:34] [INFO] [rancher-gov.goe.go.kr] (269/0/269)
[2026-02-23 15:20:34] [INFO] [38841fbe-5985-481c-9a6d-d0310520c2af.internal.kr4.postgres.rds.ngovc.com] (269/0/269)
[2026-02-23 15:20:34] [INFO] [rancher-gov.goe.go.kr] 응답시간 통계 - 최소: 9ms, 평균: 10ms, 최대: 15ms, P95: 11ms, P99: 12ms
[2026-02-23 15:20:34] [INFO] [38841fbe-5985-481c-9a6d-d0310520c2af.internal.kr4.postgres.rds.ngovc.com] 응답시간 통계 - 최소: 9ms, 평균: 10ms, 최대: 14ms, P95: 12ms, P99: 13ms
[2026-02-23 15:21:34] [INFO] [38841fbe-5985-481c-9a6d-d0310520c2af.internal.kr4.postgres.rds.ngovc.com] (268/0/268)
[2026-02-23 15:21:34] [INFO] [38841fbe-5985-481c-9a6d-d0310520c2af.internal.kr4.postgres.rds.ngovc.com] 응답시간 통계 - 최소: 9ms, 평균: 10ms, 최대: 14ms, P95: 12ms, P99: 13ms
[2026-02-23 15:21:34] [INFO] [rancher-gov.goe.go.kr] (268/0/268)
[2026-02-23 15:21:34] [INFO] [rancher-gov.goe.go.kr] 응답시간 통계 - 최소: 9ms, 평균: 10ms, 최대: 15ms, P95: 12ms, P99: 14ms
[2026-02-23 15:22:34] [INFO] [rancher-gov.goe.go.kr] (267/0/267)
[2026-02-23 15:22:34] [INFO] [rancher-gov.goe.go.kr] 응답시간 통계 - 최소: 9ms, 평균: 10ms, 최대: 14ms, P95: 12ms, P99: 13ms
[2026-02-23 15:22:34] [INFO] [38841fbe-5985-481c-9a6d-d0310520c2af.internal.kr4.postgres.rds.ngovc.com] (267/0/267)
[2026-02-23 15:22:34] [INFO] [38841fbe-5985-481c-9a6d-d0310520c2af.internal.kr4.postgres.rds.ngovc.com] 응답시간 통계 - 최소: 9ms, 평균: 10ms, 최대: 17ms, P95: 12ms, P99: 15ms
[2026-02-23 15:23:34] [INFO] [rancher-gov.goe.go.kr] (268/0/268)
[2026-02-23 15:23:34] [INFO] [38841fbe-5985-481c-9a6d-d0310520c2af.internal.kr4.postgres.rds.ngovc.com] (268/0/268)
[2026-02-23 15:23:34] [INFO] [rancher-gov.goe.go.kr] 응답시간 통계 - 최소: 9ms, 평균: 10ms, 최대: 14ms, P95: 12ms, P99: 13ms
[2026-02-23 15:23:34] [INFO] [38841fbe-5985-481c-9a6d-d0310520c2af.internal.kr4.postgres.rds.ngovc.com] 응답시간 통계 - 최소: 9ms, 평균: 10ms, 최대: 14ms, P95: 13ms, P99: 14ms
[2026-02-23 15:24:34] [INFO] [rancher-gov.goe.go.kr] (268/0/268)
[2026-02-23 15:24:34] [INFO] [38841fbe-5985-481c-9a6d-d0310520c2af.internal.kr4.postgres.rds.ngovc.com] (268/0/268)
[2026-02-23 15:24:34] [INFO] [rancher-gov.goe.go.kr] 응답시간 통계 - 최소: 9ms, 평균: 10ms, 최대: 14ms, P95: 11ms, P99: 13ms
[2026-02-23 15:24:34] [INFO] [38841fbe-5985-481c-9a6d-d0310520c2af.internal.kr4.postgres.rds.ngovc.com] 응답시간 통계 - 최소: 9ms, 평균: 10ms, 최대: 14ms, P95: 12ms, P99: 13ms
[2026-02-23 15:25:34] [INFO] [rancher-gov.goe.go.kr] (268/0/268)
[2026-02-23 15:25:34] [INFO] [38841fbe-5985-481c-9a6d-d0310520c2af.internal.kr4.postgres.rds.ngovc.com] (268/0/268)
[2026-02-23 15:25:34] [INFO] [rancher-gov.goe.go.kr] 응답시간 통계 - 최소: 9ms, 평균: 10ms, 최대: 22ms, P95: 12ms, P99: 13ms
[2026-02-23 15:25:34] [INFO] [38841fbe-5985-481c-9a6d-d0310520c2af.internal.kr4.postgres.rds.ngovc.com] 응답시간 통계 - 최소: 9ms, 평균: 10ms, 최대: 23ms, P95: 12ms, P99: 14ms
[2026-02-23 15:26:34] [INFO] [rancher-gov.goe.go.kr] (267/0/267)
[2026-02-23 15:26:34] [INFO] [rancher-gov.goe.go.kr] 응답시간 통계 - 최소: 9ms, 평균: 10ms, 최대: 16ms, P95: 12ms, P99: 13ms
[2026-02-23 15:26:34] [INFO] [38841fbe-5985-481c-9a6d-d0310520c2af.internal.kr4.postgres.rds.ngovc.com] (267/0/267)
[2026-02-23 15:26:34] [INFO] [38841fbe-5985-481c-9a6d-d0310520c2af.internal.kr4.postgres.rds.ngovc.com] 응답시간 통계 - 최소: 9ms, 평균: 10ms, 최대: 16ms, P95: 12ms, P99: 13ms
[2026-02-23 15:27:34] [INFO] [38841fbe-5985-481c-9a6d-d0310520c2af.internal.kr4.postgres.rds.ngovc.com] (266/0/266)
[2026-02-23 15:27:34] [INFO] [rancher-gov.goe.go.kr] (266/0/266)
[2026-02-23 15:27:34] [INFO] [38841fbe-5985-481c-9a6d-d0310520c2af.internal.kr4.postgres.rds.ngovc.com] 응답시간 통계 - 최소: 9ms, 평균: 11ms, 최대: 98ms, P95: 13ms, P99: 16ms
[2026-02-23 15:27:34] [INFO] [rancher-gov.goe.go.kr] 응답시간 통계 - 최소: 9ms, 평균: 11ms, 최대: 90ms, P95: 12ms, P99: 16ms
[2026-02-23 15:28:34] [INFO] [38841fbe-5985-481c-9a6d-d0310520c2af.internal.kr4.postgres.rds.ngovc.com] (268/0/268)
[2026-02-23 15:28:34] [INFO] [rancher-gov.goe.go.kr] (268/0/268)
[2026-02-23 15:28:34] [INFO] [rancher-gov.goe.go.kr] 응답시간 통계 - 최소: 9ms, 평균: 10ms, 최대: 15ms, P95: 12ms, P99: 13ms
[2026-02-23 15:28:34] [INFO] [38841fbe-5985-481c-9a6d-d0310520c2af.internal.kr4.postgres.rds.ngovc.com] 응답시간 통계 - 최소: 9ms, 평균: 10ms, 최대: 15ms, P95: 13ms, P99: 14ms
[2026-02-23 15:29:34] [INFO] [rancher-gov.goe.go.kr] (267/0/267)
[2026-02-23 15:29:34] [INFO] [38841fbe-5985-481c-9a6d-d0310520c2af.internal.kr4.postgres.rds.ngovc.com] (267/0/267)
[2026-02-23 15:29:34] [INFO] [rancher-gov.goe.go.kr] 응답시간 통계 - 최소: 9ms, 평균: 10ms, 최대: 14ms, P95: 12ms, P99: 13ms
[2026-02-23 15:29:34] [INFO] [38841fbe-5985-481c-9a6d-d0310520c2af.internal.kr4.postgres.rds.ngovc.com] 응답시간 통계 - 최소: 9ms, 평균: 10ms, 최대: 15ms, P95: 12ms, P99: 14ms
[2026-02-23 15:30:34] [INFO] [38841fbe-5985-481c-9a6d-d0310520c2af.internal.kr4.postgres.rds.ngovc.com] (267/0/267)
[2026-02-23 15:30:34] [INFO] [rancher-gov.goe.go.kr] (267/0/267)
[2026-02-23 15:30:34] [INFO] [38841fbe-5985-481c-9a6d-d0310520c2af.internal.kr4.postgres.rds.ngovc.com] 응답시간 통계 - 최소: 9ms, 평균: 10ms, 최대: 19ms, P95: 13ms, P99: 14ms
[2026-02-23 15:30:34] [INFO] [rancher-gov.goe.go.kr] 응답시간 통계 - 최소: 9ms, 평균: 10ms, 최대: 14ms, P95: 12ms, P99: 13ms
[2026-02-23 15:31:34] [INFO] [rancher-gov.goe.go.kr] (268/0/268)
[2026-02-23 15:31:34] [INFO] [38841fbe-5985-481c-9a6d-d0310520c2af.internal.kr4.postgres.rds.ngovc.com] (268/0/268)
[2026-02-23 15:31:34] [INFO] [rancher-gov.goe.go.kr] 응답시간 통계 - 최소: 9ms, 평균: 10ms, 최대: 15ms, P95: 12ms, P99: 13ms
[2026-02-23 15:31:34] [INFO] [38841fbe-5985-481c-9a6d-d0310520c2af.internal.kr4.postgres.rds.ngovc.com] 응답시간 통계 - 최소: 9ms, 평균: 10ms, 최대: 19ms, P95: 12ms, P99: 14ms
[2026-02-23 15:32:34] [INFO] [rancher-gov.goe.go.kr] (267/0/267)
[2026-02-23 15:32:34] [INFO] [38841fbe-5985-481c-9a6d-d0310520c2af.internal.kr4.postgres.rds.ngovc.com] (267/0/267)
[2026-02-23 15:32:34] [INFO] [rancher-gov.goe.go.kr] 응답시간 통계 - 최소: 9ms, 평균: 10ms, 최대: 15ms, P95: 12ms, P99: 13ms
[2026-02-23 15:32:34] [INFO] [38841fbe-5985-481c-9a6d-d0310520c2af.internal.kr4.postgres.rds.ngovc.com] 응답시간 통계 - 최소: 9ms, 평균: 10ms, 최대: 15ms, P95: 12ms, P99: 14ms
[2026-02-23 15:33:34] [INFO] [rancher-gov.goe.go.kr] (268/0/268)
[2026-02-23 15:33:34] [INFO] [38841fbe-5985-481c-9a6d-d0310520c2af.internal.kr4.postgres.rds.ngovc.com] (268/0/268)
[2026-02-23 15:33:34] [INFO] [rancher-gov.goe.go.kr] 응답시간 통계 - 최소: 9ms, 평균: 10ms, 최대: 13ms, P95: 12ms, P99: 13ms
[2026-02-23 15:33:34] [INFO] [38841fbe-5985-481c-9a6d-d0310520c2af.internal.kr4.postgres.rds.ngovc.com] 응답시간 통계 - 최소: 9ms, 평균: 10ms, 최대: 15ms, P95: 12ms, P99: 14ms
[2026-02-23 15:34:34] [INFO] [38841fbe-5985-481c-9a6d-d0310520c2af.internal.kr4.postgres.rds.ngovc.com] (267/0/267)
[2026-02-23 15:34:34] [INFO] [rancher-gov.goe.go.kr] (267/0/267)
[2026-02-23 15:34:34] [INFO] [38841fbe-5985-481c-9a6d-d0310520c2af.internal.kr4.postgres.rds.ngovc.com] 응답시간 통계 - 최소: 9ms, 평균: 10ms, 최대: 16ms, P95: 12ms, P99: 14ms
[2026-02-23 15:34:34] [INFO] [rancher-gov.goe.go.kr] 응답시간 통계 - 최소: 9ms, 평균: 10ms, 최대: 14ms, P95: 12ms, P99: 13ms
[2026-02-23 15:35:34] [INFO] [38841fbe-5985-481c-9a6d-d0310520c2af.internal.kr4.postgres.rds.ngovc.com] (268/0/268)
[2026-02-23 15:35:34] [INFO] [rancher-gov.goe.go.kr] (268/0/268)
[2026-02-23 15:35:34] [INFO] [38841fbe-5985-481c-9a6d-d0310520c2af.internal.kr4.postgres.rds.ngovc.com] 응답시간 통계 - 최소: 9ms, 평균: 10ms, 최대: 14ms, P95: 12ms, P99: 13ms
[2026-02-23 15:35:34] [INFO] [rancher-gov.goe.go.kr] 응답시간 통계 - 최소: 10ms, 평균: 10ms, 최대: 14ms, P95: 12ms, P99: 13ms
[2026-02-23 15:36:34] [INFO] [38841fbe-5985-481c-9a6d-d0310520c2af.internal.kr4.postgres.rds.ngovc.com] (267/0/267)
[2026-02-23 15:36:34] [INFO] [rancher-gov.goe.go.kr] (267/0/267)
[2026-02-23 15:36:34] [INFO] [38841fbe-5985-481c-9a6d-d0310520c2af.internal.kr4.postgres.rds.ngovc.com] 응답시간 통계 - 최소: 9ms, 평균: 10ms, 최대: 15ms, P95: 13ms, P99: 14ms
[2026-02-23 15:36:34] [INFO] [rancher-gov.goe.go.kr] 응답시간 통계 - 최소: 10ms, 평균: 10ms, 최대: 15ms, P95: 12ms, P99: 13ms
[2026-02-23 15:37:34] [INFO] [rancher-gov.goe.go.kr] (269/0/269)
[2026-02-23 15:37:34] [INFO] [38841fbe-5985-481c-9a6d-d0310520c2af.internal.kr4.postgres.rds.ngovc.com] (269/0/269)
[2026-02-23 15:37:34] [INFO] [rancher-gov.goe.go.kr] 응답시간 통계 - 최소: 9ms, 평균: 10ms, 최대: 13ms, P95: 12ms, P99: 12ms
[2026-02-23 15:37:34] [INFO] [38841fbe-5985-481c-9a6d-d0310520c2af.internal.kr4.postgres.rds.ngovc.com] 응답시간 통계 - 최소: 9ms, 평균: 10ms, 최대: 15ms, P95: 12ms, P99: 13ms
[2026-02-23 15:38:34] [INFO] [rancher-gov.goe.go.kr] (268/0/268)
[2026-02-23 15:38:34] [INFO] [38841fbe-5985-481c-9a6d-d0310520c2af.internal.kr4.postgres.rds.ngovc.com] (268/0/268)
[2026-02-23 15:38:34] [INFO] [rancher-gov.goe.go.kr] 응답시간 통계 - 최소: 9ms, 평균: 10ms, 최대: 14ms, P95: 12ms, P99: 13ms
[2026-02-23 15:38:34] [INFO] [38841fbe-5985-481c-9a6d-d0310520c2af.internal.kr4.postgres.rds.ngovc.com] 응답시간 통계 - 최소: 9ms, 평균: 10ms, 최대: 15ms, P95: 12ms, P99: 14ms
[2026-02-23 15:39:34] [INFO] [rancher-gov.goe.go.kr] (267/0/267)
[2026-02-23 15:39:34] [INFO] [38841fbe-5985-481c-9a6d-d0310520c2af.internal.kr4.postgres.rds.ngovc.com] (267/0/267)
[2026-02-23 15:39:34] [INFO] [rancher-gov.goe.go.kr] 응답시간 통계 - 최소: 9ms, 평균: 10ms, 최대: 15ms, P95: 12ms, P99: 14ms
[2026-02-23 15:39:34] [INFO] [38841fbe-5985-481c-9a6d-d0310520c2af.internal.kr4.postgres.rds.ngovc.com] 응답시간 통계 - 최소: 9ms, 평균: 10ms, 최대: 14ms, P95: 12ms, P99: 13ms
[2026-02-23 15:40:34] [INFO] [rancher-gov.goe.go.kr] (268/0/268)
[2026-02-23 15:40:34] [INFO] [38841fbe-5985-481c-9a6d-d0310520c2af.internal.kr4.postgres.rds.ngovc.com] (268/0/268)
[2026-02-23 15:40:34] [INFO] [rancher-gov.goe.go.kr] 응답시간 통계 - 최소: 9ms, 평균: 10ms, 최대: 15ms, P95: 12ms, P99: 13ms
[2026-02-23 15:40:34] [INFO] [38841fbe-5985-481c-9a6d-d0310520c2af.internal.kr4.postgres.rds.ngovc.com] 응답시간 통계 - 최소: 9ms, 평균: 10ms, 최대: 17ms, P95: 13ms, P99: 14ms
[2026-02-23 15:41:34] [INFO] [rancher-gov.goe.go.kr] (269/0/269)
[2026-02-23 15:41:34] [INFO] [38841fbe-5985-481c-9a6d-d0310520c2af.internal.kr4.postgres.rds.ngovc.com] (269/0/269)
[2026-02-23 15:41:34] [INFO] [rancher-gov.goe.go.kr] 응답시간 통계 - 최소: 9ms, 평균: 10ms, 최대: 13ms, P95: 12ms, P99: 13ms
[2026-02-23 15:41:34] [INFO] [38841fbe-5985-481c-9a6d-d0310520c2af.internal.kr4.postgres.rds.ngovc.com] 응답시간 통계 - 최소: 8ms, 평균: 10ms, 최대: 16ms, P95: 12ms, P99: 14ms
[2026-02-23 15:42:34] [INFO] [38841fbe-5985-481c-9a6d-d0310520c2af.internal.kr4.postgres.rds.ngovc.com] (268/0/268)
[2026-02-23 15:42:34] [INFO] [rancher-gov.goe.go.kr] (268/0/268)
[2026-02-23 15:42:34] [INFO] [rancher-gov.goe.go.kr] 응답시간 통계 - 최소: 9ms, 평균: 10ms, 최대: 14ms, P95: 11ms, P99: 13ms
[2026-02-23 15:42:34] [INFO] [38841fbe-5985-481c-9a6d-d0310520c2af.internal.kr4.postgres.rds.ngovc.com] 응답시간 통계 - 최소: 9ms, 평균: 10ms, 최대: 15ms, P95: 12ms, P99: 14ms
[2026-02-23 15:43:34] [INFO] [38841fbe-5985-481c-9a6d-d0310520c2af.internal.kr4.postgres.rds.ngovc.com] (268/0/268)
[2026-02-23 15:43:34] [INFO] [rancher-gov.goe.go.kr] (268/0/268)
[2026-02-23 15:43:34] [INFO] [38841fbe-5985-481c-9a6d-d0310520c2af.internal.kr4.postgres.rds.ngovc.com] 응답시간 통계 - 최소: 9ms, 평균: 10ms, 최대: 15ms, P95: 12ms, P99: 14ms
[2026-02-23 15:43:34] [INFO] [rancher-gov.goe.go.kr] 응답시간 통계 - 최소: 9ms, 평균: 10ms, 최대: 14ms, P95: 12ms, P99: 13ms
[2026-02-23 15:44:34] [INFO] [rancher-gov.goe.go.kr] (267/0/267)
[2026-02-23 15:44:34] [INFO] [38841fbe-5985-481c-9a6d-d0310520c2af.internal.kr4.postgres.rds.ngovc.com] (267/0/267)
[2026-02-23 15:44:34] [INFO] [rancher-gov.goe.go.kr] 응답시간 통계 - 최소: 9ms, 평균: 10ms, 최대: 13ms, P95: 12ms, P99: 13ms
[2026-02-23 15:44:34] [INFO] [38841fbe-5985-481c-9a6d-d0310520c2af.internal.kr4.postgres.rds.ngovc.com] 응답시간 통계 - 최소: 9ms, 평균: 10ms, 최대: 15ms, P95: 12ms, P99: 14ms
[2026-02-23 15:45:34] [INFO] [rancher-gov.goe.go.kr] (267/0/267)
[2026-02-23 15:45:34] [INFO] [38841fbe-5985-481c-9a6d-d0310520c2af.internal.kr4.postgres.rds.ngovc.com] (267/0/267)
[2026-02-23 15:45:34] [INFO] [rancher-gov.goe.go.kr] 응답시간 통계 - 최소: 9ms, 평균: 10ms, 최대: 15ms, P95: 12ms, P99: 14ms
[2026-02-23 15:45:34] [INFO] [38841fbe-5985-481c-9a6d-d0310520c2af.internal.kr4.postgres.rds.ngovc.com] 응답시간 통계 - 최소: 9ms, 평균: 10ms, 최대: 14ms, P95: 13ms, P99: 14ms
[2026-02-23 15:46:34] [INFO] [38841fbe-5985-481c-9a6d-d0310520c2af.internal.kr4.postgres.rds.ngovc.com] (267/0/267)
[2026-02-23 15:46:34] [INFO] [rancher-gov.goe.go.kr] (267/0/267)
[2026-02-23 15:46:34] [INFO] [38841fbe-5985-481c-9a6d-d0310520c2af.internal.kr4.postgres.rds.ngovc.com] 응답시간 통계 - 최소: 9ms, 평균: 10ms, 최대: 16ms, P95: 12ms, P99: 14ms
[2026-02-23 15:46:34] [INFO] [rancher-gov.goe.go.kr] 응답시간 통계 - 최소: 9ms, 평균: 10ms, 최대: 24ms, P95: 11ms, P99: 13ms
[2026-02-23 15:47:34] [INFO] [38841fbe-5985-481c-9a6d-d0310520c2af.internal.kr4.postgres.rds.ngovc.com] (268/0/268)
[2026-02-23 15:47:34] [INFO] [rancher-gov.goe.go.kr] (268/0/268)
[2026-02-23 15:47:34] [INFO] [38841fbe-5985-481c-9a6d-d0310520c2af.internal.kr4.postgres.rds.ngovc.com] 응답시간 통계 - 최소: 9ms, 평균: 10ms, 최대: 15ms, P95: 12ms, P99: 14ms
[2026-02-23 15:47:34] [INFO] [rancher-gov.goe.go.kr] 응답시간 통계 - 최소: 9ms, 평균: 10ms, 최대: 16ms, P95: 12ms, P99: 13ms
[2026-02-23 15:48:34] [INFO] [38841fbe-5985-481c-9a6d-d0310520c2af.internal.kr4.postgres.rds.ngovc.com] (268/0/268)
[2026-02-23 15:48:34] [INFO] [rancher-gov.goe.go.kr] (268/0/268)
[2026-02-23 15:48:34] [INFO] [rancher-gov.goe.go.kr] 응답시간 통계 - 최소: 9ms, 평균: 10ms, 최대: 16ms, P95: 12ms, P99: 13ms
[2026-02-23 15:48:34] [INFO] [38841fbe-5985-481c-9a6d-d0310520c2af.internal.kr4.postgres.rds.ngovc.com] 응답시간 통계 - 최소: 8ms, 평균: 10ms, 최대: 26ms, P95: 12ms, P99: 13ms
[2026-02-23 15:49:34] [INFO] [rancher-gov.goe.go.kr] (268/0/268)
[2026-02-23 15:49:34] [INFO] [38841fbe-5985-481c-9a6d-d0310520c2af.internal.kr4.postgres.rds.ngovc.com] (268/0/268)
[2026-02-23 15:49:34] [INFO] [rancher-gov.goe.go.kr] 응답시간 통계 - 최소: 9ms, 평균: 10ms, 최대: 18ms, P95: 12ms, P99: 12ms
[2026-02-23 15:49:34] [INFO] [38841fbe-5985-481c-9a6d-d0310520c2af.internal.kr4.postgres.rds.ngovc.com] 응답시간 통계 - 최소: 9ms, 평균: 10ms, 최대: 19ms, P95: 12ms, P99: 14ms
[2026-02-23 15:50:34] [INFO] [38841fbe-5985-481c-9a6d-d0310520c2af.internal.kr4.postgres.rds.ngovc.com] (267/0/267)
[2026-02-23 15:50:34] [INFO] [rancher-gov.goe.go.kr] (267/0/267)
[2026-02-23 15:50:34] [INFO] [38841fbe-5985-481c-9a6d-d0310520c2af.internal.kr4.postgres.rds.ngovc.com] 응답시간 통계 - 최소: 9ms, 평균: 10ms, 최대: 15ms, P95: 12ms, P99: 14ms
[2026-02-23 15:50:34] [INFO] [rancher-gov.goe.go.kr] 응답시간 통계 - 최소: 9ms, 평균: 10ms, 최대: 15ms, P95: 12ms, P99: 13ms
[2026-02-23 15:51:34] [INFO] [rancher-gov.goe.go.kr] (267/0/267)
[2026-02-23 15:51:34] [INFO] [38841fbe-5985-481c-9a6d-d0310520c2af.internal.kr4.postgres.rds.ngovc.com] (267/0/267)
[2026-02-23 15:51:34] [INFO] [rancher-gov.goe.go.kr] 응답시간 통계 - 최소: 9ms, 평균: 10ms, 최대: 15ms, P95: 12ms, P99: 13ms
[2026-02-23 15:51:34] [INFO] [38841fbe-5985-481c-9a6d-d0310520c2af.internal.kr4.postgres.rds.ngovc.com] 응답시간 통계 - 최소: 9ms, 평균: 10ms, 최대: 16ms, P95: 12ms, P99: 14ms
[2026-02-23 15:52:34] [INFO] [rancher-gov.goe.go.kr] (268/0/268)
[2026-02-23 15:52:34] [INFO] [38841fbe-5985-481c-9a6d-d0310520c2af.internal.kr4.postgres.rds.ngovc.com] (268/0/268)
[2026-02-23 15:52:34] [INFO] [rancher-gov.goe.go.kr] 응답시간 통계 - 최소: 9ms, 평균: 10ms, 최대: 15ms, P95: 12ms, P99: 13ms
[2026-02-23 15:52:34] [INFO] [38841fbe-5985-481c-9a6d-d0310520c2af.internal.kr4.postgres.rds.ngovc.com] 응답시간 통계 - 최소: 9ms, 평균: 10ms, 최대: 14ms, P95: 12ms, P99: 14ms
[2026-02-23 15:53:34] [INFO] [rancher-gov.goe.go.kr] (267/0/267)
[2026-02-23 15:53:34] [INFO] [38841fbe-5985-481c-9a6d-d0310520c2af.internal.kr4.postgres.rds.ngovc.com] (267/0/267)
[2026-02-23 15:53:34] [INFO] [rancher-gov.goe.go.kr] 응답시간 통계 - 최소: 9ms, 평균: 10ms, 최대: 15ms, P95: 12ms, P99: 13ms
[2026-02-23 15:53:34] [INFO] [38841fbe-5985-481c-9a6d-d0310520c2af.internal.kr4.postgres.rds.ngovc.com] 응답시간 통계 - 최소: 9ms, 평균: 10ms, 최대: 19ms, P95: 12ms, P99: 14ms
[2026-02-23 15:54:34] [INFO] [rancher-gov.goe.go.kr] (269/0/269)
[2026-02-23 15:54:34] [INFO] [rancher-gov.goe.go.kr] 응답시간 통계 - 최소: 9ms, 평균: 10ms, 최대: 14ms, P95: 11ms, P99: 12ms
[2026-02-23 15:54:34] [INFO] [38841fbe-5985-481c-9a6d-d0310520c2af.internal.kr4.postgres.rds.ngovc.com] (269/0/269)
[2026-02-23 15:54:34] [INFO] [38841fbe-5985-481c-9a6d-d0310520c2af.internal.kr4.postgres.rds.ngovc.com] 응답시간 통계 - 최소: 9ms, 평균: 10ms, 최대: 15ms, P95: 12ms, P99: 13ms
[2026-02-23 15:55:34] [INFO] [rancher-gov.goe.go.kr] (267/0/267)
[2026-02-23 15:55:34] [INFO] [rancher-gov.goe.go.kr] 응답시간 통계 - 최소: 9ms, 평균: 10ms, 최대: 14ms, P95: 12ms, P99: 13ms
[2026-02-23 15:55:34] [INFO] [38841fbe-5985-481c-9a6d-d0310520c2af.internal.kr4.postgres.rds.ngovc.com] (267/0/267)
[2026-02-23 15:55:34] [INFO] [38841fbe-5985-481c-9a6d-d0310520c2af.internal.kr4.postgres.rds.ngovc.com] 응답시간 통계 - 최소: 9ms, 평균: 10ms, 최대: 23ms, P95: 12ms, P99: 14ms
[2026-02-23 15:56:34] [INFO] [rancher-gov.goe.go.kr] (268/0/268)
[2026-02-23 15:56:34] [INFO] [38841fbe-5985-481c-9a6d-d0310520c2af.internal.kr4.postgres.rds.ngovc.com] (268/0/268)
[2026-02-23 15:56:34] [INFO] [rancher-gov.goe.go.kr] 응답시간 통계 - 최소: 9ms, 평균: 10ms, 최대: 21ms, P95: 12ms, P99: 13ms
[2026-02-23 15:56:34] [INFO] [38841fbe-5985-481c-9a6d-d0310520c2af.internal.kr4.postgres.rds.ngovc.com] 응답시간 통계 - 최소: 8ms, 평균: 10ms, 최대: 21ms, P95: 12ms, P99: 14ms
[2026-02-23 15:57:34] [INFO] [38841fbe-5985-481c-9a6d-d0310520c2af.internal.kr4.postgres.rds.ngovc.com] (267/0/267)
[2026-02-23 15:57:34] [INFO] [rancher-gov.goe.go.kr] (267/0/267)
[2026-02-23 15:57:34] [INFO] [38841fbe-5985-481c-9a6d-d0310520c2af.internal.kr4.postgres.rds.ngovc.com] 응답시간 통계 - 최소: 9ms, 평균: 10ms, 최대: 14ms, P95: 12ms, P99: 13ms
[2026-02-23 15:57:34] [INFO] [rancher-gov.goe.go.kr] 응답시간 통계 - 최소: 9ms, 평균: 10ms, 최대: 14ms, P95: 12ms, P99: 14ms
[2026-02-23 15:58:34] [INFO] [38841fbe-5985-481c-9a6d-d0310520c2af.internal.kr4.postgres.rds.ngovc.com] (267/0/267)
[2026-02-23 15:58:34] [INFO] [rancher-gov.goe.go.kr] (267/0/267)
[2026-02-23 15:58:34] [INFO] [38841fbe-5985-481c-9a6d-d0310520c2af.internal.kr4.postgres.rds.ngovc.com] 응답시간 통계 - 최소: 9ms, 평균: 10ms, 최대: 15ms, P95: 12ms, P99: 14ms
[2026-02-23 15:58:34] [INFO] [rancher-gov.goe.go.kr] 응답시간 통계 - 최소: 9ms, 평균: 10ms, 최대: 15ms, P95: 12ms, P99: 14ms
[2026-02-23 15:59:34] [INFO] [rancher-gov.goe.go.kr] (268/0/268)
[2026-02-23 15:59:34] [INFO] [38841fbe-5985-481c-9a6d-d0310520c2af.internal.kr4.postgres.rds.ngovc.com] (268/0/268)
[2026-02-23 15:59:34] [INFO] [rancher-gov.goe.go.kr] 응답시간 통계 - 최소: 9ms, 평균: 10ms, 최대: 20ms, P95: 12ms, P99: 13ms
[2026-02-23 15:59:34] [INFO] [38841fbe-5985-481c-9a6d-d0310520c2af.internal.kr4.postgres.rds.ngovc.com] 응답시간 통계 - 최소: 9ms, 평균: 10ms, 최대: 18ms, P95: 12ms, P99: 14ms
[2026-02-23 16:00:34] [INFO] [rancher-gov.goe.go.kr] (267/0/267)
[2026-02-23 16:00:34] [INFO] [38841fbe-5985-481c-9a6d-d0310520c2af.internal.kr4.postgres.rds.ngovc.com] (267/0/267)
[2026-02-23 16:00:34] [INFO] [rancher-gov.goe.go.kr] 응답시간 통계 - 최소: 9ms, 평균: 10ms, 최대: 14ms, P95: 12ms, P99: 13ms
[2026-02-23 16:00:34] [INFO] [38841fbe-5985-481c-9a6d-d0310520c2af.internal.kr4.postgres.rds.ngovc.com] 응답시간 통계 - 최소: 9ms, 평균: 10ms, 최대: 14ms, P95: 12ms, P99: 14ms
[2026-02-23 16:01:34] [INFO] [rancher-gov.goe.go.kr] (267/0/267)
[2026-02-23 16:01:34] [INFO] [38841fbe-5985-481c-9a6d-d0310520c2af.internal.kr4.postgres.rds.ngovc.com] (267/0/267)
[2026-02-23 16:01:34] [INFO] [rancher-gov.goe.go.kr] 응답시간 통계 - 최소: 9ms, 평균: 10ms, 최대: 15ms, P95: 11ms, P99: 13ms
[2026-02-23 16:01:34] [INFO] [38841fbe-5985-481c-9a6d-d0310520c2af.internal.kr4.postgres.rds.ngovc.com] 응답시간 통계 - 최소: 9ms, 평균: 10ms, 최대: 15ms, P95: 12ms, P99: 13ms
[2026-02-23 16:02:34] [INFO] [rancher-gov.goe.go.kr] (269/0/269)
[2026-02-23 16:02:34] [INFO] [38841fbe-5985-481c-9a6d-d0310520c2af.internal.kr4.postgres.rds.ngovc.com] (269/0/269)
[2026-02-23 16:02:34] [INFO] [rancher-gov.goe.go.kr] 응답시간 통계 - 최소: 9ms, 평균: 10ms, 최대: 14ms, P95: 12ms, P99: 13ms
[2026-02-23 16:02:34] [INFO] [38841fbe-5985-481c-9a6d-d0310520c2af.internal.kr4.postgres.rds.ngovc.com] 응답시간 통계 - 최소: 9ms, 평균: 10ms, 최대: 18ms, P95: 12ms, P99: 14ms
[2026-02-23 16:03:34] [INFO] [rancher-gov.goe.go.kr] (267/0/267)
[2026-02-23 16:03:34] [INFO] [38841fbe-5985-481c-9a6d-d0310520c2af.internal.kr4.postgres.rds.ngovc.com] (267/0/267)
[2026-02-23 16:03:34] [INFO] [rancher-gov.goe.go.kr] 응답시간 통계 - 최소: 9ms, 평균: 10ms, 최대: 14ms, P95: 12ms, P99: 13ms
[2026-02-23 16:03:34] [INFO] [38841fbe-5985-481c-9a6d-d0310520c2af.internal.kr4.postgres.rds.ngovc.com] 응답시간 통계 - 최소: 9ms, 평균: 10ms, 최대: 15ms, P95: 12ms, P99: 13ms
[2026-02-23 16:04:34] [INFO] [38841fbe-5985-481c-9a6d-d0310520c2af.internal.kr4.postgres.rds.ngovc.com] (268/0/268)
[2026-02-23 16:04:34] [INFO] [rancher-gov.goe.go.kr] (268/0/268)
[2026-02-23 16:04:34] [INFO] [38841fbe-5985-481c-9a6d-d0310520c2af.internal.kr4.postgres.rds.ngovc.com] 응답시간 통계 - 최소: 9ms, 평균: 10ms, 최대: 15ms, P95: 12ms, P99: 14ms
[2026-02-23 16:04:34] [INFO] [rancher-gov.goe.go.kr] 응답시간 통계 - 최소: 9ms, 평균: 10ms, 최대: 15ms, P95: 12ms, P99: 14ms
[2026-02-23 16:05:34] [INFO] [rancher-gov.goe.go.kr] (267/0/267)
[2026-02-23 16:05:34] [INFO] [rancher-gov.goe.go.kr] 응답시간 통계 - 최소: 9ms, 평균: 10ms, 최대: 21ms, P95: 12ms, P99: 13ms
[2026-02-23 16:05:34] [INFO] [38841fbe-5985-481c-9a6d-d0310520c2af.internal.kr4.postgres.rds.ngovc.com] (267/0/267)
[2026-02-23 16:05:34] [INFO] [38841fbe-5985-481c-9a6d-d0310520c2af.internal.kr4.postgres.rds.ngovc.com] 응답시간 통계 - 최소: 9ms, 평균: 10ms, 최대: 15ms, P95: 13ms, P99: 14ms
[2026-02-23 16:06:34] [INFO] [38841fbe-5985-481c-9a6d-d0310520c2af.internal.kr4.postgres.rds.ngovc.com] (267/0/267)
[2026-02-23 16:06:34] [INFO] [rancher-gov.goe.go.kr] (267/0/267)
[2026-02-23 16:06:34] [INFO] [38841fbe-5985-481c-9a6d-d0310520c2af.internal.kr4.postgres.rds.ngovc.com] 응답시간 통계 - 최소: 9ms, 평균: 10ms, 최대: 14ms, P95: 13ms, P99: 13ms
[2026-02-23 16:06:34] [INFO] [rancher-gov.goe.go.kr] 응답시간 통계 - 최소: 9ms, 평균: 10ms, 최대: 14ms, P95: 12ms, P99: 13ms
[2026-02-23 16:07:34] [INFO] [38841fbe-5985-481c-9a6d-d0310520c2af.internal.kr4.postgres.rds.ngovc.com] (267/0/267)
[2026-02-23 16:07:34] [INFO] [rancher-gov.goe.go.kr] (267/0/267)
[2026-02-23 16:07:34] [INFO] [38841fbe-5985-481c-9a6d-d0310520c2af.internal.kr4.postgres.rds.ngovc.com] 응답시간 통계 - 최소: 9ms, 평균: 10ms, 최대: 16ms, P95: 12ms, P99: 13ms
[2026-02-23 16:07:34] [INFO] [rancher-gov.goe.go.kr] 응답시간 통계 - 최소: 9ms, 평균: 10ms, 최대: 14ms, P95: 12ms, P99: 13ms
[2026-02-23 16:08:34] [INFO] [rancher-gov.goe.go.kr] (269/0/269)
[2026-02-23 16:08:34] [INFO] [rancher-gov.goe.go.kr] 응답시간 통계 - 최소: 9ms, 평균: 10ms, 최대: 15ms, P95: 12ms, P99: 13ms
[2026-02-23 16:08:34] [INFO] [38841fbe-5985-481c-9a6d-d0310520c2af.internal.kr4.postgres.rds.ngovc.com] (269/0/269)
[2026-02-23 16:08:34] [INFO] [38841fbe-5985-481c-9a6d-d0310520c2af.internal.kr4.postgres.rds.ngovc.com] 응답시간 통계 - 최소: 9ms, 평균: 10ms, 최대: 15ms, P95: 12ms, P99: 13ms
[2026-02-23 16:09:34] [INFO] [rancher-gov.goe.go.kr] (267/0/267)
[2026-02-23 16:09:34] [INFO] [rancher-gov.goe.go.kr] 응답시간 통계 - 최소: 9ms, 평균: 10ms, 최대: 13ms, P95: 11ms, P99: 12ms
[2026-02-23 16:09:34] [INFO] [38841fbe-5985-481c-9a6d-d0310520c2af.internal.kr4.postgres.rds.ngovc.com] (267/0/267)
[2026-02-23 16:09:34] [INFO] [38841fbe-5985-481c-9a6d-d0310520c2af.internal.kr4.postgres.rds.ngovc.com] 응답시간 통계 - 최소: 9ms, 평균: 10ms, 최대: 21ms, P95: 12ms, P99: 13ms
[2026-02-23 16:10:34] [INFO] [38841fbe-5985-481c-9a6d-d0310520c2af.internal.kr4.postgres.rds.ngovc.com] (268/0/268)
[2026-02-23 16:10:34] [INFO] [rancher-gov.goe.go.kr] (268/0/268)
[2026-02-23 16:10:34] [INFO] [38841fbe-5985-481c-9a6d-d0310520c2af.internal.kr4.postgres.rds.ngovc.com] 응답시간 통계 - 최소: 8ms, 평균: 10ms, 최대: 15ms, P95: 12ms, P99: 14ms
[2026-02-23 16:10:34] [INFO] [rancher-gov.goe.go.kr] 응답시간 통계 - 최소: 9ms, 평균: 10ms, 최대: 16ms, P95: 12ms, P99: 13ms
[2026-02-23 16:11:34] [INFO] [rancher-gov.goe.go.kr] (267/0/267)
[2026-02-23 16:11:34] [INFO] [38841fbe-5985-481c-9a6d-d0310520c2af.internal.kr4.postgres.rds.ngovc.com] (267/0/267)
[2026-02-23 16:11:34] [INFO] [rancher-gov.goe.go.kr] 응답시간 통계 - 최소: 9ms, 평균: 10ms, 최대: 14ms, P95: 12ms, P99: 14ms
[2026-02-23 16:11:34] [INFO] [38841fbe-5985-481c-9a6d-d0310520c2af.internal.kr4.postgres.rds.ngovc.com] 응답시간 통계 - 최소: 9ms, 평균: 10ms, 최대: 15ms, P95: 12ms, P99: 13ms
[2026-02-23 16:12:34] [INFO] [rancher-gov.goe.go.kr] (267/0/267)
[2026-02-23 16:12:34] [INFO] [38841fbe-5985-481c-9a6d-d0310520c2af.internal.kr4.postgres.rds.ngovc.com] (267/0/267)
[2026-02-23 16:12:34] [INFO] [rancher-gov.goe.go.kr] 응답시간 통계 - 최소: 9ms, 평균: 10ms, 최대: 15ms, P95: 12ms, P99: 13ms
[2026-02-23 16:12:34] [INFO] [38841fbe-5985-481c-9a6d-d0310520c2af.internal.kr4.postgres.rds.ngovc.com] 응답시간 통계 - 최소: 8ms, 평균: 10ms, 최대: 14ms, P95: 12ms, P99: 13ms
[2026-02-23 16:13:34] [INFO] [rancher-gov.goe.go.kr] (267/0/267)
[2026-02-23 16:13:34] [INFO] [rancher-gov.goe.go.kr] 응답시간 통계 - 최소: 9ms, 평균: 10ms, 최대: 13ms, P95: 12ms, P99: 13ms
[2026-02-23 16:13:34] [INFO] [38841fbe-5985-481c-9a6d-d0310520c2af.internal.kr4.postgres.rds.ngovc.com] (267/0/267)
[2026-02-23 16:13:34] [INFO] [38841fbe-5985-481c-9a6d-d0310520c2af.internal.kr4.postgres.rds.ngovc.com] 응답시간 통계 - 최소: 9ms, 평균: 10ms, 최대: 14ms, P95: 12ms, P99: 14ms
[2026-02-23 16:14:34] [INFO] [38841fbe-5985-481c-9a6d-d0310520c2af.internal.kr4.postgres.rds.ngovc.com] (268/0/268)
[2026-02-23 16:14:34] [INFO] [rancher-gov.goe.go.kr] (268/0/268)
[2026-02-23 16:14:34] [INFO] [38841fbe-5985-481c-9a6d-d0310520c2af.internal.kr4.postgres.rds.ngovc.com] 응답시간 통계 - 최소: 9ms, 평균: 10ms, 최대: 15ms, P95: 12ms, P99: 14ms
[2026-02-23 16:14:34] [INFO] [rancher-gov.goe.go.kr] 응답시간 통계 - 최소: 9ms, 평균: 10ms, 최대: 13ms, P95: 12ms, P99: 13ms
[2026-02-23 16:15:34] [INFO] [rancher-gov.goe.go.kr] (267/0/267)
[2026-02-23 16:15:34] [INFO] [38841fbe-5985-481c-9a6d-d0310520c2af.internal.kr4.postgres.rds.ngovc.com] (267/0/267)
[2026-02-23 16:15:34] [INFO] [rancher-gov.goe.go.kr] 응답시간 통계 - 최소: 9ms, 평균: 10ms, 최대: 14ms, P95: 12ms, P99: 13ms
[2026-02-23 16:15:34] [INFO] [38841fbe-5985-481c-9a6d-d0310520c2af.internal.kr4.postgres.rds.ngovc.com] 응답시간 통계 - 최소: 9ms, 평균: 10ms, 최대: 15ms, P95: 12ms, P99: 14ms
[2026-02-23 16:16:34] [INFO] [38841fbe-5985-481c-9a6d-d0310520c2af.internal.kr4.postgres.rds.ngovc.com] (267/0/267)
[2026-02-23 16:16:34] [INFO] [rancher-gov.goe.go.kr] (267/0/267)
[2026-02-23 16:16:34] [INFO] [38841fbe-5985-481c-9a6d-d0310520c2af.internal.kr4.postgres.rds.ngovc.com] 응답시간 통계 - 최소: 9ms, 평균: 10ms, 최대: 17ms, P95: 12ms, P99: 14ms
[2026-02-23 16:16:34] [INFO] [rancher-gov.goe.go.kr] 응답시간 통계 - 최소: 9ms, 평균: 10ms, 최대: 14ms, P95: 12ms, P99: 13ms
[2026-02-23 16:17:34] [INFO] [rancher-gov.goe.go.kr] (267/0/267)
[2026-02-23 16:17:34] [INFO] [rancher-gov.goe.go.kr] 응답시간 통계 - 최소: 9ms, 평균: 10ms, 최대: 22ms, P95: 12ms, P99: 14ms
[2026-02-23 16:17:34] [INFO] [38841fbe-5985-481c-9a6d-d0310520c2af.internal.kr4.postgres.rds.ngovc.com] (267/0/267)
[2026-02-23 16:17:34] [INFO] [38841fbe-5985-481c-9a6d-d0310520c2af.internal.kr4.postgres.rds.ngovc.com] 응답시간 통계 - 최소: 9ms, 평균: 10ms, 최대: 21ms, P95: 12ms, P99: 13ms
[2026-02-23 16:18:34] [INFO] [rancher-gov.goe.go.kr] (267/0/267)
[2026-02-23 16:18:34] [INFO] [rancher-gov.goe.go.kr] 응답시간 통계 - 최소: 9ms, 평균: 10ms, 최대: 14ms, P95: 12ms, P99: 13ms
[2026-02-23 16:18:34] [INFO] [38841fbe-5985-481c-9a6d-d0310520c2af.internal.kr4.postgres.rds.ngovc.com] (267/0/267)
[2026-02-23 16:18:34] [INFO] [38841fbe-5985-481c-9a6d-d0310520c2af.internal.kr4.postgres.rds.ngovc.com] 응답시간 통계 - 최소: 9ms, 평균: 10ms, 최대: 15ms, P95: 13ms, P99: 14ms
[2026-02-23 16:19:34] [INFO] [rancher-gov.goe.go.kr] (268/0/268)
[2026-02-23 16:19:34] [INFO] [38841fbe-5985-481c-9a6d-d0310520c2af.internal.kr4.postgres.rds.ngovc.com] (268/0/268)
[2026-02-23 16:19:34] [INFO] [rancher-gov.goe.go.kr] 응답시간 통계 - 최소: 9ms, 평균: 10ms, 최대: 14ms, P95: 12ms, P99: 13ms
[2026-02-23 16:19:34] [INFO] [38841fbe-5985-481c-9a6d-d0310520c2af.internal.kr4.postgres.rds.ngovc.com] 응답시간 통계 - 최소: 9ms, 평균: 10ms, 최대: 15ms, P95: 12ms, P99: 13ms
[2026-02-23 16:20:34] [INFO] [38841fbe-5985-481c-9a6d-d0310520c2af.internal.kr4.postgres.rds.ngovc.com] (267/0/267)
[2026-02-23 16:20:34] [INFO] [rancher-gov.goe.go.kr] (267/0/267)
[2026-02-23 16:20:34] [INFO] [38841fbe-5985-481c-9a6d-d0310520c2af.internal.kr4.postgres.rds.ngovc.com] 응답시간 통계 - 최소: 9ms, 평균: 10ms, 최대: 15ms, P95: 12ms, P99: 14ms
[2026-02-23 16:20:34] [INFO] [rancher-gov.goe.go.kr] 응답시간 통계 - 최소: 9ms, 평균: 10ms, 최대: 14ms, P95: 12ms, P99: 13ms
[2026-02-23 16:21:34] [INFO] [rancher-gov.goe.go.kr] (268/0/268)
[2026-02-23 16:21:34] [INFO] [rancher-gov.goe.go.kr] 응답시간 통계 - 최소: 9ms, 평균: 10ms, 최대: 18ms, P95: 12ms, P99: 14ms
[2026-02-23 16:21:34] [INFO] [38841fbe-5985-481c-9a6d-d0310520c2af.internal.kr4.postgres.rds.ngovc.com] (268/0/268)
[2026-02-23 16:21:34] [INFO] [38841fbe-5985-481c-9a6d-d0310520c2af.internal.kr4.postgres.rds.ngovc.com] 응답시간 통계 - 최소: 9ms, 평균: 10ms, 최대: 21ms, P95: 12ms, P99: 13ms
[2026-02-23 16:22:34] [INFO] [rancher-gov.goe.go.kr] (267/0/267)
[2026-02-23 16:22:34] [INFO] [38841fbe-5985-481c-9a6d-d0310520c2af.internal.kr4.postgres.rds.ngovc.com] (267/0/267)
[2026-02-23 16:22:34] [INFO] [rancher-gov.goe.go.kr] 응답시간 통계 - 최소: 9ms, 평균: 10ms, 최대: 17ms, P95: 12ms, P99: 14ms
[2026-02-23 16:22:34] [INFO] [38841fbe-5985-481c-9a6d-d0310520c2af.internal.kr4.postgres.rds.ngovc.com] 응답시간 통계 - 최소: 9ms, 평균: 10ms, 최대: 18ms, P95: 12ms, P99: 14ms
[2026-02-23 16:23:34] [INFO] [rancher-gov.goe.go.kr] (267/0/267)
[2026-02-23 16:23:34] [INFO] [rancher-gov.goe.go.kr] 응답시간 통계 - 최소: 9ms, 평균: 10ms, 최대: 14ms, P95: 12ms, P99: 13ms
[2026-02-23 16:23:34] [INFO] [38841fbe-5985-481c-9a6d-d0310520c2af.internal.kr4.postgres.rds.ngovc.com] (267/0/267)
[2026-02-23 16:23:34] [INFO] [38841fbe-5985-481c-9a6d-d0310520c2af.internal.kr4.postgres.rds.ngovc.com] 응답시간 통계 - 최소: 9ms, 평균: 10ms, 최대: 15ms, P95: 12ms, P99: 14ms
[2026-02-23 16:24:34] [INFO] [38841fbe-5985-481c-9a6d-d0310520c2af.internal.kr4.postgres.rds.ngovc.com] (268/0/268)
[2026-02-23 16:24:34] [INFO] [38841fbe-5985-481c-9a6d-d0310520c2af.internal.kr4.postgres.rds.ngovc.com] 응답시간 통계 - 최소: 9ms, 평균: 10ms, 최대: 14ms, P95: 12ms, P99: 14ms
[2026-02-23 16:24:34] [INFO] [rancher-gov.goe.go.kr] (268/0/268)
[2026-02-23 16:24:34] [INFO] [rancher-gov.goe.go.kr] 응답시간 통계 - 최소: 9ms, 평균: 10ms, 최대: 16ms, P95: 12ms, P99: 13ms
[2026-02-23 16:25:34] [INFO] [rancher-gov.goe.go.kr] (267/0/267)
[2026-02-23 16:25:34] [INFO] [38841fbe-5985-481c-9a6d-d0310520c2af.internal.kr4.postgres.rds.ngovc.com] (267/0/267)
[2026-02-23 16:25:34] [INFO] [rancher-gov.goe.go.kr] 응답시간 통계 - 최소: 9ms, 평균: 10ms, 최대: 13ms, P95: 12ms, P99: 12ms
[2026-02-23 16:25:34] [INFO] [38841fbe-5985-481c-9a6d-d0310520c2af.internal.kr4.postgres.rds.ngovc.com] 응답시간 통계 - 최소: 9ms, 평균: 10ms, 최대: 15ms, P95: 12ms, P99: 14ms
[2026-02-23 16:26:34] [INFO] [38841fbe-5985-481c-9a6d-d0310520c2af.internal.kr4.postgres.rds.ngovc.com] (267/0/267)
[2026-02-23 16:26:34] [INFO] [rancher-gov.goe.go.kr] (267/0/267)
[2026-02-23 16:26:34] [INFO] [38841fbe-5985-481c-9a6d-d0310520c2af.internal.kr4.postgres.rds.ngovc.com] 응답시간 통계 - 최소: 9ms, 평균: 10ms, 최대: 19ms, P95: 12ms, P99: 14ms
[2026-02-23 16:26:34] [INFO] [rancher-gov.goe.go.kr] 응답시간 통계 - 최소: 9ms, 평균: 10ms, 최대: 13ms, P95: 12ms, P99: 12ms
[2026-02-23 16:27:34] [INFO] [38841fbe-5985-481c-9a6d-d0310520c2af.internal.kr4.postgres.rds.ngovc.com] (268/0/268)
[2026-02-23 16:27:34] [INFO] [rancher-gov.goe.go.kr] (268/0/268)
[2026-02-23 16:27:34] [INFO] [38841fbe-5985-481c-9a6d-d0310520c2af.internal.kr4.postgres.rds.ngovc.com] 응답시간 통계 - 최소: 9ms, 평균: 10ms, 최대: 16ms, P95: 13ms, P99: 15ms
[2026-02-23 16:27:34] [INFO] [rancher-gov.goe.go.kr] 응답시간 통계 - 최소: 9ms, 평균: 10ms, 최대: 14ms, P95: 12ms, P99: 13ms
[2026-02-23 16:28:34] [INFO] [rancher-gov.goe.go.kr] (268/0/268)
[2026-02-23 16:28:34] [INFO] [38841fbe-5985-481c-9a6d-d0310520c2af.internal.kr4.postgres.rds.ngovc.com] (268/0/268)
[2026-02-23 16:28:34] [INFO] [rancher-gov.goe.go.kr] 응답시간 통계 - 최소: 9ms, 평균: 10ms, 최대: 13ms, P95: 12ms, P99: 13ms
[2026-02-23 16:28:34] [INFO] [38841fbe-5985-481c-9a6d-d0310520c2af.internal.kr4.postgres.rds.ngovc.com] 응답시간 통계 - 최소: 9ms, 평균: 10ms, 최대: 15ms, P95: 12ms, P99: 14ms
[2026-02-23 16:29:34] [INFO] [rancher-gov.goe.go.kr] (267/0/267)
[2026-02-23 16:29:34] [INFO] [38841fbe-5985-481c-9a6d-d0310520c2af.internal.kr4.postgres.rds.ngovc.com] (267/0/267)
[2026-02-23 16:29:34] [INFO] [rancher-gov.goe.go.kr] 응답시간 통계 - 최소: 9ms, 평균: 10ms, 최대: 17ms, P95: 12ms, P99: 13ms
[2026-02-23 16:29:34] [INFO] [38841fbe-5985-481c-9a6d-d0310520c2af.internal.kr4.postgres.rds.ngovc.com] 응답시간 통계 - 최소: 9ms, 평균: 10ms, 최대: 13ms, P95: 12ms, P99: 13ms
[2026-02-23 16:30:34] [INFO] [38841fbe-5985-481c-9a6d-d0310520c2af.internal.kr4.postgres.rds.ngovc.com] (268/0/268)
[2026-02-23 16:30:34] [INFO] [rancher-gov.goe.go.kr] (268/0/268)
[2026-02-23 16:30:34] [INFO] [38841fbe-5985-481c-9a6d-d0310520c2af.internal.kr4.postgres.rds.ngovc.com] 응답시간 통계 - 최소: 9ms, 평균: 10ms, 최대: 14ms, P95: 12ms, P99: 14ms
[2026-02-23 16:30:34] [INFO] [rancher-gov.goe.go.kr] 응답시간 통계 - 최소: 9ms, 평균: 10ms, 최대: 18ms, P95: 12ms, P99: 13ms
[2026-02-23 16:31:34] [INFO] [rancher-gov.goe.go.kr] (267/0/267)
[2026-02-23 16:31:34] [INFO] [38841fbe-5985-481c-9a6d-d0310520c2af.internal.kr4.postgres.rds.ngovc.com] (267/0/267)
[2026-02-23 16:31:34] [INFO] [rancher-gov.goe.go.kr] 응답시간 통계 - 최소: 9ms, 평균: 10ms, 최대: 13ms, P95: 12ms, P99: 13ms
[2026-02-23 16:31:34] [INFO] [38841fbe-5985-481c-9a6d-d0310520c2af.internal.kr4.postgres.rds.ngovc.com] 응답시간 통계 - 최소: 9ms, 평균: 10ms, 최대: 15ms, P95: 13ms, P99: 13ms
[2026-02-23 16:32:34] [INFO] [rancher-gov.goe.go.kr] (268/0/268)
[2026-02-23 16:32:34] [INFO] [rancher-gov.goe.go.kr] 응답시간 통계 - 최소: 9ms, 평균: 10ms, 최대: 13ms, P95: 12ms, P99: 13ms
[2026-02-23 16:32:34] [INFO] [38841fbe-5985-481c-9a6d-d0310520c2af.internal.kr4.postgres.rds.ngovc.com] (268/0/268)
[2026-02-23 16:32:34] [INFO] [38841fbe-5985-481c-9a6d-d0310520c2af.internal.kr4.postgres.rds.ngovc.com] 응답시간 통계 - 최소: 9ms, 평균: 10ms, 최대: 16ms, P95: 12ms, P99: 14ms
[2026-02-23 16:33:34] [INFO] [rancher-gov.goe.go.kr] (267/0/267)
[2026-02-23 16:33:34] [INFO] [38841fbe-5985-481c-9a6d-d0310520c2af.internal.kr4.postgres.rds.ngovc.com] (267/0/267)
[2026-02-23 16:33:34] [INFO] [rancher-gov.goe.go.kr] 응답시간 통계 - 최소: 9ms, 평균: 10ms, 최대: 16ms, P95: 12ms, P99: 13ms
[2026-02-23 16:33:34] [INFO] [38841fbe-5985-481c-9a6d-d0310520c2af.internal.kr4.postgres.rds.ngovc.com] 응답시간 통계 - 최소: 9ms, 평균: 10ms, 최대: 15ms, P95: 12ms, P99: 14ms
[2026-02-23 16:34:34] [INFO] [38841fbe-5985-481c-9a6d-d0310520c2af.internal.kr4.postgres.rds.ngovc.com] (268/0/268)
[2026-02-23 16:34:34] [INFO] [rancher-gov.goe.go.kr] (268/0/268)
[2026-02-23 16:34:34] [INFO] [38841fbe-5985-481c-9a6d-d0310520c2af.internal.kr4.postgres.rds.ngovc.com] 응답시간 통계 - 최소: 9ms, 평균: 10ms, 최대: 17ms, P95: 12ms, P99: 14ms
[2026-02-23 16:34:34] [INFO] [rancher-gov.goe.go.kr] 응답시간 통계 - 최소: 9ms, 평균: 10ms, 최대: 18ms, P95: 12ms, P99: 13ms
[2026-02-23 16:35:34] [INFO] [38841fbe-5985-481c-9a6d-d0310520c2af.internal.kr4.postgres.rds.ngovc.com] (267/0/267)
[2026-02-23 16:35:34] [INFO] [38841fbe-5985-481c-9a6d-d0310520c2af.internal.kr4.postgres.rds.ngovc.com] 응답시간 통계 - 최소: 9ms, 평균: 10ms, 최대: 15ms, P95: 12ms, P99: 14ms
[2026-02-23 16:35:34] [INFO] [rancher-gov.goe.go.kr] (267/0/267)
[2026-02-23 16:35:34] [INFO] [rancher-gov.goe.go.kr] 응답시간 통계 - 최소: 9ms, 평균: 10ms, 최대: 15ms, P95: 12ms, P99: 14ms
[2026-02-23 16:36:34] [INFO] [rancher-gov.goe.go.kr] (267/0/267)
[2026-02-23 16:36:34] [INFO] [38841fbe-5985-481c-9a6d-d0310520c2af.internal.kr4.postgres.rds.ngovc.com] (267/0/267)
[2026-02-23 16:36:34] [INFO] [rancher-gov.goe.go.kr] 응답시간 통계 - 최소: 9ms, 평균: 10ms, 최대: 15ms, P95: 12ms, P99: 14ms
[2026-02-23 16:36:34] [INFO] [38841fbe-5985-481c-9a6d-d0310520c2af.internal.kr4.postgres.rds.ngovc.com] 응답시간 통계 - 최소: 9ms, 평균: 10ms, 최대: 16ms, P95: 13ms, P99: 14ms
[2026-02-23 16:37:34] [INFO] [38841fbe-5985-481c-9a6d-d0310520c2af.internal.kr4.postgres.rds.ngovc.com] (267/0/267)
[2026-02-23 16:37:34] [INFO] [38841fbe-5985-481c-9a6d-d0310520c2af.internal.kr4.postgres.rds.ngovc.com] 응답시간 통계 - 최소: 9ms, 평균: 10ms, 최대: 17ms, P95: 13ms, P99: 14ms
[2026-02-23 16:37:34] [INFO] [rancher-gov.goe.go.kr] (267/0/267)
[2026-02-23 16:37:34] [INFO] [rancher-gov.goe.go.kr] 응답시간 통계 - 최소: 9ms, 평균: 10ms, 최대: 17ms, P95: 13ms, P99: 14ms
[2026-02-23 16:38:34] [INFO] [rancher-gov.goe.go.kr] (269/0/269)
[2026-02-23 16:38:34] [INFO] [rancher-gov.goe.go.kr] 응답시간 통계 - 최소: 9ms, 평균: 10ms, 최대: 16ms, P95: 11ms, P99: 12ms
[2026-02-23 16:38:34] [INFO] [38841fbe-5985-481c-9a6d-d0310520c2af.internal.kr4.postgres.rds.ngovc.com] (269/0/269)
[2026-02-23 16:38:34] [INFO] [38841fbe-5985-481c-9a6d-d0310520c2af.internal.kr4.postgres.rds.ngovc.com] 응답시간 통계 - 최소: 9ms, 평균: 10ms, 최대: 18ms, P95: 12ms, P99: 14ms
[2026-02-23 16:39:34] [INFO] [rancher-gov.goe.go.kr] (267/0/267)
[2026-02-23 16:39:34] [INFO] [38841fbe-5985-481c-9a6d-d0310520c2af.internal.kr4.postgres.rds.ngovc.com] (267/0/267)
[2026-02-23 16:39:34] [INFO] [rancher-gov.goe.go.kr] 응답시간 통계 - 최소: 9ms, 평균: 10ms, 최대: 14ms, P95: 12ms, P99: 13ms
[2026-02-23 16:39:34] [INFO] [38841fbe-5985-481c-9a6d-d0310520c2af.internal.kr4.postgres.rds.ngovc.com] 응답시간 통계 - 최소: 9ms, 평균: 10ms, 최대: 16ms, P95: 12ms, P99: 13ms
[2026-02-23 16:40:34] [INFO] [38841fbe-5985-481c-9a6d-d0310520c2af.internal.kr4.postgres.rds.ngovc.com] (268/0/268)
[2026-02-23 16:40:34] [INFO] [rancher-gov.goe.go.kr] (268/0/268)
[2026-02-23 16:40:34] [INFO] [38841fbe-5985-481c-9a6d-d0310520c2af.internal.kr4.postgres.rds.ngovc.com] 응답시간 통계 - 최소: 9ms, 평균: 10ms, 최대: 15ms, P95: 12ms, P99: 14ms
[2026-02-23 16:40:34] [INFO] [rancher-gov.goe.go.kr] 응답시간 통계 - 최소: 9ms, 평균: 10ms, 최대: 16ms, P95: 12ms, P99: 13ms
[2026-02-23 16:41:34] [INFO] [38841fbe-5985-481c-9a6d-d0310520c2af.internal.kr4.postgres.rds.ngovc.com] (267/0/267)
[2026-02-23 16:41:34] [INFO] [rancher-gov.goe.go.kr] (267/0/267)
[2026-02-23 16:41:34] [INFO] [38841fbe-5985-481c-9a6d-d0310520c2af.internal.kr4.postgres.rds.ngovc.com] 응답시간 통계 - 최소: 9ms, 평균: 10ms, 최대: 14ms, P95: 12ms, P99: 13ms
[2026-02-23 16:41:34] [INFO] [rancher-gov.goe.go.kr] 응답시간 통계 - 최소: 9ms, 평균: 10ms, 최대: 14ms, P95: 11ms, P99: 13ms
[2026-02-23 16:42:34] [INFO] [rancher-gov.goe.go.kr] (268/0/268)
[2026-02-23 16:42:34] [INFO] [38841fbe-5985-481c-9a6d-d0310520c2af.internal.kr4.postgres.rds.ngovc.com] (268/0/268)
[2026-02-23 16:42:34] [INFO] [rancher-gov.goe.go.kr] 응답시간 통계 - 최소: 9ms, 평균: 10ms, 최대: 19ms, P95: 12ms, P99: 13ms
[2026-02-23 16:42:34] [INFO] [38841fbe-5985-481c-9a6d-d0310520c2af.internal.kr4.postgres.rds.ngovc.com] 응답시간 통계 - 최소: 9ms, 평균: 10ms, 최대: 15ms, P95: 12ms, P99: 14ms
[2026-02-23 16:43:34] [INFO] [rancher-gov.goe.go.kr] (268/0/268)
[2026-02-23 16:43:34] [INFO] [38841fbe-5985-481c-9a6d-d0310520c2af.internal.kr4.postgres.rds.ngovc.com] (268/0/268)
[2026-02-23 16:43:34] [INFO] [rancher-gov.goe.go.kr] 응답시간 통계 - 최소: 9ms, 평균: 10ms, 최대: 14ms, P95: 11ms, P99: 12ms
[2026-02-23 16:43:34] [INFO] [38841fbe-5985-481c-9a6d-d0310520c2af.internal.kr4.postgres.rds.ngovc.com] 응답시간 통계 - 최소: 9ms, 평균: 10ms, 최대: 15ms, P95: 12ms, P99: 14ms
[2026-02-23 16:44:34] [INFO] [38841fbe-5985-481c-9a6d-d0310520c2af.internal.kr4.postgres.rds.ngovc.com] (267/0/267)
[2026-02-23 16:44:34] [INFO] [rancher-gov.goe.go.kr] (267/0/267)
[2026-02-23 16:44:34] [INFO] [38841fbe-5985-481c-9a6d-d0310520c2af.internal.kr4.postgres.rds.ngovc.com] 응답시간 통계 - 최소: 9ms, 평균: 10ms, 최대: 15ms, P95: 12ms, P99: 13ms
[2026-02-23 16:44:34] [INFO] [rancher-gov.goe.go.kr] 응답시간 통계 - 최소: 9ms, 평균: 10ms, 최대: 13ms, P95: 11ms, P99: 12ms
[2026-02-23 16:45:34] [INFO] [38841fbe-5985-481c-9a6d-d0310520c2af.internal.kr4.postgres.rds.ngovc.com] (269/0/269)
[2026-02-23 16:45:34] [INFO] [38841fbe-5985-481c-9a6d-d0310520c2af.internal.kr4.postgres.rds.ngovc.com] 응답시간 통계 - 최소: 9ms, 평균: 10ms, 최대: 14ms, P95: 12ms, P99: 13ms
[2026-02-23 16:45:34] [INFO] [rancher-gov.goe.go.kr] (269/0/269)
[2026-02-23 16:45:34] [INFO] [rancher-gov.goe.go.kr] 응답시간 통계 - 최소: 9ms, 평균: 10ms, 최대: 25ms, P95: 12ms, P99: 12ms
[2026-02-23 16:46:34] [INFO] [rancher-gov.goe.go.kr] (267/0/267)
[2026-02-23 16:46:34] [INFO] [38841fbe-5985-481c-9a6d-d0310520c2af.internal.kr4.postgres.rds.ngovc.com] (267/0/267)
[2026-02-23 16:46:34] [INFO] [38841fbe-5985-481c-9a6d-d0310520c2af.internal.kr4.postgres.rds.ngovc.com] 응답시간 통계 - 최소: 9ms, 평균: 10ms, 최대: 15ms, P95: 12ms, P99: 14ms
[2026-02-23 16:46:34] [INFO] [rancher-gov.goe.go.kr] 응답시간 통계 - 최소: 9ms, 평균: 10ms, 최대: 14ms, P95: 11ms, P99: 13ms
[2026-02-23 16:47:34] [INFO] [38841fbe-5985-481c-9a6d-d0310520c2af.internal.kr4.postgres.rds.ngovc.com] (268/0/268)
[2026-02-23 16:47:34] [INFO] [rancher-gov.goe.go.kr] (268/0/268)
[2026-02-23 16:47:34] [INFO] [rancher-gov.goe.go.kr] 응답시간 통계 - 최소: 9ms, 평균: 10ms, 최대: 13ms, P95: 12ms, P99: 13ms
[2026-02-23 16:47:34] [INFO] [38841fbe-5985-481c-9a6d-d0310520c2af.internal.kr4.postgres.rds.ngovc.com] 응답시간 통계 - 최소: 9ms, 평균: 10ms, 최대: 16ms, P95: 12ms, P99: 13ms
[2026-02-23 16:48:34] [INFO] [rancher-gov.goe.go.kr] (269/0/269)
[2026-02-23 16:48:34] [INFO] [38841fbe-5985-481c-9a6d-d0310520c2af.internal.kr4.postgres.rds.ngovc.com] (269/0/269)
[2026-02-23 16:48:34] [INFO] [rancher-gov.goe.go.kr] 응답시간 통계 - 최소: 9ms, 평균: 10ms, 최대: 21ms, P95: 12ms, P99: 14ms
[2026-02-23 16:48:34] [INFO] [38841fbe-5985-481c-9a6d-d0310520c2af.internal.kr4.postgres.rds.ngovc.com] 응답시간 통계 - 최소: 9ms, 평균: 10ms, 최대: 15ms, P95: 12ms, P99: 13ms
[2026-02-23 16:49:34] [INFO] [rancher-gov.goe.go.kr] (268/0/268)
[2026-02-23 16:49:34] [INFO] [38841fbe-5985-481c-9a6d-d0310520c2af.internal.kr4.postgres.rds.ngovc.com] (268/0/268)
[2026-02-23 16:49:34] [INFO] [rancher-gov.goe.go.kr] 응답시간 통계 - 최소: 9ms, 평균: 10ms, 최대: 15ms, P95: 12ms, P99: 13ms
[2026-02-23 16:49:34] [INFO] [38841fbe-5985-481c-9a6d-d0310520c2af.internal.kr4.postgres.rds.ngovc.com] 응답시간 통계 - 최소: 9ms, 평균: 10ms, 최대: 15ms, P95: 12ms, P99: 14ms
[2026-02-23 16:50:34] [INFO] [38841fbe-5985-481c-9a6d-d0310520c2af.internal.kr4.postgres.rds.ngovc.com] (268/0/268)
[2026-02-23 16:50:34] [INFO] [rancher-gov.goe.go.kr] (268/0/268)
[2026-02-23 16:50:34] [INFO] [38841fbe-5985-481c-9a6d-d0310520c2af.internal.kr4.postgres.rds.ngovc.com] 응답시간 통계 - 최소: 9ms, 평균: 10ms, 최대: 15ms, P95: 12ms, P99: 14ms
[2026-02-23 16:50:34] [INFO] [rancher-gov.goe.go.kr] 응답시간 통계 - 최소: 9ms, 평균: 10ms, 최대: 14ms, P95: 12ms, P99: 13ms
[2026-02-23 16:51:34] [INFO] [38841fbe-5985-481c-9a6d-d0310520c2af.internal.kr4.postgres.rds.ngovc.com] (267/0/267)
[2026-02-23 16:51:34] [INFO] [38841fbe-5985-481c-9a6d-d0310520c2af.internal.kr4.postgres.rds.ngovc.com] 응답시간 통계 - 최소: 9ms, 평균: 10ms, 최대: 18ms, P95: 12ms, P99: 14ms
[2026-02-23 16:51:34] [INFO] [rancher-gov.goe.go.kr] (267/0/267)
[2026-02-23 16:51:34] [INFO] [rancher-gov.goe.go.kr] 응답시간 통계 - 최소: 9ms, 평균: 10ms, 최대: 16ms, P95: 12ms, P99: 13ms
[2026-02-23 16:52:34] [INFO] [rancher-gov.goe.go.kr] (267/0/267)
[2026-02-23 16:52:34] [INFO] [38841fbe-5985-481c-9a6d-d0310520c2af.internal.kr4.postgres.rds.ngovc.com] (267/0/267)
[2026-02-23 16:52:34] [INFO] [rancher-gov.goe.go.kr] 응답시간 통계 - 최소: 9ms, 평균: 10ms, 최대: 14ms, P95: 12ms, P99: 13ms
[2026-02-23 16:52:34] [INFO] [38841fbe-5985-481c-9a6d-d0310520c2af.internal.kr4.postgres.rds.ngovc.com] 응답시간 통계 - 최소: 9ms, 평균: 10ms, 최대: 15ms, P95: 13ms, P99: 14ms
[2026-02-23 16:53:34] [INFO] [rancher-gov.goe.go.kr] (267/0/267)
[2026-02-23 16:53:34] [INFO] [38841fbe-5985-481c-9a6d-d0310520c2af.internal.kr4.postgres.rds.ngovc.com] (267/0/267)
[2026-02-23 16:53:34] [INFO] [rancher-gov.goe.go.kr] 응답시간 통계 - 최소: 9ms, 평균: 10ms, 최대: 15ms, P95: 12ms, P99: 13ms
[2026-02-23 16:53:34] [INFO] [38841fbe-5985-481c-9a6d-d0310520c2af.internal.kr4.postgres.rds.ngovc.com] 응답시간 통계 - 최소: 9ms, 평균: 10ms, 최대: 15ms, P95: 12ms, P99: 14ms
[2026-02-23 16:54:34] [INFO] [38841fbe-5985-481c-9a6d-d0310520c2af.internal.kr4.postgres.rds.ngovc.com] (267/0/267)
[2026-02-23 16:54:34] [INFO] [rancher-gov.goe.go.kr] (267/0/267)
[2026-02-23 16:54:34] [INFO] [38841fbe-5985-481c-9a6d-d0310520c2af.internal.kr4.postgres.rds.ngovc.com] 응답시간 통계 - 최소: 9ms, 평균: 10ms, 최대: 13ms, P95: 12ms, P99: 13ms
[2026-02-23 16:54:34] [INFO] [rancher-gov.goe.go.kr] 응답시간 통계 - 최소: 10ms, 평균: 10ms, 최대: 19ms, P95: 12ms, P99: 13ms
[2026-02-23 16:55:34] [INFO] [rancher-gov.goe.go.kr] (268/0/268)
[2026-02-23 16:55:34] [INFO] [rancher-gov.goe.go.kr] 응답시간 통계 - 최소: 9ms, 평균: 10ms, 최대: 14ms, P95: 11ms, P99: 13ms
[2026-02-23 16:55:34] [INFO] [38841fbe-5985-481c-9a6d-d0310520c2af.internal.kr4.postgres.rds.ngovc.com] (268/0/268)
[2026-02-23 16:55:34] [INFO] [38841fbe-5985-481c-9a6d-d0310520c2af.internal.kr4.postgres.rds.ngovc.com] 응답시간 통계 - 최소: 9ms, 평균: 10ms, 최대: 20ms, P95: 13ms, P99: 14ms
[2026-02-23 16:56:34] [INFO] [rancher-gov.goe.go.kr] (267/0/267)
[2026-02-23 16:56:34] [INFO] [38841fbe-5985-481c-9a6d-d0310520c2af.internal.kr4.postgres.rds.ngovc.com] (267/0/267)
[2026-02-23 16:56:34] [INFO] [rancher-gov.goe.go.kr] 응답시간 통계 - 최소: 9ms, 평균: 10ms, 최대: 18ms, P95: 11ms, P99: 13ms
[2026-02-23 16:56:34] [INFO] [38841fbe-5985-481c-9a6d-d0310520c2af.internal.kr4.postgres.rds.ngovc.com] 응답시간 통계 - 최소: 9ms, 평균: 10ms, 최대: 17ms, P95: 12ms, P99: 14ms
[2026-02-23 16:57:34] [INFO] [rancher-gov.goe.go.kr] (267/0/267)
[2026-02-23 16:57:34] [INFO] [rancher-gov.goe.go.kr] 응답시간 통계 - 최소: 9ms, 평균: 10ms, 최대: 14ms, P95: 12ms, P99: 13ms
[2026-02-23 16:57:34] [INFO] [38841fbe-5985-481c-9a6d-d0310520c2af.internal.kr4.postgres.rds.ngovc.com] (267/0/267)
[2026-02-23 16:57:34] [INFO] [38841fbe-5985-481c-9a6d-d0310520c2af.internal.kr4.postgres.rds.ngovc.com] 응답시간 통계 - 최소: 9ms, 평균: 10ms, 최대: 15ms, P95: 12ms, P99: 14ms
[2026-02-23 16:58:34] [INFO] [rancher-gov.goe.go.kr] (268/0/268)
[2026-02-23 16:58:34] [INFO] [38841fbe-5985-481c-9a6d-d0310520c2af.internal.kr4.postgres.rds.ngovc.com] (268/0/268)
[2026-02-23 16:58:34] [INFO] [rancher-gov.goe.go.kr] 응답시간 통계 - 최소: 9ms, 평균: 10ms, 최대: 14ms, P95: 11ms, P99: 13ms
[2026-02-23 16:58:34] [INFO] [38841fbe-5985-481c-9a6d-d0310520c2af.internal.kr4.postgres.rds.ngovc.com] 응답시간 통계 - 최소: 9ms, 평균: 10ms, 최대: 17ms, P95: 12ms, P99: 14ms
[2026-02-23 16:59:34] [INFO] [rancher-gov.goe.go.kr] (267/0/267)
[2026-02-23 16:59:34] [INFO] [rancher-gov.goe.go.kr] 응답시간 통계 - 최소: 9ms, 평균: 10ms, 최대: 14ms, P95: 11ms, P99: 13ms
[2026-02-23 16:59:34] [INFO] [38841fbe-5985-481c-9a6d-d0310520c2af.internal.kr4.postgres.rds.ngovc.com] (267/0/267)
[2026-02-23 16:59:34] [INFO] [38841fbe-5985-481c-9a6d-d0310520c2af.internal.kr4.postgres.rds.ngovc.com] 응답시간 통계 - 최소: 9ms, 평균: 10ms, 최대: 15ms, P95: 12ms, P99: 14ms
[2026-02-23 17:00:34] [INFO] [38841fbe-5985-481c-9a6d-d0310520c2af.internal.kr4.postgres.rds.ngovc.com] (268/0/268)
[2026-02-23 17:00:34] [INFO] [38841fbe-5985-481c-9a6d-d0310520c2af.internal.kr4.postgres.rds.ngovc.com] 응답시간 통계 - 최소: 9ms, 평균: 10ms, 최대: 14ms, P95: 12ms, P99: 13ms
[2026-02-23 17:00:34] [INFO] [rancher-gov.goe.go.kr] (268/0/268)
[2026-02-23 17:00:34] [INFO] [rancher-gov.goe.go.kr] 응답시간 통계 - 최소: 9ms, 평균: 10ms, 최대: 13ms, P95: 12ms, P99: 12ms
[2026-02-23 17:01:34] [INFO] [rancher-gov.goe.go.kr] (267/0/267)
[2026-02-23 17:01:34] [INFO] [rancher-gov.goe.go.kr] 응답시간 통계 - 최소: 9ms, 평균: 10ms, 최대: 18ms, P95: 12ms, P99: 13ms
[2026-02-23 17:01:34] [INFO] [38841fbe-5985-481c-9a6d-d0310520c2af.internal.kr4.postgres.rds.ngovc.com] (267/0/267)
[2026-02-23 17:01:34] [INFO] [38841fbe-5985-481c-9a6d-d0310520c2af.internal.kr4.postgres.rds.ngovc.com] 응답시간 통계 - 최소: 9ms, 평균: 10ms, 최대: 18ms, P95: 12ms, P99: 14ms
[2026-02-23 17:02:34] [INFO] [38841fbe-5985-481c-9a6d-d0310520c2af.internal.kr4.postgres.rds.ngovc.com] (268/0/268)
[2026-02-23 17:02:34] [INFO] [rancher-gov.goe.go.kr] (268/0/268)
[2026-02-23 17:02:34] [INFO] [rancher-gov.goe.go.kr] 응답시간 통계 - 최소: 9ms, 평균: 10ms, 최대: 16ms, P95: 12ms, P99: 13ms
[2026-02-23 17:02:34] [INFO] [38841fbe-5985-481c-9a6d-d0310520c2af.internal.kr4.postgres.rds.ngovc.com] 응답시간 통계 - 최소: 9ms, 평균: 10ms, 최대: 20ms, P95: 12ms, P99: 13ms
[2026-02-23 17:03:34] [INFO] [38841fbe-5985-481c-9a6d-d0310520c2af.internal.kr4.postgres.rds.ngovc.com] (268/0/268)
[2026-02-23 17:03:34] [INFO] [rancher-gov.goe.go.kr] (268/0/268)
[2026-02-23 17:03:34] [INFO] [38841fbe-5985-481c-9a6d-d0310520c2af.internal.kr4.postgres.rds.ngovc.com] 응답시간 통계 - 최소: 9ms, 평균: 10ms, 최대: 18ms, P95: 13ms, P99: 14ms
[2026-02-23 17:03:34] [INFO] [rancher-gov.goe.go.kr] 응답시간 통계 - 최소: 9ms, 평균: 10ms, 최대: 13ms, P95: 12ms, P99: 13ms
[2026-02-23 17:04:34] [INFO] [rancher-gov.goe.go.kr] (268/0/268)
[2026-02-23 17:04:34] [INFO] [38841fbe-5985-481c-9a6d-d0310520c2af.internal.kr4.postgres.rds.ngovc.com] (268/0/268)
[2026-02-23 17:04:34] [INFO] [rancher-gov.goe.go.kr] 응답시간 통계 - 최소: 9ms, 평균: 10ms, 최대: 14ms, P95: 12ms, P99: 12ms
[2026-02-23 17:04:34] [INFO] [38841fbe-5985-481c-9a6d-d0310520c2af.internal.kr4.postgres.rds.ngovc.com] 응답시간 통계 - 최소: 9ms, 평균: 10ms, 최대: 14ms, P95: 12ms, P99: 13ms
[2026-02-23 17:05:34] [INFO] [38841fbe-5985-481c-9a6d-d0310520c2af.internal.kr4.postgres.rds.ngovc.com] (268/0/268)
[2026-02-23 17:05:34] [INFO] [38841fbe-5985-481c-9a6d-d0310520c2af.internal.kr4.postgres.rds.ngovc.com] 응답시간 통계 - 최소: 9ms, 평균: 10ms, 최대: 15ms, P95: 12ms, P99: 14ms
[2026-02-23 17:05:34] [INFO] [rancher-gov.goe.go.kr] (268/0/268)
[2026-02-23 17:05:34] [INFO] [rancher-gov.goe.go.kr] 응답시간 통계 - 최소: 9ms, 평균: 10ms, 최대: 15ms, P95: 12ms, P99: 12ms
[2026-02-23 17:06:34] [INFO] [rancher-gov.goe.go.kr] (268/0/268)
[2026-02-23 17:06:34] [INFO] [38841fbe-5985-481c-9a6d-d0310520c2af.internal.kr4.postgres.rds.ngovc.com] (268/0/268)
[2026-02-23 17:06:34] [INFO] [rancher-gov.goe.go.kr] 응답시간 통계 - 최소: 9ms, 평균: 10ms, 최대: 16ms, P95: 11ms, P99: 12ms
[2026-02-23 17:06:34] [INFO] [38841fbe-5985-481c-9a6d-d0310520c2af.internal.kr4.postgres.rds.ngovc.com] 응답시간 통계 - 최소: 9ms, 평균: 10ms, 최대: 15ms, P95: 12ms, P99: 13ms
[2026-02-23 17:07:34] [INFO] [38841fbe-5985-481c-9a6d-d0310520c2af.internal.kr4.postgres.rds.ngovc.com] (268/0/268)
[2026-02-23 17:07:34] [INFO] [rancher-gov.goe.go.kr] (268/0/268)
[2026-02-23 17:07:34] [INFO] [rancher-gov.goe.go.kr] 응답시간 통계 - 최소: 9ms, 평균: 10ms, 최대: 22ms, P95: 11ms, P99: 13ms
[2026-02-23 17:07:34] [INFO] [38841fbe-5985-481c-9a6d-d0310520c2af.internal.kr4.postgres.rds.ngovc.com] 응답시간 통계 - 최소: 9ms, 평균: 10ms, 최대: 14ms, P95: 12ms, P99: 14ms
[2026-02-23 17:08:34] [INFO] [38841fbe-5985-481c-9a6d-d0310520c2af.internal.kr4.postgres.rds.ngovc.com] (268/0/268)
[2026-02-23 17:08:34] [INFO] [38841fbe-5985-481c-9a6d-d0310520c2af.internal.kr4.postgres.rds.ngovc.com] 응답시간 통계 - 최소: 9ms, 평균: 10ms, 최대: 15ms, P95: 12ms, P99: 13ms
[2026-02-23 17:08:34] [INFO] [rancher-gov.goe.go.kr] (268/0/268)
[2026-02-23 17:08:34] [INFO] [rancher-gov.goe.go.kr] 응답시간 통계 - 최소: 9ms, 평균: 10ms, 최대: 15ms, P95: 11ms, P99: 12ms
[2026-02-23 17:09:34] [INFO] [38841fbe-5985-481c-9a6d-d0310520c2af.internal.kr4.postgres.rds.ngovc.com] (267/0/267)
[2026-02-23 17:09:34] [INFO] [rancher-gov.goe.go.kr] (267/0/267)
[2026-02-23 17:09:34] [INFO] [38841fbe-5985-481c-9a6d-d0310520c2af.internal.kr4.postgres.rds.ngovc.com] 응답시간 통계 - 최소: 9ms, 평균: 10ms, 최대: 16ms, P95: 12ms, P99: 14ms
[2026-02-23 17:09:34] [INFO] [rancher-gov.goe.go.kr] 응답시간 통계 - 최소: 9ms, 평균: 10ms, 최대: 15ms, P95: 12ms, P99: 14ms
[2026-02-23 17:10:34] [INFO] [rancher-gov.goe.go.kr] (267/0/267)
[2026-02-23 17:10:34] [INFO] [38841fbe-5985-481c-9a6d-d0310520c2af.internal.kr4.postgres.rds.ngovc.com] (267/0/267)
[2026-02-23 17:10:34] [INFO] [rancher-gov.goe.go.kr] 응답시간 통계 - 최소: 9ms, 평균: 10ms, 최대: 13ms, P95: 12ms, P99: 12ms
[2026-02-23 17:10:34] [INFO] [38841fbe-5985-481c-9a6d-d0310520c2af.internal.kr4.postgres.rds.ngovc.com] 응답시간 통계 - 최소: 9ms, 평균: 10ms, 최대: 14ms, P95: 12ms, P99: 13ms
[2026-02-23 17:11:34] [INFO] [38841fbe-5985-481c-9a6d-d0310520c2af.internal.kr4.postgres.rds.ngovc.com] (267/0/267)
[2026-02-23 17:11:34] [INFO] [rancher-gov.goe.go.kr] (267/0/267)
[2026-02-23 17:11:34] [INFO] [38841fbe-5985-481c-9a6d-d0310520c2af.internal.kr4.postgres.rds.ngovc.com] 응답시간 통계 - 최소: 9ms, 평균: 10ms, 최대: 16ms, P95: 12ms, P99: 13ms
[2026-02-23 17:11:34] [INFO] [rancher-gov.goe.go.kr] 응답시간 통계 - 최소: 9ms, 평균: 10ms, 최대: 16ms, P95: 12ms, P99: 13ms
[2026-02-23 17:12:34] [INFO] [rancher-gov.goe.go.kr] (268/0/268)
[2026-02-23 17:12:34] [INFO] [38841fbe-5985-481c-9a6d-d0310520c2af.internal.kr4.postgres.rds.ngovc.com] (268/0/268)
[2026-02-23 17:12:34] [INFO] [rancher-gov.goe.go.kr] 응답시간 통계 - 최소: 9ms, 평균: 10ms, 최대: 15ms, P95: 12ms, P99: 13ms
[2026-02-23 17:12:34] [INFO] [38841fbe-5985-481c-9a6d-d0310520c2af.internal.kr4.postgres.rds.ngovc.com] 응답시간 통계 - 최소: 9ms, 평균: 10ms, 최대: 22ms, P95: 12ms, P99: 14ms
[2026-02-23 17:13:34] [INFO] [rancher-gov.goe.go.kr] (268/0/268)
[2026-02-23 17:13:34] [INFO] [38841fbe-5985-481c-9a6d-d0310520c2af.internal.kr4.postgres.rds.ngovc.com] (268/0/268)
[2026-02-23 17:13:34] [INFO] [rancher-gov.goe.go.kr] 응답시간 통계 - 최소: 9ms, 평균: 10ms, 최대: 15ms, P95: 11ms, P99: 13ms
[2026-02-23 17:13:34] [INFO] [38841fbe-5985-481c-9a6d-d0310520c2af.internal.kr4.postgres.rds.ngovc.com] 응답시간 통계 - 최소: 9ms, 평균: 10ms, 최대: 15ms, P95: 12ms, P99: 13ms
[2026-02-23 17:14:34] [INFO] [rancher-gov.goe.go.kr] (267/0/267)
[2026-02-23 17:14:34] [INFO] [38841fbe-5985-481c-9a6d-d0310520c2af.internal.kr4.postgres.rds.ngovc.com] (267/0/267)
[2026-02-23 17:14:34] [INFO] [rancher-gov.goe.go.kr] 응답시간 통계 - 최소: 9ms, 평균: 10ms, 최대: 15ms, P95: 11ms, P99: 13ms
[2026-02-23 17:14:34] [INFO] [38841fbe-5985-481c-9a6d-d0310520c2af.internal.kr4.postgres.rds.ngovc.com] 응답시간 통계 - 최소: 9ms, 평균: 10ms, 최대: 14ms, P95: 12ms, P99: 13ms
[2026-02-23 17:15:34] [INFO] [rancher-gov.goe.go.kr] (268/0/268)
[2026-02-23 17:15:34] [INFO] [38841fbe-5985-481c-9a6d-d0310520c2af.internal.kr4.postgres.rds.ngovc.com] (268/0/268)
[2026-02-23 17:15:34] [INFO] [rancher-gov.goe.go.kr] 응답시간 통계 - 최소: 9ms, 평균: 10ms, 최대: 15ms, P95: 11ms, P99: 12ms
[2026-02-23 17:15:34] [INFO] [38841fbe-5985-481c-9a6d-d0310520c2af.internal.kr4.postgres.rds.ngovc.com] 응답시간 통계 - 최소: 9ms, 평균: 10ms, 최대: 16ms, P95: 12ms, P99: 14ms
[2026-02-23 17:16:34] [INFO] [rancher-gov.goe.go.kr] (267/0/267)
[2026-02-23 17:16:34] [INFO] [38841fbe-5985-481c-9a6d-d0310520c2af.internal.kr4.postgres.rds.ngovc.com] (267/0/267)
[2026-02-23 17:16:34] [INFO] [rancher-gov.goe.go.kr] 응답시간 통계 - 최소: 10ms, 평균: 10ms, 최대: 14ms, P95: 11ms, P99: 13ms
[2026-02-23 17:16:34] [INFO] [38841fbe-5985-481c-9a6d-d0310520c2af.internal.kr4.postgres.rds.ngovc.com] 응답시간 통계 - 최소: 9ms, 평균: 10ms, 최대: 15ms, P95: 12ms, P99: 14ms
[2026-02-23 17:17:34] [INFO] [38841fbe-5985-481c-9a6d-d0310520c2af.internal.kr4.postgres.rds.ngovc.com] (267/0/267)
[2026-02-23 17:17:34] [INFO] [38841fbe-5985-481c-9a6d-d0310520c2af.internal.kr4.postgres.rds.ngovc.com] 응답시간 통계 - 최소: 9ms, 평균: 10ms, 최대: 16ms, P95: 13ms, P99: 14ms
[2026-02-23 17:17:34] [INFO] [rancher-gov.goe.go.kr] (267/0/267)
[2026-02-23 17:17:34] [INFO] [rancher-gov.goe.go.kr] 응답시간 통계 - 최소: 9ms, 평균: 10ms, 최대: 14ms, P95: 12ms, P99: 13ms
[2026-02-23 17:18:34] [INFO] [rancher-gov.goe.go.kr] (267/0/267)
[2026-02-23 17:18:34] [INFO] [38841fbe-5985-481c-9a6d-d0310520c2af.internal.kr4.postgres.rds.ngovc.com] (267/0/267)
[2026-02-23 17:18:34] [INFO] [rancher-gov.goe.go.kr] 응답시간 통계 - 최소: 10ms, 평균: 10ms, 최대: 15ms, P95: 12ms, P99: 12ms
[2026-02-23 17:18:34] [INFO] [38841fbe-5985-481c-9a6d-d0310520c2af.internal.kr4.postgres.rds.ngovc.com] 응답시간 통계 - 최소: 9ms, 평균: 10ms, 최대: 14ms, P95: 12ms, P99: 13ms
[2026-02-23 17:19:34] [INFO] [38841fbe-5985-481c-9a6d-d0310520c2af.internal.kr4.postgres.rds.ngovc.com] (268/0/268)
[2026-02-23 17:19:34] [INFO] [rancher-gov.goe.go.kr] (268/0/268)
[2026-02-23 17:19:34] [INFO] [38841fbe-5985-481c-9a6d-d0310520c2af.internal.kr4.postgres.rds.ngovc.com] 응답시간 통계 - 최소: 9ms, 평균: 10ms, 최대: 15ms, P95: 12ms, P99: 14ms
[2026-02-23 17:19:34] [INFO] [rancher-gov.goe.go.kr] 응답시간 통계 - 최소: 9ms, 평균: 10ms, 최대: 16ms, P95: 12ms, P99: 13ms
[2026-02-23 17:20:34] [INFO] [rancher-gov.goe.go.kr] (267/0/267)
[2026-02-23 17:20:34] [INFO] [38841fbe-5985-481c-9a6d-d0310520c2af.internal.kr4.postgres.rds.ngovc.com] (267/0/267)
[2026-02-23 17:20:34] [INFO] [rancher-gov.goe.go.kr] 응답시간 통계 - 최소: 9ms, 평균: 10ms, 최대: 14ms, P95: 12ms, P99: 13ms
[2026-02-23 17:20:34] [INFO] [38841fbe-5985-481c-9a6d-d0310520c2af.internal.kr4.postgres.rds.ngovc.com] 응답시간 통계 - 최소: 9ms, 평균: 10ms, 최대: 16ms, P95: 12ms, P99: 13ms
[2026-02-23 17:21:34] [INFO] [38841fbe-5985-481c-9a6d-d0310520c2af.internal.kr4.postgres.rds.ngovc.com] (267/0/267)
[2026-02-23 17:21:34] [INFO] [rancher-gov.goe.go.kr] (267/0/267)
[2026-02-23 17:21:34] [INFO] [38841fbe-5985-481c-9a6d-d0310520c2af.internal.kr4.postgres.rds.ngovc.com] 응답시간 통계 - 최소: 9ms, 평균: 10ms, 최대: 15ms, P95: 13ms, P99: 14ms
[2026-02-23 17:21:34] [INFO] [rancher-gov.goe.go.kr] 응답시간 통계 - 최소: 9ms, 평균: 10ms, 최대: 15ms, P95: 13ms, P99: 14ms
[2026-02-23 17:22:34] [INFO] [38841fbe-5985-481c-9a6d-d0310520c2af.internal.kr4.postgres.rds.ngovc.com] (267/0/267)
[2026-02-23 17:22:34] [INFO] [rancher-gov.goe.go.kr] (267/0/267)
[2026-02-23 17:22:34] [INFO] [38841fbe-5985-481c-9a6d-d0310520c2af.internal.kr4.postgres.rds.ngovc.com] 응답시간 통계 - 최소: 9ms, 평균: 10ms, 최대: 14ms, P95: 13ms, P99: 14ms
[2026-02-23 17:22:34] [INFO] [rancher-gov.goe.go.kr] 응답시간 통계 - 최소: 9ms, 평균: 10ms, 최대: 16ms, P95: 12ms, P99: 14ms
[2026-02-23 17:23:34] [INFO] [38841fbe-5985-481c-9a6d-d0310520c2af.internal.kr4.postgres.rds.ngovc.com] (268/0/268)
[2026-02-23 17:23:34] [INFO] [rancher-gov.goe.go.kr] (268/0/268)
[2026-02-23 17:23:34] [INFO] [38841fbe-5985-481c-9a6d-d0310520c2af.internal.kr4.postgres.rds.ngovc.com] 응답시간 통계 - 최소: 9ms, 평균: 10ms, 최대: 16ms, P95: 12ms, P99: 13ms
[2026-02-23 17:23:34] [INFO] [rancher-gov.goe.go.kr] 응답시간 통계 - 최소: 9ms, 평균: 10ms, 최대: 16ms, P95: 12ms, P99: 13ms
[2026-02-23 17:24:34] [INFO] [38841fbe-5985-481c-9a6d-d0310520c2af.internal.kr4.postgres.rds.ngovc.com] (267/0/267)
[2026-02-23 17:24:34] [INFO] [rancher-gov.goe.go.kr] (267/0/267)
[2026-02-23 17:24:34] [INFO] [38841fbe-5985-481c-9a6d-d0310520c2af.internal.kr4.postgres.rds.ngovc.com] 응답시간 통계 - 최소: 9ms, 평균: 10ms, 최대: 14ms, P95: 13ms, P99: 14ms
[2026-02-23 17:24:34] [INFO] [rancher-gov.goe.go.kr] 응답시간 통계 - 최소: 9ms, 평균: 10ms, 최대: 14ms, P95: 12ms, P99: 13ms
[2026-02-23 17:25:34] [INFO] [rancher-gov.goe.go.kr] (267/0/267)
[2026-02-23 17:25:34] [INFO] [38841fbe-5985-481c-9a6d-d0310520c2af.internal.kr4.postgres.rds.ngovc.com] (267/0/267)
[2026-02-23 17:25:34] [INFO] [rancher-gov.goe.go.kr] 응답시간 통계 - 최소: 9ms, 평균: 10ms, 최대: 17ms, P95: 12ms, P99: 13ms
[2026-02-23 17:25:34] [INFO] [38841fbe-5985-481c-9a6d-d0310520c2af.internal.kr4.postgres.rds.ngovc.com] 응답시간 통계 - 최소: 9ms, 평균: 10ms, 최대: 15ms, P95: 13ms, P99: 14ms
[2026-02-23 17:26:34] [INFO] [rancher-gov.goe.go.kr] (267/0/267)
[2026-02-23 17:26:34] [INFO] [38841fbe-5985-481c-9a6d-d0310520c2af.internal.kr4.postgres.rds.ngovc.com] (267/0/267)
[2026-02-23 17:26:34] [INFO] [rancher-gov.goe.go.kr] 응답시간 통계 - 최소: 9ms, 평균: 10ms, 최대: 14ms, P95: 12ms, P99: 13ms
[2026-02-23 17:26:34] [INFO] [38841fbe-5985-481c-9a6d-d0310520c2af.internal.kr4.postgres.rds.ngovc.com] 응답시간 통계 - 최소: 9ms, 평균: 10ms, 최대: 15ms, P95: 12ms, P99: 14ms
[2026-02-23 17:27:34] [INFO] [rancher-gov.goe.go.kr] (268/0/268)
[2026-02-23 17:27:34] [INFO] [38841fbe-5985-481c-9a6d-d0310520c2af.internal.kr4.postgres.rds.ngovc.com] (268/0/268)
[2026-02-23 17:27:34] [INFO] [rancher-gov.goe.go.kr] 응답시간 통계 - 최소: 9ms, 평균: 10ms, 최대: 14ms, P95: 11ms, P99: 13ms
[2026-02-23 17:27:34] [INFO] [38841fbe-5985-481c-9a6d-d0310520c2af.internal.kr4.postgres.rds.ngovc.com] 응답시간 통계 - 최소: 9ms, 평균: 10ms, 최대: 13ms, P95: 12ms, P99: 13ms
[2026-02-23 17:28:34] [INFO] [rancher-gov.goe.go.kr] (269/0/269)
[2026-02-23 17:28:34] [INFO] [38841fbe-5985-481c-9a6d-d0310520c2af.internal.kr4.postgres.rds.ngovc.com] (269/0/269)
[2026-02-23 17:28:34] [INFO] [rancher-gov.goe.go.kr] 응답시간 통계 - 최소: 9ms, 평균: 10ms, 최대: 14ms, P95: 11ms, P99: 13ms
[2026-02-23 17:28:34] [INFO] [38841fbe-5985-481c-9a6d-d0310520c2af.internal.kr4.postgres.rds.ngovc.com] 응답시간 통계 - 최소: 9ms, 평균: 10ms, 최대: 14ms, P95: 12ms, P99: 13ms
[2026-02-23 17:29:34] [INFO] [rancher-gov.goe.go.kr] (269/0/269)
[2026-02-23 17:29:34] [INFO] [38841fbe-5985-481c-9a6d-d0310520c2af.internal.kr4.postgres.rds.ngovc.com] (269/0/269)
[2026-02-23 17:29:34] [INFO] [rancher-gov.goe.go.kr] 응답시간 통계 - 최소: 9ms, 평균: 10ms, 최대: 18ms, P95: 12ms, P99: 13ms
[2026-02-23 17:29:34] [INFO] [38841fbe-5985-481c-9a6d-d0310520c2af.internal.kr4.postgres.rds.ngovc.com] 응답시간 통계 - 최소: 9ms, 평균: 10ms, 최대: 14ms, P95: 12ms, P99: 13ms
[2026-02-23 17:30:34] [INFO] [38841fbe-5985-481c-9a6d-d0310520c2af.internal.kr4.postgres.rds.ngovc.com] (267/0/267)
[2026-02-23 17:30:34] [INFO] [38841fbe-5985-481c-9a6d-d0310520c2af.internal.kr4.postgres.rds.ngovc.com] 응답시간 통계 - 최소: 9ms, 평균: 10ms, 최대: 15ms, P95: 13ms, P99: 13ms
[2026-02-23 17:30:34] [INFO] [rancher-gov.goe.go.kr] (267/0/267)
[2026-02-23 17:30:34] [INFO] [rancher-gov.goe.go.kr] 응답시간 통계 - 최소: 9ms, 평균: 10ms, 최대: 14ms, P95: 12ms, P99: 13ms
[2026-02-23 17:31:34] [INFO] [38841fbe-5985-481c-9a6d-d0310520c2af.internal.kr4.postgres.rds.ngovc.com] (268/0/268)
[2026-02-23 17:31:34] [INFO] [rancher-gov.goe.go.kr] (268/0/268)
[2026-02-23 17:31:34] [INFO] [38841fbe-5985-481c-9a6d-d0310520c2af.internal.kr4.postgres.rds.ngovc.com] 응답시간 통계 - 최소: 9ms, 평균: 10ms, 최대: 14ms, P95: 12ms, P99: 13ms
[2026-02-23 17:31:34] [INFO] [rancher-gov.goe.go.kr] 응답시간 통계 - 최소: 9ms, 평균: 10ms, 최대: 14ms, P95: 12ms, P99: 13ms
[2026-02-23 17:32:34] [INFO] [rancher-gov.goe.go.kr] (269/0/269)
[2026-02-23 17:32:34] [INFO] [38841fbe-5985-481c-9a6d-d0310520c2af.internal.kr4.postgres.rds.ngovc.com] (269/0/269)
[2026-02-23 17:32:34] [INFO] [rancher-gov.goe.go.kr] 응답시간 통계 - 최소: 9ms, 평균: 10ms, 최대: 13ms, P95: 12ms, P99: 12ms
[2026-02-23 17:32:34] [INFO] [38841fbe-5985-481c-9a6d-d0310520c2af.internal.kr4.postgres.rds.ngovc.com] 응답시간 통계 - 최소: 9ms, 평균: 10ms, 최대: 16ms, P95: 12ms, P99: 14ms
[2026-02-23 17:33:34] [INFO] [rancher-gov.goe.go.kr] (267/0/267)
[2026-02-23 17:33:34] [INFO] [rancher-gov.goe.go.kr] 응답시간 통계 - 최소: 10ms, 평균: 10ms, 최대: 17ms, P95: 12ms, P99: 13ms
[2026-02-23 17:33:34] [INFO] [38841fbe-5985-481c-9a6d-d0310520c2af.internal.kr4.postgres.rds.ngovc.com] (267/0/267)
[2026-02-23 17:33:34] [INFO] [38841fbe-5985-481c-9a6d-d0310520c2af.internal.kr4.postgres.rds.ngovc.com] 응답시간 통계 - 최소: 9ms, 평균: 10ms, 최대: 14ms, P95: 12ms, P99: 13ms
[2026-02-23 17:34:34] [INFO] [38841fbe-5985-481c-9a6d-d0310520c2af.internal.kr4.postgres.rds.ngovc.com] (267/0/267)
[2026-02-23 17:34:34] [INFO] [rancher-gov.goe.go.kr] (267/0/267)
[2026-02-23 17:34:34] [INFO] [38841fbe-5985-481c-9a6d-d0310520c2af.internal.kr4.postgres.rds.ngovc.com] 응답시간 통계 - 최소: 9ms, 평균: 10ms, 최대: 15ms, P95: 13ms, P99: 14ms
[2026-02-23 17:34:34] [INFO] [rancher-gov.goe.go.kr] 응답시간 통계 - 최소: 9ms, 평균: 10ms, 최대: 15ms, P95: 12ms, P99: 13ms
[2026-02-23 17:35:34] [INFO] [38841fbe-5985-481c-9a6d-d0310520c2af.internal.kr4.postgres.rds.ngovc.com] (268/0/268)
[2026-02-23 17:35:34] [INFO] [rancher-gov.goe.go.kr] (268/0/268)
[2026-02-23 17:35:34] [INFO] [38841fbe-5985-481c-9a6d-d0310520c2af.internal.kr4.postgres.rds.ngovc.com] 응답시간 통계 - 최소: 9ms, 평균: 10ms, 최대: 14ms, P95: 12ms, P99: 14ms
[2026-02-23 17:35:34] [INFO] [rancher-gov.goe.go.kr] 응답시간 통계 - 최소: 9ms, 평균: 10ms, 최대: 15ms, P95: 12ms, P99: 13ms
[2026-02-23 17:36:34] [INFO] [rancher-gov.goe.go.kr] (267/0/267)
[2026-02-23 17:36:34] [INFO] [38841fbe-5985-481c-9a6d-d0310520c2af.internal.kr4.postgres.rds.ngovc.com] (267/0/267)
[2026-02-23 17:36:34] [INFO] [rancher-gov.goe.go.kr] 응답시간 통계 - 최소: 10ms, 평균: 10ms, 최대: 16ms, P95: 12ms, P99: 14ms
[2026-02-23 17:36:34] [INFO] [38841fbe-5985-481c-9a6d-d0310520c2af.internal.kr4.postgres.rds.ngovc.com] 응답시간 통계 - 최소: 9ms, 평균: 10ms, 최대: 18ms, P95: 13ms, P99: 14ms
[2026-02-23 17:37:34] [INFO] [rancher-gov.goe.go.kr] (267/0/267)
[2026-02-23 17:37:34] [INFO] [38841fbe-5985-481c-9a6d-d0310520c2af.internal.kr4.postgres.rds.ngovc.com] (267/0/267)
[2026-02-23 17:37:34] [INFO] [rancher-gov.goe.go.kr] 응답시간 통계 - 최소: 9ms, 평균: 10ms, 최대: 15ms, P95: 12ms, P99: 14ms
[2026-02-23 17:37:34] [INFO] [38841fbe-5985-481c-9a6d-d0310520c2af.internal.kr4.postgres.rds.ngovc.com] 응답시간 통계 - 최소: 9ms, 평균: 10ms, 최대: 16ms, P95: 12ms, P99: 14ms
[2026-02-23 17:38:34] [INFO] [38841fbe-5985-481c-9a6d-d0310520c2af.internal.kr4.postgres.rds.ngovc.com] (268/0/268)
[2026-02-23 17:38:34] [INFO] [rancher-gov.goe.go.kr] (268/0/268)
[2026-02-23 17:38:34] [INFO] [38841fbe-5985-481c-9a6d-d0310520c2af.internal.kr4.postgres.rds.ngovc.com] 응답시간 통계 - 최소: 9ms, 평균: 10ms, 최대: 15ms, P95: 12ms, P99: 14ms
[2026-02-23 17:38:34] [INFO] [rancher-gov.goe.go.kr] 응답시간 통계 - 최소: 9ms, 평균: 10ms, 최대: 13ms, P95: 11ms, P99: 12ms
[2026-02-23 17:39:34] [INFO] [rancher-gov.goe.go.kr] (267/0/267)
[2026-02-23 17:39:34] [INFO] [38841fbe-5985-481c-9a6d-d0310520c2af.internal.kr4.postgres.rds.ngovc.com] (267/0/267)
[2026-02-23 17:39:34] [INFO] [rancher-gov.goe.go.kr] 응답시간 통계 - 최소: 9ms, 평균: 10ms, 최대: 13ms, P95: 12ms, P99: 13ms
[2026-02-23 17:39:34] [INFO] [38841fbe-5985-481c-9a6d-d0310520c2af.internal.kr4.postgres.rds.ngovc.com] 응답시간 통계 - 최소: 9ms, 평균: 10ms, 최대: 14ms, P95: 12ms, P99: 13ms
[2026-02-23 17:40:34] [INFO] [rancher-gov.goe.go.kr] (268/0/268)
[2026-02-23 17:40:34] [INFO] [rancher-gov.goe.go.kr] 응답시간 통계 - 최소: 9ms, 평균: 10ms, 최대: 17ms, P95: 11ms, P99: 12ms
[2026-02-23 17:40:34] [INFO] [38841fbe-5985-481c-9a6d-d0310520c2af.internal.kr4.postgres.rds.ngovc.com] (268/0/268)
[2026-02-23 17:40:34] [INFO] [38841fbe-5985-481c-9a6d-d0310520c2af.internal.kr4.postgres.rds.ngovc.com] 응답시간 통계 - 최소: 9ms, 평균: 10ms, 최대: 16ms, P95: 12ms, P99: 14ms
[2026-02-23 17:41:34] [INFO] [rancher-gov.goe.go.kr] (267/0/267)
[2026-02-23 17:41:34] [INFO] [rancher-gov.goe.go.kr] 응답시간 통계 - 최소: 9ms, 평균: 10ms, 최대: 16ms, P95: 12ms, P99: 13ms
[2026-02-23 17:41:34] [INFO] [38841fbe-5985-481c-9a6d-d0310520c2af.internal.kr4.postgres.rds.ngovc.com] (267/0/267)
[2026-02-23 17:41:34] [INFO] [38841fbe-5985-481c-9a6d-d0310520c2af.internal.kr4.postgres.rds.ngovc.com] 응답시간 통계 - 최소: 9ms, 평균: 10ms, 최대: 17ms, P95: 13ms, P99: 15ms
[2026-02-23 17:42:34] [INFO] [rancher-gov.goe.go.kr] (267/0/267)
[2026-02-23 17:42:34] [INFO] [38841fbe-5985-481c-9a6d-d0310520c2af.internal.kr4.postgres.rds.ngovc.com] (267/0/267)
[2026-02-23 17:42:34] [INFO] [rancher-gov.goe.go.kr] 응답시간 통계 - 최소: 10ms, 평균: 10ms, 최대: 14ms, P95: 12ms, P99: 13ms
[2026-02-23 17:42:34] [INFO] [38841fbe-5985-481c-9a6d-d0310520c2af.internal.kr4.postgres.rds.ngovc.com] 응답시간 통계 - 최소: 9ms, 평균: 10ms, 최대: 16ms, P95: 12ms, P99: 13ms
[2026-02-23 17:43:34] [INFO] [38841fbe-5985-481c-9a6d-d0310520c2af.internal.kr4.postgres.rds.ngovc.com] (267/0/267)
[2026-02-23 17:43:34] [INFO] [rancher-gov.goe.go.kr] (267/0/267)
[2026-02-23 17:43:34] [INFO] [38841fbe-5985-481c-9a6d-d0310520c2af.internal.kr4.postgres.rds.ngovc.com] 응답시간 통계 - 최소: 9ms, 평균: 10ms, 최대: 15ms, P95: 12ms, P99: 13ms
[2026-02-23 17:43:34] [INFO] [rancher-gov.goe.go.kr] 응답시간 통계 - 최소: 9ms, 평균: 10ms, 최대: 13ms, P95: 12ms, P99: 13ms
[2026-02-23 17:44:34] [INFO] [38841fbe-5985-481c-9a6d-d0310520c2af.internal.kr4.postgres.rds.ngovc.com] (267/0/267)
[2026-02-23 17:44:34] [INFO] [rancher-gov.goe.go.kr] (267/0/267)
[2026-02-23 17:44:34] [INFO] [38841fbe-5985-481c-9a6d-d0310520c2af.internal.kr4.postgres.rds.ngovc.com] 응답시간 통계 - 최소: 9ms, 평균: 10ms, 최대: 15ms, P95: 13ms, P99: 14ms
[2026-02-23 17:44:34] [INFO] [rancher-gov.goe.go.kr] 응답시간 통계 - 최소: 9ms, 평균: 10ms, 최대: 16ms, P95: 12ms, P99: 14ms
[2026-02-23 17:45:34] [INFO] [rancher-gov.goe.go.kr] (268/0/268)
[2026-02-23 17:45:34] [INFO] [38841fbe-5985-481c-9a6d-d0310520c2af.internal.kr4.postgres.rds.ngovc.com] (268/0/268)
[2026-02-23 17:45:34] [INFO] [rancher-gov.goe.go.kr] 응답시간 통계 - 최소: 9ms, 평균: 10ms, 최대: 13ms, P95: 11ms, P99: 13ms
[2026-02-23 17:45:34] [INFO] [38841fbe-5985-481c-9a6d-d0310520c2af.internal.kr4.postgres.rds.ngovc.com] 응답시간 통계 - 최소: 9ms, 평균: 10ms, 최대: 15ms, P95: 12ms, P99: 13ms
[2026-02-23 17:46:34] [INFO] [rancher-gov.goe.go.kr] (268/0/268)
[2026-02-23 17:46:34] [INFO] [38841fbe-5985-481c-9a6d-d0310520c2af.internal.kr4.postgres.rds.ngovc.com] (268/0/268)
[2026-02-23 17:46:34] [INFO] [rancher-gov.goe.go.kr] 응답시간 통계 - 최소: 9ms, 평균: 10ms, 최대: 13ms, P95: 12ms, P99: 13ms
[2026-02-23 17:46:34] [INFO] [38841fbe-5985-481c-9a6d-d0310520c2af.internal.kr4.postgres.rds.ngovc.com] 응답시간 통계 - 최소: 9ms, 평균: 10ms, 최대: 14ms, P95: 12ms, P99: 14ms
[2026-02-23 17:47:34] [INFO] [38841fbe-5985-481c-9a6d-d0310520c2af.internal.kr4.postgres.rds.ngovc.com] (268/0/268)
[2026-02-23 17:47:34] [INFO] [rancher-gov.goe.go.kr] (268/0/268)
[2026-02-23 17:47:34] [INFO] [38841fbe-5985-481c-9a6d-d0310520c2af.internal.kr4.postgres.rds.ngovc.com] 응답시간 통계 - 최소: 9ms, 평균: 10ms, 최대: 21ms, P95: 12ms, P99: 14ms
[2026-02-23 17:47:34] [INFO] [rancher-gov.goe.go.kr] 응답시간 통계 - 최소: 9ms, 평균: 10ms, 최대: 15ms, P95: 12ms, P99: 13ms
[2026-02-23 17:48:34] [INFO] [38841fbe-5985-481c-9a6d-d0310520c2af.internal.kr4.postgres.rds.ngovc.com] (267/0/267)
[2026-02-23 17:48:34] [INFO] [rancher-gov.goe.go.kr] (267/0/267)
[2026-02-23 17:48:34] [INFO] [38841fbe-5985-481c-9a6d-d0310520c2af.internal.kr4.postgres.rds.ngovc.com] 응답시간 통계 - 최소: 9ms, 평균: 10ms, 최대: 18ms, P95: 12ms, P99: 14ms
[2026-02-23 17:48:34] [INFO] [rancher-gov.goe.go.kr] 응답시간 통계 - 최소: 9ms, 평균: 10ms, 최대: 18ms, P95: 12ms, P99: 13ms
[2026-02-23 17:49:34] [INFO] [38841fbe-5985-481c-9a6d-d0310520c2af.internal.kr4.postgres.rds.ngovc.com] (267/0/267)
[2026-02-23 17:49:34] [INFO] [rancher-gov.goe.go.kr] (267/0/267)
[2026-02-23 17:49:34] [INFO] [38841fbe-5985-481c-9a6d-d0310520c2af.internal.kr4.postgres.rds.ngovc.com] 응답시간 통계 - 최소: 9ms, 평균: 10ms, 최대: 15ms, P95: 13ms, P99: 14ms
[2026-02-23 17:49:34] [INFO] [rancher-gov.goe.go.kr] 응답시간 통계 - 최소: 9ms, 평균: 10ms, 최대: 14ms, P95: 12ms, P99: 13ms
[2026-02-23 17:50:34] [INFO] [rancher-gov.goe.go.kr] (268/0/268)
[2026-02-23 17:50:34] [INFO] [38841fbe-5985-481c-9a6d-d0310520c2af.internal.kr4.postgres.rds.ngovc.com] (268/0/268)
[2026-02-23 17:50:34] [INFO] [rancher-gov.goe.go.kr] 응답시간 통계 - 최소: 9ms, 평균: 10ms, 최대: 13ms, P95: 11ms, P99: 12ms
[2026-02-23 17:50:34] [INFO] [38841fbe-5985-481c-9a6d-d0310520c2af.internal.kr4.postgres.rds.ngovc.com] 응답시간 통계 - 최소: 9ms, 평균: 10ms, 최대: 14ms, P95: 12ms, P99: 13ms
[2026-02-23 17:51:34] [INFO] [38841fbe-5985-481c-9a6d-d0310520c2af.internal.kr4.postgres.rds.ngovc.com] (268/0/268)
[2026-02-23 17:51:34] [INFO] [rancher-gov.goe.go.kr] (268/0/268)
[2026-02-23 17:51:34] [INFO] [38841fbe-5985-481c-9a6d-d0310520c2af.internal.kr4.postgres.rds.ngovc.com] 응답시간 통계 - 최소: 9ms, 평균: 10ms, 최대: 14ms, P95: 12ms, P99: 13ms
[2026-02-23 17:51:34] [INFO] [rancher-gov.goe.go.kr] 응답시간 통계 - 최소: 9ms, 평균: 10ms, 최대: 14ms, P95: 11ms, P99: 13ms
[2026-02-23 17:52:34] [INFO] [38841fbe-5985-481c-9a6d-d0310520c2af.internal.kr4.postgres.rds.ngovc.com] (267/0/267)
[2026-02-23 17:52:34] [INFO] [rancher-gov.goe.go.kr] (267/0/267)
[2026-02-23 17:52:34] [INFO] [38841fbe-5985-481c-9a6d-d0310520c2af.internal.kr4.postgres.rds.ngovc.com] 응답시간 통계 - 최소: 9ms, 평균: 10ms, 최대: 17ms, P95: 12ms, P99: 13ms
[2026-02-23 17:52:34] [INFO] [rancher-gov.goe.go.kr] 응답시간 통계 - 최소: 9ms, 평균: 10ms, 최대: 17ms, P95: 12ms, P99: 14ms
[2026-02-23 17:53:34] [INFO] [rancher-gov.goe.go.kr] (268/0/268)
[2026-02-23 17:53:34] [INFO] [38841fbe-5985-481c-9a6d-d0310520c2af.internal.kr4.postgres.rds.ngovc.com] (268/0/268)
[2026-02-23 17:53:34] [INFO] [rancher-gov.goe.go.kr] 응답시간 통계 - 최소: 9ms, 평균: 10ms, 최대: 20ms, P95: 11ms, P99: 13ms
[2026-02-23 17:53:34] [INFO] [38841fbe-5985-481c-9a6d-d0310520c2af.internal.kr4.postgres.rds.ngovc.com] 응답시간 통계 - 최소: 9ms, 평균: 10ms, 최대: 16ms, P95: 12ms, P99: 14ms
[2026-02-23 17:54:34] [INFO] [rancher-gov.goe.go.kr] (268/0/268)
[2026-02-23 17:54:34] [INFO] [38841fbe-5985-481c-9a6d-d0310520c2af.internal.kr4.postgres.rds.ngovc.com] (268/0/268)
[2026-02-23 17:54:34] [INFO] [rancher-gov.goe.go.kr] 응답시간 통계 - 최소: 9ms, 평균: 10ms, 최대: 15ms, P95: 12ms, P99: 14ms
[2026-02-23 17:54:34] [INFO] [38841fbe-5985-481c-9a6d-d0310520c2af.internal.kr4.postgres.rds.ngovc.com] 응답시간 통계 - 최소: 9ms, 평균: 10ms, 최대: 15ms, P95: 12ms, P99: 14ms
[2026-02-23 17:55:34] [INFO] [38841fbe-5985-481c-9a6d-d0310520c2af.internal.kr4.postgres.rds.ngovc.com] (268/0/268)
[2026-02-23 17:55:34] [INFO] [rancher-gov.goe.go.kr] (268/0/268)
[2026-02-23 17:55:34] [INFO] [38841fbe-5985-481c-9a6d-d0310520c2af.internal.kr4.postgres.rds.ngovc.com] 응답시간 통계 - 최소: 8ms, 평균: 10ms, 최대: 15ms, P95: 13ms, P99: 13ms
[2026-02-23 17:55:34] [INFO] [rancher-gov.goe.go.kr] 응답시간 통계 - 최소: 9ms, 평균: 10ms, 최대: 15ms, P95: 12ms, P99: 13ms
[2026-02-23 17:56:34] [INFO] [38841fbe-5985-481c-9a6d-d0310520c2af.internal.kr4.postgres.rds.ngovc.com] (267/0/267)
[2026-02-23 17:56:34] [INFO] [rancher-gov.goe.go.kr] (267/0/267)
[2026-02-23 17:56:34] [INFO] [38841fbe-5985-481c-9a6d-d0310520c2af.internal.kr4.postgres.rds.ngovc.com] 응답시간 통계 - 최소: 9ms, 평균: 10ms, 최대: 17ms, P95: 13ms, P99: 14ms
[2026-02-23 17:56:34] [INFO] [rancher-gov.goe.go.kr] 응답시간 통계 - 최소: 9ms, 평균: 10ms, 최대: 14ms, P95: 12ms, P99: 14ms
[2026-02-23 17:57:34] [INFO] [38841fbe-5985-481c-9a6d-d0310520c2af.internal.kr4.postgres.rds.ngovc.com] (267/0/267)
[2026-02-23 17:57:34] [INFO] [rancher-gov.goe.go.kr] (267/0/267)
[2026-02-23 17:57:34] [INFO] [38841fbe-5985-481c-9a6d-d0310520c2af.internal.kr4.postgres.rds.ngovc.com] 응답시간 통계 - 최소: 9ms, 평균: 10ms, 최대: 14ms, P95: 12ms, P99: 13ms
[2026-02-23 17:57:34] [INFO] [rancher-gov.goe.go.kr] 응답시간 통계 - 최소: 9ms, 평균: 10ms, 최대: 16ms, P95: 12ms, P99: 13ms
[2026-02-23 17:58:34] [INFO] [38841fbe-5985-481c-9a6d-d0310520c2af.internal.kr4.postgres.rds.ngovc.com] (268/0/268)
[2026-02-23 17:58:34] [INFO] [rancher-gov.goe.go.kr] (268/0/268)
[2026-02-23 17:58:34] [INFO] [38841fbe-5985-481c-9a6d-d0310520c2af.internal.kr4.postgres.rds.ngovc.com] 응답시간 통계 - 최소: 9ms, 평균: 10ms, 최대: 17ms, P95: 13ms, P99: 14ms
[2026-02-23 17:58:34] [INFO] [rancher-gov.goe.go.kr] 응답시간 통계 - 최소: 9ms, 평균: 10ms, 최대: 17ms, P95: 12ms, P99: 13ms
[2026-02-23 17:59:34] [INFO] [38841fbe-5985-481c-9a6d-d0310520c2af.internal.kr4.postgres.rds.ngovc.com] (267/0/267)
[2026-02-23 17:59:34] [INFO] [rancher-gov.goe.go.kr] (267/0/267)
[2026-02-23 17:59:34] [INFO] [38841fbe-5985-481c-9a6d-d0310520c2af.internal.kr4.postgres.rds.ngovc.com] 응답시간 통계 - 최소: 9ms, 평균: 10ms, 최대: 15ms, P95: 12ms, P99: 14ms
[2026-02-23 17:59:34] [INFO] [rancher-gov.goe.go.kr] 응답시간 통계 - 최소: 9ms, 평균: 10ms, 최대: 14ms, P95: 12ms, P99: 13ms
[2026-02-23 18:00:34] [INFO] [38841fbe-5985-481c-9a6d-d0310520c2af.internal.kr4.postgres.rds.ngovc.com] (267/0/267)
[2026-02-23 18:00:34] [INFO] [rancher-gov.goe.go.kr] (267/0/267)
[2026-02-23 18:00:34] [INFO] [rancher-gov.goe.go.kr] 응답시간 통계 - 최소: 9ms, 평균: 10ms, 최대: 14ms, P95: 12ms, P99: 13ms
[2026-02-23 18:00:34] [INFO] [38841fbe-5985-481c-9a6d-d0310520c2af.internal.kr4.postgres.rds.ngovc.com] 응답시간 통계 - 최소: 9ms, 평균: 10ms, 최대: 18ms, P95: 13ms, P99: 14ms
[2026-02-23 18:01:34] [INFO] [rancher-gov.goe.go.kr] (266/0/266)
[2026-02-23 18:01:34] [INFO] [38841fbe-5985-481c-9a6d-d0310520c2af.internal.kr4.postgres.rds.ngovc.com] (266/0/266)
[2026-02-23 18:01:34] [INFO] [rancher-gov.goe.go.kr] 응답시간 통계 - 최소: 9ms, 평균: 11ms, 최대: 241ms, P95: 12ms, P99: 14ms
[2026-02-23 18:01:34] [INFO] [38841fbe-5985-481c-9a6d-d0310520c2af.internal.kr4.postgres.rds.ngovc.com] 응답시간 통계 - 최소: 9ms, 평균: 11ms, 최대: 245ms, P95: 12ms, P99: 14ms
[2026-02-23 18:02:34] [INFO] [38841fbe-5985-481c-9a6d-d0310520c2af.internal.kr4.postgres.rds.ngovc.com] (267/0/267)
[2026-02-23 18:02:34] [INFO] [rancher-gov.goe.go.kr] (267/0/267)
[2026-02-23 18:02:34] [INFO] [38841fbe-5985-481c-9a6d-d0310520c2af.internal.kr4.postgres.rds.ngovc.com] 응답시간 통계 - 최소: 9ms, 평균: 10ms, 최대: 16ms, P95: 13ms, P99: 15ms
[2026-02-23 18:02:34] [INFO] [rancher-gov.goe.go.kr] 응답시간 통계 - 최소: 9ms, 평균: 10ms, 최대: 17ms, P95: 12ms, P99: 13ms
[2026-02-23 18:03:34] [INFO] [38841fbe-5985-481c-9a6d-d0310520c2af.internal.kr4.postgres.rds.ngovc.com] (267/0/267)
[2026-02-23 18:03:34] [INFO] [rancher-gov.goe.go.kr] (267/0/267)
[2026-02-23 18:03:34] [INFO] [38841fbe-5985-481c-9a6d-d0310520c2af.internal.kr4.postgres.rds.ngovc.com] 응답시간 통계 - 최소: 9ms, 평균: 10ms, 최대: 14ms, P95: 12ms, P99: 14ms
[2026-02-23 18:03:34] [INFO] [rancher-gov.goe.go.kr] 응답시간 통계 - 최소: 9ms, 평균: 10ms, 최대: 14ms, P95: 12ms, P99: 13ms
[2026-02-23 18:04:34] [INFO] [rancher-gov.goe.go.kr] (267/0/267)
[2026-02-23 18:04:34] [INFO] [38841fbe-5985-481c-9a6d-d0310520c2af.internal.kr4.postgres.rds.ngovc.com] (267/0/267)
[2026-02-23 18:04:34] [INFO] [rancher-gov.goe.go.kr] 응답시간 통계 - 최소: 9ms, 평균: 10ms, 최대: 14ms, P95: 12ms, P99: 13ms
[2026-02-23 18:04:34] [INFO] [38841fbe-5985-481c-9a6d-d0310520c2af.internal.kr4.postgres.rds.ngovc.com] 응답시간 통계 - 최소: 9ms, 평균: 10ms, 최대: 14ms, P95: 12ms, P99: 14ms
[2026-02-23 18:05:34] [INFO] [38841fbe-5985-481c-9a6d-d0310520c2af.internal.kr4.postgres.rds.ngovc.com] (267/0/267)
[2026-02-23 18:05:34] [INFO] [38841fbe-5985-481c-9a6d-d0310520c2af.internal.kr4.postgres.rds.ngovc.com] 응답시간 통계 - 최소: 9ms, 평균: 10ms, 최대: 15ms, P95: 12ms, P99: 14ms
[2026-02-23 18:05:34] [INFO] [rancher-gov.goe.go.kr] (267/0/267)
[2026-02-23 18:05:34] [INFO] [rancher-gov.goe.go.kr] 응답시간 통계 - 최소: 9ms, 평균: 10ms, 최대: 15ms, P95: 12ms, P99: 14ms
[2026-02-23 18:06:34] [INFO] [38841fbe-5985-481c-9a6d-d0310520c2af.internal.kr4.postgres.rds.ngovc.com] (267/0/267)
[2026-02-23 18:06:34] [INFO] [rancher-gov.goe.go.kr] (267/0/267)
[2026-02-23 18:06:34] [INFO] [38841fbe-5985-481c-9a6d-d0310520c2af.internal.kr4.postgres.rds.ngovc.com] 응답시간 통계 - 최소: 9ms, 평균: 10ms, 최대: 20ms, P95: 12ms, P99: 14ms
[2026-02-23 18:06:34] [INFO] [rancher-gov.goe.go.kr] 응답시간 통계 - 최소: 9ms, 평균: 10ms, 최대: 14ms, P95: 12ms, P99: 13ms
[2026-02-23 18:07:34] [INFO] [rancher-gov.goe.go.kr] (267/0/267)
[2026-02-23 18:07:34] [INFO] [38841fbe-5985-481c-9a6d-d0310520c2af.internal.kr4.postgres.rds.ngovc.com] (267/0/267)
[2026-02-23 18:07:34] [INFO] [rancher-gov.goe.go.kr] 응답시간 통계 - 최소: 9ms, 평균: 10ms, 최대: 14ms, P95: 12ms, P99: 13ms
[2026-02-23 18:07:34] [INFO] [38841fbe-5985-481c-9a6d-d0310520c2af.internal.kr4.postgres.rds.ngovc.com] 응답시간 통계 - 최소: 9ms, 평균: 10ms, 최대: 15ms, P95: 12ms, P99: 14ms
[2026-02-23 18:08:34] [INFO] [rancher-gov.goe.go.kr] (267/0/267)
[2026-02-23 18:08:34] [INFO] [38841fbe-5985-481c-9a6d-d0310520c2af.internal.kr4.postgres.rds.ngovc.com] (267/0/267)
[2026-02-23 18:08:34] [INFO] [rancher-gov.goe.go.kr] 응답시간 통계 - 최소: 9ms, 평균: 10ms, 최대: 15ms, P95: 12ms, P99: 13ms
[2026-02-23 18:08:34] [INFO] [38841fbe-5985-481c-9a6d-d0310520c2af.internal.kr4.postgres.rds.ngovc.com] 응답시간 통계 - 최소: 9ms, 평균: 10ms, 최대: 15ms, P95: 13ms, P99: 14ms
[2026-02-23 18:09:34] [INFO] [38841fbe-5985-481c-9a6d-d0310520c2af.internal.kr4.postgres.rds.ngovc.com] (267/0/267)
[2026-02-23 18:09:34] [INFO] [rancher-gov.goe.go.kr] (267/0/267)
[2026-02-23 18:09:34] [INFO] [38841fbe-5985-481c-9a6d-d0310520c2af.internal.kr4.postgres.rds.ngovc.com] 응답시간 통계 - 최소: 9ms, 평균: 10ms, 최대: 15ms, P95: 12ms, P99: 14ms
[2026-02-23 18:09:34] [INFO] [rancher-gov.goe.go.kr] 응답시간 통계 - 최소: 10ms, 평균: 10ms, 최대: 14ms, P95: 12ms, P99: 13ms
[2026-02-23 18:10:34] [INFO] [rancher-gov.goe.go.kr] (267/0/267)
[2026-02-23 18:10:34] [INFO] [rancher-gov.goe.go.kr] 응답시간 통계 - 최소: 9ms, 평균: 10ms, 최대: 13ms, P95: 12ms, P99: 13ms
[2026-02-23 18:10:34] [INFO] [38841fbe-5985-481c-9a6d-d0310520c2af.internal.kr4.postgres.rds.ngovc.com] (267/0/267)
[2026-02-23 18:10:34] [INFO] [38841fbe-5985-481c-9a6d-d0310520c2af.internal.kr4.postgres.rds.ngovc.com] 응답시간 통계 - 최소: 9ms, 평균: 10ms, 최대: 14ms, P95: 12ms, P99: 14ms
[2026-02-23 18:11:34] [INFO] [rancher-gov.goe.go.kr] (267/0/267)
[2026-02-23 18:11:34] [INFO] [rancher-gov.goe.go.kr] 응답시간 통계 - 최소: 9ms, 평균: 10ms, 최대: 16ms, P95: 12ms, P99: 14ms
[2026-02-23 18:11:34] [INFO] [38841fbe-5985-481c-9a6d-d0310520c2af.internal.kr4.postgres.rds.ngovc.com] (267/0/267)
[2026-02-23 18:11:34] [INFO] [38841fbe-5985-481c-9a6d-d0310520c2af.internal.kr4.postgres.rds.ngovc.com] 응답시간 통계 - 최소: 9ms, 평균: 10ms, 최대: 17ms, P95: 13ms, P99: 14ms
[2026-02-23 18:12:34] [INFO] [38841fbe-5985-481c-9a6d-d0310520c2af.internal.kr4.postgres.rds.ngovc.com] (267/0/267)
[2026-02-23 18:12:34] [INFO] [rancher-gov.goe.go.kr] (267/0/267)
[2026-02-23 18:12:34] [INFO] [38841fbe-5985-481c-9a6d-d0310520c2af.internal.kr4.postgres.rds.ngovc.com] 응답시간 통계 - 최소: 9ms, 평균: 10ms, 최대: 15ms, P95: 12ms, P99: 14ms
[2026-02-23 18:12:34] [INFO] [rancher-gov.goe.go.kr] 응답시간 통계 - 최소: 9ms, 평균: 10ms, 최대: 14ms, P95: 12ms, P99: 13ms
[2026-02-23 18:13:34] [INFO] [rancher-gov.goe.go.kr] (266/0/266)
[2026-02-23 18:13:34] [INFO] [rancher-gov.goe.go.kr] 응답시간 통계 - 최소: 9ms, 평균: 10ms, 최대: 16ms, P95: 12ms, P99: 13ms
[2026-02-23 18:13:34] [INFO] [38841fbe-5985-481c-9a6d-d0310520c2af.internal.kr4.postgres.rds.ngovc.com] (266/0/266)
[2026-02-23 18:13:34] [INFO] [38841fbe-5985-481c-9a6d-d0310520c2af.internal.kr4.postgres.rds.ngovc.com] 응답시간 통계 - 최소: 9ms, 평균: 11ms, 최대: 18ms, P95: 13ms, P99: 14ms
[2026-02-23 18:14:34] [INFO] [38841fbe-5985-481c-9a6d-d0310520c2af.internal.kr4.postgres.rds.ngovc.com] (267/0/267)
[2026-02-23 18:14:34] [INFO] [rancher-gov.goe.go.kr] (267/0/267)
[2026-02-23 18:14:34] [INFO] [38841fbe-5985-481c-9a6d-d0310520c2af.internal.kr4.postgres.rds.ngovc.com] 응답시간 통계 - 최소: 9ms, 평균: 10ms, 최대: 18ms, P95: 12ms, P99: 14ms
[2026-02-23 18:14:34] [INFO] [rancher-gov.goe.go.kr] 응답시간 통계 - 최소: 9ms, 평균: 10ms, 최대: 18ms, P95: 12ms, P99: 13ms
[2026-02-23 18:15:34] [INFO] [38841fbe-5985-481c-9a6d-d0310520c2af.internal.kr4.postgres.rds.ngovc.com] (267/0/267)
[2026-02-23 18:15:34] [INFO] [38841fbe-5985-481c-9a6d-d0310520c2af.internal.kr4.postgres.rds.ngovc.com] 응답시간 통계 - 최소: 9ms, 평균: 10ms, 최대: 15ms, P95: 13ms, P99: 14ms
[2026-02-23 18:15:34] [INFO] [rancher-gov.goe.go.kr] (267/0/267)
[2026-02-23 18:15:34] [INFO] [rancher-gov.goe.go.kr] 응답시간 통계 - 최소: 9ms, 평균: 10ms, 최대: 16ms, P95: 13ms, P99: 14ms
[2026-02-23 18:16:34] [INFO] [rancher-gov.goe.go.kr] (268/0/268)
[2026-02-23 18:16:34] [INFO] [38841fbe-5985-481c-9a6d-d0310520c2af.internal.kr4.postgres.rds.ngovc.com] (268/0/268)
[2026-02-23 18:16:34] [INFO] [rancher-gov.goe.go.kr] 응답시간 통계 - 최소: 9ms, 평균: 10ms, 최대: 13ms, P95: 12ms, P99: 13ms
[2026-02-23 18:16:34] [INFO] [38841fbe-5985-481c-9a6d-d0310520c2af.internal.kr4.postgres.rds.ngovc.com] 응답시간 통계 - 최소: 9ms, 평균: 10ms, 최대: 15ms, P95: 12ms, P99: 13ms
[2026-02-23 18:17:34] [INFO] [rancher-gov.goe.go.kr] (268/0/268)
[2026-02-23 18:17:34] [INFO] [38841fbe-5985-481c-9a6d-d0310520c2af.internal.kr4.postgres.rds.ngovc.com] (268/0/268)
[2026-02-23 18:17:34] [INFO] [rancher-gov.goe.go.kr] 응답시간 통계 - 최소: 9ms, 평균: 10ms, 최대: 14ms, P95: 12ms, P99: 13ms
[2026-02-23 18:17:34] [INFO] [38841fbe-5985-481c-9a6d-d0310520c2af.internal.kr4.postgres.rds.ngovc.com] 응답시간 통계 - 최소: 9ms, 평균: 10ms, 최대: 16ms, P95: 12ms, P99: 13ms
[2026-02-23 18:18:34] [INFO] [38841fbe-5985-481c-9a6d-d0310520c2af.internal.kr4.postgres.rds.ngovc.com] (267/0/267)
[2026-02-23 18:18:34] [INFO] [rancher-gov.goe.go.kr] (267/0/267)
[2026-02-23 18:18:34] [INFO] [38841fbe-5985-481c-9a6d-d0310520c2af.internal.kr4.postgres.rds.ngovc.com] 응답시간 통계 - 최소: 9ms, 평균: 10ms, 최대: 14ms, P95: 13ms, P99: 14ms
[2026-02-23 18:18:34] [INFO] [rancher-gov.goe.go.kr] 응답시간 통계 - 최소: 9ms, 평균: 10ms, 최대: 14ms, P95: 12ms, P99: 13ms
[2026-02-23 18:19:34] [INFO] [rancher-gov.goe.go.kr] (268/0/268)
[2026-02-23 18:19:34] [INFO] [rancher-gov.goe.go.kr] 응답시간 통계 - 최소: 9ms, 평균: 10ms, 최대: 15ms, P95: 12ms, P99: 13ms
[2026-02-23 18:19:34] [INFO] [38841fbe-5985-481c-9a6d-d0310520c2af.internal.kr4.postgres.rds.ngovc.com] (268/0/268)
[2026-02-23 18:19:34] [INFO] [38841fbe-5985-481c-9a6d-d0310520c2af.internal.kr4.postgres.rds.ngovc.com] 응답시간 통계 - 최소: 9ms, 평균: 10ms, 최대: 14ms, P95: 12ms, P99: 13ms
[2026-02-23 18:20:34] [INFO] [38841fbe-5985-481c-9a6d-d0310520c2af.internal.kr4.postgres.rds.ngovc.com] (268/0/268)
[2026-02-23 18:20:34] [INFO] [rancher-gov.goe.go.kr] (268/0/268)
[2026-02-23 18:20:34] [INFO] [38841fbe-5985-481c-9a6d-d0310520c2af.internal.kr4.postgres.rds.ngovc.com] 응답시간 통계 - 최소: 9ms, 평균: 10ms, 최대: 14ms, P95: 12ms, P99: 14ms
[2026-02-23 18:20:34] [INFO] [rancher-gov.goe.go.kr] 응답시간 통계 - 최소: 9ms, 평균: 10ms, 최대: 14ms, P95: 12ms, P99: 13ms
[2026-02-23 18:21:34] [INFO] [rancher-gov.goe.go.kr] (267/0/267)
[2026-02-23 18:21:34] [INFO] [38841fbe-5985-481c-9a6d-d0310520c2af.internal.kr4.postgres.rds.ngovc.com] (267/0/267)
[2026-02-23 18:21:34] [INFO] [rancher-gov.goe.go.kr] 응답시간 통계 - 최소: 9ms, 평균: 10ms, 최대: 15ms, P95: 12ms, P99: 13ms
[2026-02-23 18:21:34] [INFO] [38841fbe-5985-481c-9a6d-d0310520c2af.internal.kr4.postgres.rds.ngovc.com] 응답시간 통계 - 최소: 9ms, 평균: 10ms, 최대: 15ms, P95: 12ms, P99: 13ms
[2026-02-23 18:22:34] [INFO] [rancher-gov.goe.go.kr] (267/0/267)
[2026-02-23 18:22:34] [INFO] [38841fbe-5985-481c-9a6d-d0310520c2af.internal.kr4.postgres.rds.ngovc.com] (267/0/267)
[2026-02-23 18:22:34] [INFO] [rancher-gov.goe.go.kr] 응답시간 통계 - 최소: 10ms, 평균: 10ms, 최대: 13ms, P95: 12ms, P99: 13ms
[2026-02-23 18:22:34] [INFO] [38841fbe-5985-481c-9a6d-d0310520c2af.internal.kr4.postgres.rds.ngovc.com] 응답시간 통계 - 최소: 9ms, 평균: 10ms, 최대: 15ms, P95: 12ms, P99: 14ms
[2026-02-23 18:23:34] [INFO] [rancher-gov.goe.go.kr] (267/0/267)
[2026-02-23 18:23:34] [INFO] [38841fbe-5985-481c-9a6d-d0310520c2af.internal.kr4.postgres.rds.ngovc.com] (267/0/267)
[2026-02-23 18:23:34] [INFO] [rancher-gov.goe.go.kr] 응답시간 통계 - 최소: 9ms, 평균: 10ms, 최대: 19ms, P95: 12ms, P99: 14ms
[2026-02-23 18:23:34] [INFO] [38841fbe-5985-481c-9a6d-d0310520c2af.internal.kr4.postgres.rds.ngovc.com] 응답시간 통계 - 최소: 9ms, 평균: 10ms, 최대: 15ms, P95: 12ms, P99: 14ms
[2026-02-23 18:24:34] [INFO] [38841fbe-5985-481c-9a6d-d0310520c2af.internal.kr4.postgres.rds.ngovc.com] (268/0/268)
[2026-02-23 18:24:34] [INFO] [rancher-gov.goe.go.kr] (268/0/268)
[2026-02-23 18:24:34] [INFO] [38841fbe-5985-481c-9a6d-d0310520c2af.internal.kr4.postgres.rds.ngovc.com] 응답시간 통계 - 최소: 9ms, 평균: 10ms, 최대: 17ms, P95: 12ms, P99: 13ms
[2026-02-23 18:24:34] [INFO] [rancher-gov.goe.go.kr] 응답시간 통계 - 최소: 9ms, 평균: 10ms, 최대: 14ms, P95: 11ms, P99: 13ms
[2026-02-23 18:25:34] [INFO] [38841fbe-5985-481c-9a6d-d0310520c2af.internal.kr4.postgres.rds.ngovc.com] (268/0/268)
[2026-02-23 18:25:34] [INFO] [rancher-gov.goe.go.kr] (268/0/268)
[2026-02-23 18:25:34] [INFO] [38841fbe-5985-481c-9a6d-d0310520c2af.internal.kr4.postgres.rds.ngovc.com] 응답시간 통계 - 최소: 9ms, 평균: 10ms, 최대: 16ms, P95: 13ms, P99: 15ms
[2026-02-23 18:25:34] [INFO] [rancher-gov.goe.go.kr] 응답시간 통계 - 최소: 9ms, 평균: 10ms, 최대: 14ms, P95: 12ms, P99: 13ms
[2026-02-23 18:26:34] [INFO] [38841fbe-5985-481c-9a6d-d0310520c2af.internal.kr4.postgres.rds.ngovc.com] (268/0/268)
[2026-02-23 18:26:34] [INFO] [rancher-gov.goe.go.kr] (268/0/268)
[2026-02-23 18:26:34] [INFO] [38841fbe-5985-481c-9a6d-d0310520c2af.internal.kr4.postgres.rds.ngovc.com] 응답시간 통계 - 최소: 9ms, 평균: 10ms, 최대: 14ms, P95: 12ms, P99: 13ms
[2026-02-23 18:26:34] [INFO] [rancher-gov.goe.go.kr] 응답시간 통계 - 최소: 9ms, 평균: 10ms, 최대: 14ms, P95: 12ms, P99: 13ms
[2026-02-23 18:27:34] [INFO] [38841fbe-5985-481c-9a6d-d0310520c2af.internal.kr4.postgres.rds.ngovc.com] (267/0/267)
[2026-02-23 18:27:34] [INFO] [rancher-gov.goe.go.kr] (267/0/267)
[2026-02-23 18:27:34] [INFO] [rancher-gov.goe.go.kr] 응답시간 통계 - 최소: 9ms, 평균: 10ms, 최대: 20ms, P95: 12ms, P99: 13ms
[2026-02-23 18:27:34] [INFO] [38841fbe-5985-481c-9a6d-d0310520c2af.internal.kr4.postgres.rds.ngovc.com] 응답시간 통계 - 최소: 9ms, 평균: 10ms, 최대: 19ms, P95: 13ms, P99: 14ms
[2026-02-23 18:28:34] [INFO] [rancher-gov.goe.go.kr] (268/0/268)
[2026-02-23 18:28:34] [INFO] [38841fbe-5985-481c-9a6d-d0310520c2af.internal.kr4.postgres.rds.ngovc.com] (268/0/268)
[2026-02-23 18:28:34] [INFO] [rancher-gov.goe.go.kr] 응답시간 통계 - 최소: 9ms, 평균: 10ms, 최대: 13ms, P95: 12ms, P99: 13ms
[2026-02-23 18:28:34] [INFO] [38841fbe-5985-481c-9a6d-d0310520c2af.internal.kr4.postgres.rds.ngovc.com] 응답시간 통계 - 최소: 9ms, 평균: 10ms, 최대: 15ms, P95: 12ms, P99: 14ms
[2026-02-23 18:29:34] [INFO] [38841fbe-5985-481c-9a6d-d0310520c2af.internal.kr4.postgres.rds.ngovc.com] (268/0/268)
[2026-02-23 18:29:34] [INFO] [rancher-gov.goe.go.kr] (268/0/268)
[2026-02-23 18:29:34] [INFO] [38841fbe-5985-481c-9a6d-d0310520c2af.internal.kr4.postgres.rds.ngovc.com] 응답시간 통계 - 최소: 9ms, 평균: 10ms, 최대: 15ms, P95: 12ms, P99: 13ms
[2026-02-23 18:29:34] [INFO] [rancher-gov.goe.go.kr] 응답시간 통계 - 최소: 9ms, 평균: 10ms, 최대: 20ms, P95: 12ms, P99: 13ms
[2026-02-23 18:30:34] [INFO] [38841fbe-5985-481c-9a6d-d0310520c2af.internal.kr4.postgres.rds.ngovc.com] (267/0/267)
[2026-02-23 18:30:34] [INFO] [rancher-gov.goe.go.kr] (267/0/267)
[2026-02-23 18:30:34] [INFO] [38841fbe-5985-481c-9a6d-d0310520c2af.internal.kr4.postgres.rds.ngovc.com] 응답시간 통계 - 최소: 9ms, 평균: 10ms, 최대: 16ms, P95: 12ms, P99: 14ms
[2026-02-23 18:30:34] [INFO] [rancher-gov.goe.go.kr] 응답시간 통계 - 최소: 9ms, 평균: 10ms, 최대: 13ms, P95: 12ms, P99: 12ms
[2026-02-23 18:31:34] [INFO] [rancher-gov.goe.go.kr] (267/0/267)
[2026-02-23 18:31:34] [INFO] [rancher-gov.goe.go.kr] 응답시간 통계 - 최소: 10ms, 평균: 10ms, 최대: 21ms, P95: 12ms, P99: 14ms
[2026-02-23 18:31:34] [INFO] [38841fbe-5985-481c-9a6d-d0310520c2af.internal.kr4.postgres.rds.ngovc.com] (267/0/267)
[2026-02-23 18:31:34] [INFO] [38841fbe-5985-481c-9a6d-d0310520c2af.internal.kr4.postgres.rds.ngovc.com] 응답시간 통계 - 최소: 9ms, 평균: 10ms, 최대: 20ms, P95: 12ms, P99: 13ms
[2026-02-23 18:32:34] [INFO] [rancher-gov.goe.go.kr] (267/0/267)
[2026-02-23 18:32:34] [INFO] [38841fbe-5985-481c-9a6d-d0310520c2af.internal.kr4.postgres.rds.ngovc.com] (267/0/267)
[2026-02-23 18:32:34] [INFO] [rancher-gov.goe.go.kr] 응답시간 통계 - 최소: 9ms, 평균: 10ms, 최대: 15ms, P95: 12ms, P99: 13ms
[2026-02-23 18:32:34] [INFO] [38841fbe-5985-481c-9a6d-d0310520c2af.internal.kr4.postgres.rds.ngovc.com] 응답시간 통계 - 최소: 9ms, 평균: 10ms, 최대: 15ms, P95: 13ms, P99: 14ms
[2026-02-23 18:33:34] [INFO] [rancher-gov.goe.go.kr] (268/0/268)
[2026-02-23 18:33:34] [INFO] [rancher-gov.goe.go.kr] 응답시간 통계 - 최소: 9ms, 평균: 10ms, 최대: 14ms, P95: 12ms, P99: 13ms
[2026-02-23 18:33:34] [INFO] [38841fbe-5985-481c-9a6d-d0310520c2af.internal.kr4.postgres.rds.ngovc.com] (268/0/268)
[2026-02-23 18:33:34] [INFO] [38841fbe-5985-481c-9a6d-d0310520c2af.internal.kr4.postgres.rds.ngovc.com] 응답시간 통계 - 최소: 9ms, 평균: 10ms, 최대: 14ms, P95: 13ms, P99: 13ms
[2026-02-23 18:34:34] [INFO] [rancher-gov.goe.go.kr] (267/0/267)
[2026-02-23 18:34:34] [INFO] [rancher-gov.goe.go.kr] 응답시간 통계 - 최소: 9ms, 평균: 10ms, 최대: 14ms, P95: 12ms, P99: 13ms
[2026-02-23 18:34:34] [INFO] [38841fbe-5985-481c-9a6d-d0310520c2af.internal.kr4.postgres.rds.ngovc.com] (267/0/267)
[2026-02-23 18:34:34] [INFO] [38841fbe-5985-481c-9a6d-d0310520c2af.internal.kr4.postgres.rds.ngovc.com] 응답시간 통계 - 최소: 9ms, 평균: 10ms, 최대: 15ms, P95: 12ms, P99: 13ms
[2026-02-23 18:35:34] [INFO] [38841fbe-5985-481c-9a6d-d0310520c2af.internal.kr4.postgres.rds.ngovc.com] (267/0/267)
[2026-02-23 18:35:34] [INFO] [rancher-gov.goe.go.kr] (267/0/267)
[2026-02-23 18:35:34] [INFO] [38841fbe-5985-481c-9a6d-d0310520c2af.internal.kr4.postgres.rds.ngovc.com] 응답시간 통계 - 최소: 9ms, 평균: 10ms, 최대: 14ms, P95: 12ms, P99: 13ms
[2026-02-23 18:35:34] [INFO] [rancher-gov.goe.go.kr] 응답시간 통계 - 최소: 9ms, 평균: 10ms, 최대: 18ms, P95: 12ms, P99: 13ms
[2026-02-23 18:36:34] [INFO] [38841fbe-5985-481c-9a6d-d0310520c2af.internal.kr4.postgres.rds.ngovc.com] (268/0/268)
[2026-02-23 18:36:34] [INFO] [38841fbe-5985-481c-9a6d-d0310520c2af.internal.kr4.postgres.rds.ngovc.com] 응답시간 통계 - 최소: 9ms, 평균: 10ms, 최대: 14ms, P95: 12ms, P99: 14ms
[2026-02-23 18:36:34] [INFO] [rancher-gov.goe.go.kr] (268/0/268)
[2026-02-23 18:36:34] [INFO] [rancher-gov.goe.go.kr] 응답시간 통계 - 최소: 9ms, 평균: 10ms, 최대: 14ms, P95: 12ms, P99: 12ms
[2026-02-23 18:37:34] [INFO] [rancher-gov.goe.go.kr] (267/0/267)
[2026-02-23 18:37:34] [INFO] [38841fbe-5985-481c-9a6d-d0310520c2af.internal.kr4.postgres.rds.ngovc.com] (267/0/267)
[2026-02-23 18:37:34] [INFO] [rancher-gov.goe.go.kr] 응답시간 통계 - 최소: 9ms, 평균: 10ms, 최대: 15ms, P95: 12ms, P99: 13ms
[2026-02-23 18:37:34] [INFO] [38841fbe-5985-481c-9a6d-d0310520c2af.internal.kr4.postgres.rds.ngovc.com] 응답시간 통계 - 최소: 9ms, 평균: 10ms, 최대: 15ms, P95: 12ms, P99: 14ms
[2026-02-23 18:38:34] [INFO] [rancher-gov.goe.go.kr] (268/0/268)
[2026-02-23 18:38:34] [INFO] [38841fbe-5985-481c-9a6d-d0310520c2af.internal.kr4.postgres.rds.ngovc.com] (268/0/268)
[2026-02-23 18:38:34] [INFO] [rancher-gov.goe.go.kr] 응답시간 통계 - 최소: 9ms, 평균: 10ms, 최대: 14ms, P95: 12ms, P99: 13ms
[2026-02-23 18:38:34] [INFO] [38841fbe-5985-481c-9a6d-d0310520c2af.internal.kr4.postgres.rds.ngovc.com] 응답시간 통계 - 최소: 9ms, 평균: 10ms, 최대: 15ms, P95: 12ms, P99: 14ms
[2026-02-23 18:39:34] [INFO] [rancher-gov.goe.go.kr] (268/0/268)
[2026-02-23 18:39:34] [INFO] [38841fbe-5985-481c-9a6d-d0310520c2af.internal.kr4.postgres.rds.ngovc.com] (268/0/268)
[2026-02-23 18:39:34] [INFO] [rancher-gov.goe.go.kr] 응답시간 통계 - 최소: 9ms, 평균: 10ms, 최대: 14ms, P95: 12ms, P99: 14ms
[2026-02-23 18:39:34] [INFO] [38841fbe-5985-481c-9a6d-d0310520c2af.internal.kr4.postgres.rds.ngovc.com] 응답시간 통계 - 최소: 9ms, 평균: 10ms, 최대: 15ms, P95: 12ms, P99: 14ms
[2026-02-23 18:40:34] [INFO] [rancher-gov.goe.go.kr] (268/0/268)
[2026-02-23 18:40:34] [INFO] [38841fbe-5985-481c-9a6d-d0310520c2af.internal.kr4.postgres.rds.ngovc.com] (268/0/268)
[2026-02-23 18:40:34] [INFO] [rancher-gov.goe.go.kr] 응답시간 통계 - 최소: 9ms, 평균: 10ms, 최대: 13ms, P95: 12ms, P99: 12ms
[2026-02-23 18:40:34] [INFO] [38841fbe-5985-481c-9a6d-d0310520c2af.internal.kr4.postgres.rds.ngovc.com] 응답시간 통계 - 최소: 9ms, 평균: 10ms, 최대: 15ms, P95: 12ms, P99: 14ms
[2026-02-23 18:41:34] [INFO] [rancher-gov.goe.go.kr] (267/0/267)
[2026-02-23 18:41:34] [INFO] [38841fbe-5985-481c-9a6d-d0310520c2af.internal.kr4.postgres.rds.ngovc.com] (267/0/267)
[2026-02-23 18:41:34] [INFO] [rancher-gov.goe.go.kr] 응답시간 통계 - 최소: 9ms, 평균: 10ms, 최대: 13ms, P95: 12ms, P99: 13ms
[2026-02-23 18:41:34] [INFO] [38841fbe-5985-481c-9a6d-d0310520c2af.internal.kr4.postgres.rds.ngovc.com] 응답시간 통계 - 최소: 9ms, 평균: 10ms, 최대: 14ms, P95: 12ms, P99: 13ms
[2026-02-23 18:42:34] [INFO] [38841fbe-5985-481c-9a6d-d0310520c2af.internal.kr4.postgres.rds.ngovc.com] (268/0/268)
[2026-02-23 18:42:34] [INFO] [rancher-gov.goe.go.kr] (268/0/268)
[2026-02-23 18:42:34] [INFO] [38841fbe-5985-481c-9a6d-d0310520c2af.internal.kr4.postgres.rds.ngovc.com] 응답시간 통계 - 최소: 9ms, 평균: 10ms, 최대: 15ms, P95: 12ms, P99: 14ms
[2026-02-23 18:42:34] [INFO] [rancher-gov.goe.go.kr] 응답시간 통계 - 최소: 9ms, 평균: 10ms, 최대: 13ms, P95: 11ms, P99: 12ms
[2026-02-23 18:43:34] [INFO] [38841fbe-5985-481c-9a6d-d0310520c2af.internal.kr4.postgres.rds.ngovc.com] (268/0/268)
[2026-02-23 18:43:34] [INFO] [38841fbe-5985-481c-9a6d-d0310520c2af.internal.kr4.postgres.rds.ngovc.com] 응답시간 통계 - 최소: 9ms, 평균: 10ms, 최대: 15ms, P95: 13ms, P99: 14ms
[2026-02-23 18:43:34] [INFO] [rancher-gov.goe.go.kr] (268/0/268)
[2026-02-23 18:43:34] [INFO] [rancher-gov.goe.go.kr] 응답시간 통계 - 최소: 9ms, 평균: 10ms, 최대: 14ms, P95: 12ms, P99: 14ms
[2026-02-23 18:44:34] [INFO] [38841fbe-5985-481c-9a6d-d0310520c2af.internal.kr4.postgres.rds.ngovc.com] (267/0/267)
[2026-02-23 18:44:34] [INFO] [rancher-gov.goe.go.kr] (267/0/267)
[2026-02-23 18:44:34] [INFO] [38841fbe-5985-481c-9a6d-d0310520c2af.internal.kr4.postgres.rds.ngovc.com] 응답시간 통계 - 최소: 9ms, 평균: 10ms, 최대: 15ms, P95: 12ms, P99: 14ms
[2026-02-23 18:44:34] [INFO] [rancher-gov.goe.go.kr] 응답시간 통계 - 최소: 9ms, 평균: 10ms, 최대: 14ms, P95: 12ms, P99: 14ms
[2026-02-23 18:45:34] [INFO] [rancher-gov.goe.go.kr] (267/0/267)
[2026-02-23 18:45:34] [INFO] [38841fbe-5985-481c-9a6d-d0310520c2af.internal.kr4.postgres.rds.ngovc.com] (267/0/267)
[2026-02-23 18:45:34] [INFO] [rancher-gov.goe.go.kr] 응답시간 통계 - 최소: 9ms, 평균: 10ms, 최대: 14ms, P95: 12ms, P99: 14ms
[2026-02-23 18:45:34] [INFO] [38841fbe-5985-481c-9a6d-d0310520c2af.internal.kr4.postgres.rds.ngovc.com] 응답시간 통계 - 최소: 9ms, 평균: 10ms, 최대: 22ms, P95: 13ms, P99: 13ms
[2026-02-23 18:46:34] [INFO] [38841fbe-5985-481c-9a6d-d0310520c2af.internal.kr4.postgres.rds.ngovc.com] (268/0/268)
[2026-02-23 18:46:34] [INFO] [rancher-gov.goe.go.kr] (268/0/268)
[2026-02-23 18:46:34] [INFO] [38841fbe-5985-481c-9a6d-d0310520c2af.internal.kr4.postgres.rds.ngovc.com] 응답시간 통계 - 최소: 9ms, 평균: 10ms, 최대: 16ms, P95: 12ms, P99: 13ms
[2026-02-23 18:46:34] [INFO] [rancher-gov.goe.go.kr] 응답시간 통계 - 최소: 9ms, 평균: 10ms, 최대: 14ms, P95: 12ms, P99: 13ms
[2026-02-23 18:47:34] [INFO] [38841fbe-5985-481c-9a6d-d0310520c2af.internal.kr4.postgres.rds.ngovc.com] (268/0/268)
[2026-02-23 18:47:34] [INFO] [rancher-gov.goe.go.kr] (268/0/268)
[2026-02-23 18:47:34] [INFO] [38841fbe-5985-481c-9a6d-d0310520c2af.internal.kr4.postgres.rds.ngovc.com] 응답시간 통계 - 최소: 9ms, 평균: 10ms, 최대: 18ms, P95: 12ms, P99: 14ms
[2026-02-23 18:47:34] [INFO] [rancher-gov.goe.go.kr] 응답시간 통계 - 최소: 9ms, 평균: 10ms, 최대: 16ms, P95: 12ms, P99: 13ms
[2026-02-23 18:48:34] [INFO] [38841fbe-5985-481c-9a6d-d0310520c2af.internal.kr4.postgres.rds.ngovc.com] (269/0/269)
[2026-02-23 18:48:34] [INFO] [rancher-gov.goe.go.kr] (269/0/269)
[2026-02-23 18:48:34] [INFO] [rancher-gov.goe.go.kr] 응답시간 통계 - 최소: 9ms, 평균: 10ms, 최대: 13ms, P95: 12ms, P99: 13ms
[2026-02-23 18:48:34] [INFO] [38841fbe-5985-481c-9a6d-d0310520c2af.internal.kr4.postgres.rds.ngovc.com] 응답시간 통계 - 최소: 8ms, 평균: 10ms, 최대: 14ms, P95: 12ms, P99: 14ms
[2026-02-23 18:49:34] [INFO] [rancher-gov.goe.go.kr] (267/0/267)
[2026-02-23 18:49:34] [INFO] [38841fbe-5985-481c-9a6d-d0310520c2af.internal.kr4.postgres.rds.ngovc.com] (267/0/267)
[2026-02-23 18:49:34] [INFO] [rancher-gov.goe.go.kr] 응답시간 통계 - 최소: 9ms, 평균: 10ms, 최대: 14ms, P95: 12ms, P99: 13ms
[2026-02-23 18:49:34] [INFO] [38841fbe-5985-481c-9a6d-d0310520c2af.internal.kr4.postgres.rds.ngovc.com] 응답시간 통계 - 최소: 9ms, 평균: 10ms, 최대: 17ms, P95: 13ms, P99: 13ms
[2026-02-23 18:50:34] [INFO] [rancher-gov.goe.go.kr] (267/0/267)
[2026-02-23 18:50:34] [INFO] [rancher-gov.goe.go.kr] 응답시간 통계 - 최소: 9ms, 평균: 10ms, 최대: 14ms, P95: 12ms, P99: 13ms
[2026-02-23 18:50:34] [INFO] [38841fbe-5985-481c-9a6d-d0310520c2af.internal.kr4.postgres.rds.ngovc.com] (267/0/267)
[2026-02-23 18:50:34] [INFO] [38841fbe-5985-481c-9a6d-d0310520c2af.internal.kr4.postgres.rds.ngovc.com] 응답시간 통계 - 최소: 9ms, 평균: 10ms, 최대: 15ms, P95: 13ms, P99: 14ms
[2026-02-23 18:51:34] [INFO] [rancher-gov.goe.go.kr] (268/0/268)
[2026-02-23 18:51:34] [INFO] [38841fbe-5985-481c-9a6d-d0310520c2af.internal.kr4.postgres.rds.ngovc.com] (268/0/268)
[2026-02-23 18:51:34] [INFO] [rancher-gov.goe.go.kr] 응답시간 통계 - 최소: 9ms, 평균: 10ms, 최대: 42ms, P95: 12ms, P99: 12ms
[2026-02-23 18:51:34] [INFO] [38841fbe-5985-481c-9a6d-d0310520c2af.internal.kr4.postgres.rds.ngovc.com] 응답시간 통계 - 최소: 9ms, 평균: 10ms, 최대: 15ms, P95: 12ms, P99: 14ms
[2026-02-23 18:52:34] [INFO] [rancher-gov.goe.go.kr] (267/0/267)
[2026-02-23 18:52:34] [INFO] [38841fbe-5985-481c-9a6d-d0310520c2af.internal.kr4.postgres.rds.ngovc.com] (267/0/267)
[2026-02-23 18:52:34] [INFO] [rancher-gov.goe.go.kr] 응답시간 통계 - 최소: 9ms, 평균: 10ms, 최대: 15ms, P95: 12ms, P99: 13ms
[2026-02-23 18:52:34] [INFO] [38841fbe-5985-481c-9a6d-d0310520c2af.internal.kr4.postgres.rds.ngovc.com] 응답시간 통계 - 최소: 9ms, 평균: 10ms, 최대: 15ms, P95: 12ms, P99: 14ms
[2026-02-23 18:53:34] [INFO] [rancher-gov.goe.go.kr] (268/0/268)
[2026-02-23 18:53:34] [INFO] [38841fbe-5985-481c-9a6d-d0310520c2af.internal.kr4.postgres.rds.ngovc.com] (268/0/268)
[2026-02-23 18:53:34] [INFO] [rancher-gov.goe.go.kr] 응답시간 통계 - 최소: 9ms, 평균: 10ms, 최대: 15ms, P95: 12ms, P99: 13ms
[2026-02-23 18:53:34] [INFO] [38841fbe-5985-481c-9a6d-d0310520c2af.internal.kr4.postgres.rds.ngovc.com] 응답시간 통계 - 최소: 9ms, 평균: 10ms, 최대: 16ms, P95: 12ms, P99: 14ms
[2026-02-23 18:54:34] [INFO] [rancher-gov.goe.go.kr] (267/0/267)
[2026-02-23 18:54:34] [INFO] [38841fbe-5985-481c-9a6d-d0310520c2af.internal.kr4.postgres.rds.ngovc.com] (267/0/267)
[2026-02-23 18:54:34] [INFO] [rancher-gov.goe.go.kr] 응답시간 통계 - 최소: 9ms, 평균: 10ms, 최대: 13ms, P95: 12ms, P99: 12ms
[2026-02-23 18:54:34] [INFO] [38841fbe-5985-481c-9a6d-d0310520c2af.internal.kr4.postgres.rds.ngovc.com] 응답시간 통계 - 최소: 9ms, 평균: 10ms, 최대: 15ms, P95: 13ms, P99: 14ms
[2026-02-23 18:55:34] [INFO] [rancher-gov.goe.go.kr] (269/0/269)
[2026-02-23 18:55:34] [INFO] [38841fbe-5985-481c-9a6d-d0310520c2af.internal.kr4.postgres.rds.ngovc.com] (269/0/269)
[2026-02-23 18:55:34] [INFO] [rancher-gov.goe.go.kr] 응답시간 통계 - 최소: 9ms, 평균: 10ms, 최대: 13ms, P95: 11ms, P99: 13ms
[2026-02-23 18:55:34] [INFO] [38841fbe-5985-481c-9a6d-d0310520c2af.internal.kr4.postgres.rds.ngovc.com] 응답시간 통계 - 최소: 9ms, 평균: 10ms, 최대: 19ms, P95: 12ms, P99: 14ms
[2026-02-23 18:56:34] [INFO] [rancher-gov.goe.go.kr] (268/0/268)
[2026-02-23 18:56:34] [INFO] [38841fbe-5985-481c-9a6d-d0310520c2af.internal.kr4.postgres.rds.ngovc.com] (268/0/268)
[2026-02-23 18:56:34] [INFO] [rancher-gov.goe.go.kr] 응답시간 통계 - 최소: 9ms, 평균: 10ms, 최대: 13ms, P95: 12ms, P99: 12ms
[2026-02-23 18:56:34] [INFO] [38841fbe-5985-481c-9a6d-d0310520c2af.internal.kr4.postgres.rds.ngovc.com] 응답시간 통계 - 최소: 9ms, 평균: 10ms, 최대: 15ms, P95: 12ms, P99: 13ms
[2026-02-23 18:57:34] [INFO] [38841fbe-5985-481c-9a6d-d0310520c2af.internal.kr4.postgres.rds.ngovc.com] (268/0/268)
[2026-02-23 18:57:34] [INFO] [rancher-gov.goe.go.kr] (268/0/268)
[2026-02-23 18:57:34] [INFO] [38841fbe-5985-481c-9a6d-d0310520c2af.internal.kr4.postgres.rds.ngovc.com] 응답시간 통계 - 최소: 9ms, 평균: 10ms, 최대: 21ms, P95: 12ms, P99: 15ms
[2026-02-23 18:57:34] [INFO] [rancher-gov.goe.go.kr] 응답시간 통계 - 최소: 9ms, 평균: 10ms, 최대: 22ms, P95: 12ms, P99: 13ms
[2026-02-23 18:58:34] [INFO] [38841fbe-5985-481c-9a6d-d0310520c2af.internal.kr4.postgres.rds.ngovc.com] (269/0/269)
[2026-02-23 18:58:34] [INFO] [38841fbe-5985-481c-9a6d-d0310520c2af.internal.kr4.postgres.rds.ngovc.com] 응답시간 통계 - 최소: 9ms, 평균: 10ms, 최대: 15ms, P95: 12ms, P99: 13ms
[2026-02-23 18:58:34] [INFO] [rancher-gov.goe.go.kr] (269/0/269)
[2026-02-23 18:58:34] [INFO] [rancher-gov.goe.go.kr] 응답시간 통계 - 최소: 9ms, 평균: 10ms, 최대: 14ms, P95: 12ms, P99: 12ms
[2026-02-23 18:59:34] [INFO] [rancher-gov.goe.go.kr] (267/0/267)
[2026-02-23 18:59:34] [INFO] [38841fbe-5985-481c-9a6d-d0310520c2af.internal.kr4.postgres.rds.ngovc.com] (267/0/267)
[2026-02-23 18:59:34] [INFO] [rancher-gov.goe.go.kr] 응답시간 통계 - 최소: 9ms, 평균: 10ms, 최대: 13ms, P95: 12ms, P99: 13ms
[2026-02-23 18:59:34] [INFO] [38841fbe-5985-481c-9a6d-d0310520c2af.internal.kr4.postgres.rds.ngovc.com] 응답시간 통계 - 최소: 9ms, 평균: 10ms, 최대: 14ms, P95: 12ms, P99: 13ms
[2026-02-23 19:00:34] [INFO] [rancher-gov.goe.go.kr] (269/0/269)
[2026-02-23 19:00:34] [INFO] [38841fbe-5985-481c-9a6d-d0310520c2af.internal.kr4.postgres.rds.ngovc.com] (269/0/269)
[2026-02-23 19:00:34] [INFO] [rancher-gov.goe.go.kr] 응답시간 통계 - 최소: 9ms, 평균: 10ms, 최대: 13ms, P95: 12ms, P99: 12ms
[2026-02-23 19:00:34] [INFO] [38841fbe-5985-481c-9a6d-d0310520c2af.internal.kr4.postgres.rds.ngovc.com] 응답시간 통계 - 최소: 9ms, 평균: 10ms, 최대: 14ms, P95: 12ms, P99: 14ms
[2026-02-23 19:01:34] [INFO] [38841fbe-5985-481c-9a6d-d0310520c2af.internal.kr4.postgres.rds.ngovc.com] (268/0/268)
[2026-02-23 19:01:34] [INFO] [rancher-gov.goe.go.kr] (268/0/268)
[2026-02-23 19:01:34] [INFO] [38841fbe-5985-481c-9a6d-d0310520c2af.internal.kr4.postgres.rds.ngovc.com] 응답시간 통계 - 최소: 9ms, 평균: 10ms, 최대: 15ms, P95: 12ms, P99: 13ms
[2026-02-23 19:01:34] [INFO] [rancher-gov.goe.go.kr] 응답시간 통계 - 최소: 9ms, 평균: 10ms, 최대: 14ms, P95: 12ms, P99: 13ms
[2026-02-23 19:02:34] [INFO] [rancher-gov.goe.go.kr] (269/0/269)
[2026-02-23 19:02:34] [INFO] [rancher-gov.goe.go.kr] 응답시간 통계 - 최소: 9ms, 평균: 10ms, 최대: 16ms, P95: 11ms, P99: 13ms
[2026-02-23 19:02:34] [INFO] [38841fbe-5985-481c-9a6d-d0310520c2af.internal.kr4.postgres.rds.ngovc.com] (269/0/269)
[2026-02-23 19:02:34] [INFO] [38841fbe-5985-481c-9a6d-d0310520c2af.internal.kr4.postgres.rds.ngovc.com] 응답시간 통계 - 최소: 9ms, 평균: 10ms, 최대: 15ms, P95: 12ms, P99: 13ms
[2026-02-23 19:03:34] [INFO] [rancher-gov.goe.go.kr] (268/0/268)
[2026-02-23 19:03:34] [INFO] [38841fbe-5985-481c-9a6d-d0310520c2af.internal.kr4.postgres.rds.ngovc.com] (268/0/268)
[2026-02-23 19:03:34] [INFO] [rancher-gov.goe.go.kr] 응답시간 통계 - 최소: 9ms, 평균: 10ms, 최대: 14ms, P95: 12ms, P99: 13ms
[2026-02-23 19:03:34] [INFO] [38841fbe-5985-481c-9a6d-d0310520c2af.internal.kr4.postgres.rds.ngovc.com] 응답시간 통계 - 최소: 9ms, 평균: 10ms, 최대: 15ms, P95: 12ms, P99: 14ms
[2026-02-23 19:04:34] [INFO] [rancher-gov.goe.go.kr] (268/0/268)
[2026-02-23 19:04:34] [INFO] [38841fbe-5985-481c-9a6d-d0310520c2af.internal.kr4.postgres.rds.ngovc.com] (268/0/268)
[2026-02-23 19:04:34] [INFO] [rancher-gov.goe.go.kr] 응답시간 통계 - 최소: 9ms, 평균: 10ms, 최대: 14ms, P95: 12ms, P99: 13ms
[2026-02-23 19:04:34] [INFO] [38841fbe-5985-481c-9a6d-d0310520c2af.internal.kr4.postgres.rds.ngovc.com] 응답시간 통계 - 최소: 9ms, 평균: 10ms, 최대: 16ms, P95: 12ms, P99: 13ms
[2026-02-23 19:05:34] [INFO] [38841fbe-5985-481c-9a6d-d0310520c2af.internal.kr4.postgres.rds.ngovc.com] (268/0/268)
[2026-02-23 19:05:34] [INFO] [rancher-gov.goe.go.kr] (268/0/268)
[2026-02-23 19:05:34] [INFO] [38841fbe-5985-481c-9a6d-d0310520c2af.internal.kr4.postgres.rds.ngovc.com] 응답시간 통계 - 최소: 8ms, 평균: 10ms, 최대: 15ms, P95: 12ms, P99: 13ms
[2026-02-23 19:05:34] [INFO] [rancher-gov.goe.go.kr] 응답시간 통계 - 최소: 9ms, 평균: 10ms, 최대: 14ms, P95: 12ms, P99: 13ms
[2026-02-23 19:06:34] [INFO] [rancher-gov.goe.go.kr] (269/0/269)
[2026-02-23 19:06:34] [INFO] [38841fbe-5985-481c-9a6d-d0310520c2af.internal.kr4.postgres.rds.ngovc.com] (269/0/269)
[2026-02-23 19:06:34] [INFO] [rancher-gov.goe.go.kr] 응답시간 통계 - 최소: 9ms, 평균: 10ms, 최대: 17ms, P95: 12ms, P99: 14ms
[2026-02-23 19:06:34] [INFO] [38841fbe-5985-481c-9a6d-d0310520c2af.internal.kr4.postgres.rds.ngovc.com] 응답시간 통계 - 최소: 9ms, 평균: 10ms, 최대: 15ms, P95: 13ms, P99: 14ms
[2026-02-23 19:07:34] [INFO] [38841fbe-5985-481c-9a6d-d0310520c2af.internal.kr4.postgres.rds.ngovc.com] (269/0/269)
[2026-02-23 19:07:34] [INFO] [rancher-gov.goe.go.kr] (269/0/269)
[2026-02-23 19:07:34] [INFO] [38841fbe-5985-481c-9a6d-d0310520c2af.internal.kr4.postgres.rds.ngovc.com] 응답시간 통계 - 최소: 9ms, 평균: 10ms, 최대: 14ms, P95: 12ms, P99: 13ms
[2026-02-23 19:07:34] [INFO] [rancher-gov.goe.go.kr] 응답시간 통계 - 최소: 9ms, 평균: 10ms, 최대: 15ms, P95: 12ms, P99: 13ms
[2026-02-23 19:08:34] [INFO] [rancher-gov.goe.go.kr] (268/0/268)
[2026-02-23 19:08:34] [INFO] [38841fbe-5985-481c-9a6d-d0310520c2af.internal.kr4.postgres.rds.ngovc.com] (268/0/268)
[2026-02-23 19:08:34] [INFO] [rancher-gov.goe.go.kr] 응답시간 통계 - 최소: 9ms, 평균: 10ms, 최대: 14ms, P95: 12ms, P99: 12ms
[2026-02-23 19:08:34] [INFO] [38841fbe-5985-481c-9a6d-d0310520c2af.internal.kr4.postgres.rds.ngovc.com] 응답시간 통계 - 최소: 9ms, 평균: 10ms, 최대: 15ms, P95: 12ms, P99: 13ms
[2026-02-23 19:09:34] [INFO] [rancher-gov.goe.go.kr] (267/0/267)
[2026-02-23 19:09:34] [INFO] [rancher-gov.goe.go.kr] 응답시간 통계 - 최소: 9ms, 평균: 10ms, 최대: 16ms, P95: 12ms, P99: 14ms
[2026-02-23 19:09:34] [INFO] [38841fbe-5985-481c-9a6d-d0310520c2af.internal.kr4.postgres.rds.ngovc.com] (267/0/267)
[2026-02-23 19:09:34] [INFO] [38841fbe-5985-481c-9a6d-d0310520c2af.internal.kr4.postgres.rds.ngovc.com] 응답시간 통계 - 최소: 9ms, 평균: 10ms, 최대: 14ms, P95: 12ms, P99: 14ms
[2026-02-23 19:10:34] [INFO] [rancher-gov.goe.go.kr] (268/0/268)
[2026-02-23 19:10:34] [INFO] [38841fbe-5985-481c-9a6d-d0310520c2af.internal.kr4.postgres.rds.ngovc.com] (268/0/268)
[2026-02-23 19:10:34] [INFO] [rancher-gov.goe.go.kr] 응답시간 통계 - 최소: 9ms, 평균: 10ms, 최대: 16ms, P95: 13ms, P99: 14ms
[2026-02-23 19:10:34] [INFO] [38841fbe-5985-481c-9a6d-d0310520c2af.internal.kr4.postgres.rds.ngovc.com] 응답시간 통계 - 최소: 9ms, 평균: 10ms, 최대: 15ms, P95: 13ms, P99: 14ms
[2026-02-23 19:11:34] [INFO] [38841fbe-5985-481c-9a6d-d0310520c2af.internal.kr4.postgres.rds.ngovc.com] (268/0/268)
[2026-02-23 19:11:34] [INFO] [rancher-gov.goe.go.kr] (268/0/268)
[2026-02-23 19:11:34] [INFO] [38841fbe-5985-481c-9a6d-d0310520c2af.internal.kr4.postgres.rds.ngovc.com] 응답시간 통계 - 최소: 9ms, 평균: 10ms, 최대: 14ms, P95: 12ms, P99: 13ms
[2026-02-23 19:11:34] [INFO] [rancher-gov.goe.go.kr] 응답시간 통계 - 최소: 9ms, 평균: 10ms, 최대: 13ms, P95: 12ms, P99: 13ms
[2026-02-23 19:12:34] [INFO] [38841fbe-5985-481c-9a6d-d0310520c2af.internal.kr4.postgres.rds.ngovc.com] (267/0/267)
[2026-02-23 19:12:34] [INFO] [rancher-gov.goe.go.kr] (267/0/267)
[2026-02-23 19:12:34] [INFO] [38841fbe-5985-481c-9a6d-d0310520c2af.internal.kr4.postgres.rds.ngovc.com] 응답시간 통계 - 최소: 9ms, 평균: 10ms, 최대: 16ms, P95: 12ms, P99: 14ms
[2026-02-23 19:12:34] [INFO] [rancher-gov.goe.go.kr] 응답시간 통계 - 최소: 9ms, 평균: 10ms, 최대: 15ms, P95: 12ms, P99: 13ms
[2026-02-23 19:13:34] [INFO] [38841fbe-5985-481c-9a6d-d0310520c2af.internal.kr4.postgres.rds.ngovc.com] (269/0/269)
[2026-02-23 19:13:34] [INFO] [rancher-gov.goe.go.kr] (269/0/269)
[2026-02-23 19:13:34] [INFO] [38841fbe-5985-481c-9a6d-d0310520c2af.internal.kr4.postgres.rds.ngovc.com] 응답시간 통계 - 최소: 9ms, 평균: 10ms, 최대: 15ms, P95: 12ms, P99: 14ms
[2026-02-23 19:13:34] [INFO] [rancher-gov.goe.go.kr] 응답시간 통계 - 최소: 9ms, 평균: 10ms, 최대: 14ms, P95: 12ms, P99: 13ms
[2026-02-23 19:14:34] [INFO] [rancher-gov.goe.go.kr] (268/0/268)
[2026-02-23 19:14:34] [INFO] [38841fbe-5985-481c-9a6d-d0310520c2af.internal.kr4.postgres.rds.ngovc.com] (268/0/268)
[2026-02-23 19:14:34] [INFO] [38841fbe-5985-481c-9a6d-d0310520c2af.internal.kr4.postgres.rds.ngovc.com] 응답시간 통계 - 최소: 9ms, 평균: 10ms, 최대: 15ms, P95: 12ms, P99: 14ms
[2026-02-23 19:14:34] [INFO] [rancher-gov.goe.go.kr] 응답시간 통계 - 최소: 9ms, 평균: 10ms, 최대: 15ms, P95: 12ms, P99: 13ms
[2026-02-23 19:15:34] [INFO] [rancher-gov.goe.go.kr] (267/0/267)
[2026-02-23 19:15:34] [INFO] [38841fbe-5985-481c-9a6d-d0310520c2af.internal.kr4.postgres.rds.ngovc.com] (267/0/267)
[2026-02-23 19:15:34] [INFO] [rancher-gov.goe.go.kr] 응답시간 통계 - 최소: 9ms, 평균: 10ms, 최대: 14ms, P95: 12ms, P99: 13ms
[2026-02-23 19:15:34] [INFO] [38841fbe-5985-481c-9a6d-d0310520c2af.internal.kr4.postgres.rds.ngovc.com] 응답시간 통계 - 최소: 9ms, 평균: 10ms, 최대: 18ms, P95: 13ms, P99: 14ms
[2026-02-23 19:16:34] [INFO] [rancher-gov.goe.go.kr] (267/0/267)
[2026-02-23 19:16:34] [INFO] [38841fbe-5985-481c-9a6d-d0310520c2af.internal.kr4.postgres.rds.ngovc.com] (267/0/267)
[2026-02-23 19:16:34] [INFO] [rancher-gov.goe.go.kr] 응답시간 통계 - 최소: 9ms, 평균: 10ms, 최대: 17ms, P95: 12ms, P99: 14ms
[2026-02-23 19:16:34] [INFO] [38841fbe-5985-481c-9a6d-d0310520c2af.internal.kr4.postgres.rds.ngovc.com] 응답시간 통계 - 최소: 9ms, 평균: 10ms, 최대: 16ms, P95: 13ms, P99: 14ms
[2026-02-23 19:17:34] [INFO] [rancher-gov.goe.go.kr] (268/0/268)
[2026-02-23 19:17:34] [INFO] [rancher-gov.goe.go.kr] 응답시간 통계 - 최소: 9ms, 평균: 10ms, 최대: 15ms, P95: 12ms, P99: 13ms
[2026-02-23 19:17:34] [INFO] [38841fbe-5985-481c-9a6d-d0310520c2af.internal.kr4.postgres.rds.ngovc.com] (268/0/268)
[2026-02-23 19:17:34] [INFO] [38841fbe-5985-481c-9a6d-d0310520c2af.internal.kr4.postgres.rds.ngovc.com] 응답시간 통계 - 최소: 9ms, 평균: 10ms, 최대: 16ms, P95: 12ms, P99: 14ms
[2026-02-23 19:18:34] [INFO] [rancher-gov.goe.go.kr] (268/0/268)
[2026-02-23 19:18:34] [INFO] [38841fbe-5985-481c-9a6d-d0310520c2af.internal.kr4.postgres.rds.ngovc.com] (268/0/268)
[2026-02-23 19:18:34] [INFO] [rancher-gov.goe.go.kr] 응답시간 통계 - 최소: 9ms, 평균: 10ms, 최대: 15ms, P95: 12ms, P99: 13ms
[2026-02-23 19:18:34] [INFO] [38841fbe-5985-481c-9a6d-d0310520c2af.internal.kr4.postgres.rds.ngovc.com] 응답시간 통계 - 최소: 9ms, 평균: 10ms, 최대: 16ms, P95: 12ms, P99: 13ms
[2026-02-23 19:19:34] [INFO] [38841fbe-5985-481c-9a6d-d0310520c2af.internal.kr4.postgres.rds.ngovc.com] (268/0/268)
[2026-02-23 19:19:34] [INFO] [rancher-gov.goe.go.kr] (268/0/268)
[2026-02-23 19:19:34] [INFO] [38841fbe-5985-481c-9a6d-d0310520c2af.internal.kr4.postgres.rds.ngovc.com] 응답시간 통계 - 최소: 9ms, 평균: 10ms, 최대: 15ms, P95: 12ms, P99: 14ms
[2026-02-23 19:19:34] [INFO] [rancher-gov.goe.go.kr] 응답시간 통계 - 최소: 9ms, 평균: 10ms, 최대: 15ms, P95: 12ms, P99: 14ms
[2026-02-23 19:20:34] [INFO] [38841fbe-5985-481c-9a6d-d0310520c2af.internal.kr4.postgres.rds.ngovc.com] (268/0/268)
[2026-02-23 19:20:34] [INFO] [38841fbe-5985-481c-9a6d-d0310520c2af.internal.kr4.postgres.rds.ngovc.com] 응답시간 통계 - 최소: 9ms, 평균: 10ms, 최대: 14ms, P95: 12ms, P99: 13ms
[2026-02-23 19:20:34] [INFO] [rancher-gov.goe.go.kr] (268/0/268)
[2026-02-23 19:20:34] [INFO] [rancher-gov.goe.go.kr] 응답시간 통계 - 최소: 9ms, 평균: 10ms, 최대: 13ms, P95: 11ms, P99: 12ms
[2026-02-23 19:21:34] [INFO] [rancher-gov.goe.go.kr] (268/0/268)
[2026-02-23 19:21:34] [INFO] [rancher-gov.goe.go.kr] 응답시간 통계 - 최소: 9ms, 평균: 10ms, 최대: 14ms, P95: 12ms, P99: 13ms
[2026-02-23 19:21:34] [INFO] [38841fbe-5985-481c-9a6d-d0310520c2af.internal.kr4.postgres.rds.ngovc.com] (268/0/268)
[2026-02-23 19:21:34] [INFO] [38841fbe-5985-481c-9a6d-d0310520c2af.internal.kr4.postgres.rds.ngovc.com] 응답시간 통계 - 최소: 8ms, 평균: 10ms, 최대: 14ms, P95: 12ms, P99: 14ms
[2026-02-23 19:22:34] [INFO] [38841fbe-5985-481c-9a6d-d0310520c2af.internal.kr4.postgres.rds.ngovc.com] (269/0/269)
[2026-02-23 19:22:34] [INFO] [rancher-gov.goe.go.kr] (269/0/269)
[2026-02-23 19:22:34] [INFO] [38841fbe-5985-481c-9a6d-d0310520c2af.internal.kr4.postgres.rds.ngovc.com] 응답시간 통계 - 최소: 9ms, 평균: 10ms, 최대: 16ms, P95: 12ms, P99: 14ms
[2026-02-23 19:22:34] [INFO] [rancher-gov.goe.go.kr] 응답시간 통계 - 최소: 9ms, 평균: 10ms, 최대: 13ms, P95: 12ms, P99: 12ms
[2026-02-23 19:23:34] [INFO] [38841fbe-5985-481c-9a6d-d0310520c2af.internal.kr4.postgres.rds.ngovc.com] (267/0/267)
[2026-02-23 19:23:34] [INFO] [38841fbe-5985-481c-9a6d-d0310520c2af.internal.kr4.postgres.rds.ngovc.com] 응답시간 통계 - 최소: 9ms, 평균: 10ms, 최대: 16ms, P95: 12ms, P99: 13ms
[2026-02-23 19:23:34] [INFO] [rancher-gov.goe.go.kr] (268/0/268)
[2026-02-23 19:23:34] [INFO] [rancher-gov.goe.go.kr] 응답시간 통계 - 최소: 9ms, 평균: 10ms, 최대: 15ms, P95: 12ms, P99: 13ms
[2026-02-23 19:24:34] [INFO] [38841fbe-5985-481c-9a6d-d0310520c2af.internal.kr4.postgres.rds.ngovc.com] (269/0/269)
[2026-02-23 19:24:34] [INFO] [rancher-gov.goe.go.kr] (268/0/268)
[2026-02-23 19:24:34] [INFO] [38841fbe-5985-481c-9a6d-d0310520c2af.internal.kr4.postgres.rds.ngovc.com] 응답시간 통계 - 최소: 9ms, 평균: 10ms, 최대: 17ms, P95: 13ms, P99: 13ms
[2026-02-23 19:24:34] [INFO] [rancher-gov.goe.go.kr] 응답시간 통계 - 최소: 9ms, 평균: 10ms, 최대: 13ms, P95: 12ms, P99: 12ms
[2026-02-23 19:25:34] [INFO] [38841fbe-5985-481c-9a6d-d0310520c2af.internal.kr4.postgres.rds.ngovc.com] (268/0/268)
[2026-02-23 19:25:34] [INFO] [rancher-gov.goe.go.kr] (268/0/268)
[2026-02-23 19:25:34] [INFO] [38841fbe-5985-481c-9a6d-d0310520c2af.internal.kr4.postgres.rds.ngovc.com] 응답시간 통계 - 최소: 9ms, 평균: 10ms, 최대: 18ms, P95: 12ms, P99: 14ms
[2026-02-23 19:25:34] [INFO] [rancher-gov.goe.go.kr] 응답시간 통계 - 최소: 9ms, 평균: 10ms, 최대: 19ms, P95: 11ms, P99: 12ms
[2026-02-23 19:26:34] [INFO] [rancher-gov.goe.go.kr] (268/0/268)
[2026-02-23 19:26:34] [INFO] [38841fbe-5985-481c-9a6d-d0310520c2af.internal.kr4.postgres.rds.ngovc.com] (268/0/268)
[2026-02-23 19:26:34] [INFO] [rancher-gov.goe.go.kr] 응답시간 통계 - 최소: 9ms, 평균: 10ms, 최대: 14ms, P95: 11ms, P99: 12ms
[2026-02-23 19:26:34] [INFO] [38841fbe-5985-481c-9a6d-d0310520c2af.internal.kr4.postgres.rds.ngovc.com] 응답시간 통계 - 최소: 9ms, 평균: 10ms, 최대: 15ms, P95: 12ms, P99: 14ms
[2026-02-23 19:27:34] [INFO] [38841fbe-5985-481c-9a6d-d0310520c2af.internal.kr4.postgres.rds.ngovc.com] (268/0/268)
[2026-02-23 19:27:34] [INFO] [rancher-gov.goe.go.kr] (268/0/268)
[2026-02-23 19:27:34] [INFO] [38841fbe-5985-481c-9a6d-d0310520c2af.internal.kr4.postgres.rds.ngovc.com] 응답시간 통계 - 최소: 9ms, 평균: 10ms, 최대: 17ms, P95: 12ms, P99: 14ms
[2026-02-23 19:27:34] [INFO] [rancher-gov.goe.go.kr] 응답시간 통계 - 최소: 9ms, 평균: 10ms, 최대: 14ms, P95: 12ms, P99: 13ms
[2026-02-23 19:28:34] [INFO] [38841fbe-5985-481c-9a6d-d0310520c2af.internal.kr4.postgres.rds.ngovc.com] (268/0/268)
[2026-02-23 19:28:34] [INFO] [38841fbe-5985-481c-9a6d-d0310520c2af.internal.kr4.postgres.rds.ngovc.com] 응답시간 통계 - 최소: 9ms, 평균: 10ms, 최대: 15ms, P95: 12ms, P99: 14ms
[2026-02-23 19:28:34] [INFO] [rancher-gov.goe.go.kr] (268/0/268)
[2026-02-23 19:28:34] [INFO] [rancher-gov.goe.go.kr] 응답시간 통계 - 최소: 9ms, 평균: 10ms, 최대: 13ms, P95: 12ms, P99: 12ms
[2026-02-23 19:29:34] [INFO] [38841fbe-5985-481c-9a6d-d0310520c2af.internal.kr4.postgres.rds.ngovc.com] (267/0/267)
[2026-02-23 19:29:34] [INFO] [rancher-gov.goe.go.kr] (267/0/267)
[2026-02-23 19:29:34] [INFO] [38841fbe-5985-481c-9a6d-d0310520c2af.internal.kr4.postgres.rds.ngovc.com] 응답시간 통계 - 최소: 9ms, 평균: 10ms, 최대: 16ms, P95: 12ms, P99: 14ms
[2026-02-23 19:29:34] [INFO] [rancher-gov.goe.go.kr] 응답시간 통계 - 최소: 9ms, 평균: 10ms, 최대: 15ms, P95: 12ms, P99: 13ms
[2026-02-23 19:30:34] [INFO] [38841fbe-5985-481c-9a6d-d0310520c2af.internal.kr4.postgres.rds.ngovc.com] (268/0/268)
[2026-02-23 19:30:34] [INFO] [38841fbe-5985-481c-9a6d-d0310520c2af.internal.kr4.postgres.rds.ngovc.com] 응답시간 통계 - 최소: 9ms, 평균: 10ms, 최대: 14ms, P95: 13ms, P99: 14ms
[2026-02-23 19:30:34] [INFO] [rancher-gov.goe.go.kr] (268/0/268)
[2026-02-23 19:30:34] [INFO] [rancher-gov.goe.go.kr] 응답시간 통계 - 최소: 9ms, 평균: 10ms, 최대: 16ms, P95: 12ms, P99: 13ms
[2026-02-23 19:31:34] [INFO] [rancher-gov.goe.go.kr] (270/0/270)
[2026-02-23 19:31:34] [INFO] [38841fbe-5985-481c-9a6d-d0310520c2af.internal.kr4.postgres.rds.ngovc.com] (270/0/270)
[2026-02-23 19:31:34] [INFO] [rancher-gov.goe.go.kr] 응답시간 통계 - 최소: 9ms, 평균: 10ms, 최대: 13ms, P95: 12ms, P99: 13ms
[2026-02-23 19:31:34] [INFO] [38841fbe-5985-481c-9a6d-d0310520c2af.internal.kr4.postgres.rds.ngovc.com] 응답시간 통계 - 최소: 9ms, 평균: 10ms, 최대: 14ms, P95: 12ms, P99: 13ms
[2026-02-23 19:32:34] [INFO] [38841fbe-5985-481c-9a6d-d0310520c2af.internal.kr4.postgres.rds.ngovc.com] (269/0/269)
[2026-02-23 19:32:34] [INFO] [rancher-gov.goe.go.kr] (269/0/269)
[2026-02-23 19:32:34] [INFO] [38841fbe-5985-481c-9a6d-d0310520c2af.internal.kr4.postgres.rds.ngovc.com] 응답시간 통계 - 최소: 9ms, 평균: 10ms, 최대: 14ms, P95: 12ms, P99: 13ms
[2026-02-23 19:32:34] [INFO] [rancher-gov.goe.go.kr] 응답시간 통계 - 최소: 9ms, 평균: 10ms, 최대: 14ms, P95: 11ms, P99: 12ms
[2026-02-23 19:33:34] [INFO] [38841fbe-5985-481c-9a6d-d0310520c2af.internal.kr4.postgres.rds.ngovc.com] (267/0/267)
[2026-02-23 19:33:34] [INFO] [rancher-gov.goe.go.kr] (267/0/267)
[2026-02-23 19:33:34] [INFO] [38841fbe-5985-481c-9a6d-d0310520c2af.internal.kr4.postgres.rds.ngovc.com] 응답시간 통계 - 최소: 9ms, 평균: 10ms, 최대: 17ms, P95: 12ms, P99: 14ms
[2026-02-23 19:33:34] [INFO] [rancher-gov.goe.go.kr] 응답시간 통계 - 최소: 9ms, 평균: 10ms, 최대: 16ms, P95: 12ms, P99: 12ms
[2026-02-23 19:34:34] [INFO] [rancher-gov.goe.go.kr] (269/0/269)
[2026-02-23 19:34:34] [INFO] [38841fbe-5985-481c-9a6d-d0310520c2af.internal.kr4.postgres.rds.ngovc.com] (269/0/269)
[2026-02-23 19:34:34] [INFO] [rancher-gov.goe.go.kr] 응답시간 통계 - 최소: 9ms, 평균: 10ms, 최대: 14ms, P95: 12ms, P99: 12ms
[2026-02-23 19:34:34] [INFO] [38841fbe-5985-481c-9a6d-d0310520c2af.internal.kr4.postgres.rds.ngovc.com] 응답시간 통계 - 최소: 9ms, 평균: 10ms, 최대: 15ms, P95: 12ms, P99: 13ms
[2026-02-23 19:35:34] [INFO] [rancher-gov.goe.go.kr] (268/0/268)
[2026-02-23 19:35:34] [INFO] [rancher-gov.goe.go.kr] 응답시간 통계 - 최소: 9ms, 평균: 10ms, 최대: 13ms, P95: 12ms, P99: 12ms
[2026-02-23 19:35:34] [INFO] [38841fbe-5985-481c-9a6d-d0310520c2af.internal.kr4.postgres.rds.ngovc.com] (268/0/268)
[2026-02-23 19:35:34] [INFO] [38841fbe-5985-481c-9a6d-d0310520c2af.internal.kr4.postgres.rds.ngovc.com] 응답시간 통계 - 최소: 9ms, 평균: 10ms, 최대: 19ms, P95: 12ms, P99: 13ms
[2026-02-23 19:36:34] [INFO] [rancher-gov.goe.go.kr] (269/0/269)
[2026-02-23 19:36:34] [INFO] [rancher-gov.goe.go.kr] 응답시간 통계 - 최소: 9ms, 평균: 10ms, 최대: 14ms, P95: 11ms, P99: 12ms
[2026-02-23 19:36:34] [INFO] [38841fbe-5985-481c-9a6d-d0310520c2af.internal.kr4.postgres.rds.ngovc.com] (269/0/269)
[2026-02-23 19:36:34] [INFO] [38841fbe-5985-481c-9a6d-d0310520c2af.internal.kr4.postgres.rds.ngovc.com] 응답시간 통계 - 최소: 9ms, 평균: 10ms, 최대: 14ms, P95: 12ms, P99: 12ms
[2026-02-23 19:37:34] [INFO] [rancher-gov.goe.go.kr] (269/0/269)
[2026-02-23 19:37:34] [INFO] [38841fbe-5985-481c-9a6d-d0310520c2af.internal.kr4.postgres.rds.ngovc.com] (269/0/269)
[2026-02-23 19:37:34] [INFO] [rancher-gov.goe.go.kr] 응답시간 통계 - 최소: 9ms, 평균: 10ms, 최대: 14ms, P95: 11ms, P99: 12ms
[2026-02-23 19:37:34] [INFO] [38841fbe-5985-481c-9a6d-d0310520c2af.internal.kr4.postgres.rds.ngovc.com] 응답시간 통계 - 최소: 9ms, 평균: 10ms, 최대: 14ms, P95: 12ms, P99: 14ms
[2026-02-23 19:38:34] [INFO] [rancher-gov.goe.go.kr] (268/0/268)
[2026-02-23 19:38:34] [INFO] [38841fbe-5985-481c-9a6d-d0310520c2af.internal.kr4.postgres.rds.ngovc.com] (268/0/268)
[2026-02-23 19:38:34] [INFO] [rancher-gov.goe.go.kr] 응답시간 통계 - 최소: 9ms, 평균: 10ms, 최대: 13ms, P95: 11ms, P99: 12ms
[2026-02-23 19:38:34] [INFO] [38841fbe-5985-481c-9a6d-d0310520c2af.internal.kr4.postgres.rds.ngovc.com] 응답시간 통계 - 최소: 9ms, 평균: 10ms, 최대: 15ms, P95: 12ms, P99: 14ms
[2026-02-23 19:39:34] [INFO] [rancher-gov.goe.go.kr] (269/0/269)
[2026-02-23 19:39:34] [INFO] [38841fbe-5985-481c-9a6d-d0310520c2af.internal.kr4.postgres.rds.ngovc.com] (269/0/269)
[2026-02-23 19:39:34] [INFO] [rancher-gov.goe.go.kr] 응답시간 통계 - 최소: 9ms, 평균: 10ms, 최대: 15ms, P95: 11ms, P99: 13ms
[2026-02-23 19:39:34] [INFO] [38841fbe-5985-481c-9a6d-d0310520c2af.internal.kr4.postgres.rds.ngovc.com] 응답시간 통계 - 최소: 8ms, 평균: 10ms, 최대: 17ms, P95: 12ms, P99: 14ms
[2026-02-23 19:40:34] [INFO] [38841fbe-5985-481c-9a6d-d0310520c2af.internal.kr4.postgres.rds.ngovc.com] (269/0/269)
[2026-02-23 19:40:34] [INFO] [rancher-gov.goe.go.kr] (269/0/269)
[2026-02-23 19:40:34] [INFO] [38841fbe-5985-481c-9a6d-d0310520c2af.internal.kr4.postgres.rds.ngovc.com] 응답시간 통계 - 최소: 8ms, 평균: 10ms, 최대: 15ms, P95: 12ms, P99: 13ms
[2026-02-23 19:40:34] [INFO] [rancher-gov.goe.go.kr] 응답시간 통계 - 최소: 9ms, 평균: 10ms, 최대: 13ms, P95: 11ms, P99: 12ms
[2026-02-23 19:41:34] [INFO] [rancher-gov.goe.go.kr] (267/0/267)
[2026-02-23 19:41:34] [INFO] [38841fbe-5985-481c-9a6d-d0310520c2af.internal.kr4.postgres.rds.ngovc.com] (267/0/267)
[2026-02-23 19:41:34] [INFO] [rancher-gov.goe.go.kr] 응답시간 통계 - 최소: 9ms, 평균: 10ms, 최대: 14ms, P95: 12ms, P99: 13ms
[2026-02-23 19:41:34] [INFO] [38841fbe-5985-481c-9a6d-d0310520c2af.internal.kr4.postgres.rds.ngovc.com] 응답시간 통계 - 최소: 9ms, 평균: 10ms, 최대: 22ms, P95: 12ms, P99: 14ms
[2026-02-23 19:42:34] [INFO] [38841fbe-5985-481c-9a6d-d0310520c2af.internal.kr4.postgres.rds.ngovc.com] (267/0/267)
[2026-02-23 19:42:34] [INFO] [rancher-gov.goe.go.kr] (267/0/267)
[2026-02-23 19:42:34] [INFO] [38841fbe-5985-481c-9a6d-d0310520c2af.internal.kr4.postgres.rds.ngovc.com] 응답시간 통계 - 최소: 9ms, 평균: 10ms, 최대: 15ms, P95: 12ms, P99: 14ms
[2026-02-23 19:42:34] [INFO] [rancher-gov.goe.go.kr] 응답시간 통계 - 최소: 9ms, 평균: 10ms, 최대: 14ms, P95: 12ms, P99: 13ms
[2026-02-23 19:43:34] [INFO] [rancher-gov.goe.go.kr] (268/0/268)
[2026-02-23 19:43:34] [INFO] [38841fbe-5985-481c-9a6d-d0310520c2af.internal.kr4.postgres.rds.ngovc.com] (268/0/268)
[2026-02-23 19:43:34] [INFO] [rancher-gov.goe.go.kr] 응답시간 통계 - 최소: 9ms, 평균: 10ms, 최대: 16ms, P95: 12ms, P99: 13ms
[2026-02-23 19:43:34] [INFO] [38841fbe-5985-481c-9a6d-d0310520c2af.internal.kr4.postgres.rds.ngovc.com] 응답시간 통계 - 최소: 9ms, 평균: 10ms, 최대: 16ms, P95: 12ms, P99: 15ms
[2026-02-23 19:44:34] [INFO] [rancher-gov.goe.go.kr] (269/0/269)
[2026-02-23 19:44:34] [INFO] [38841fbe-5985-481c-9a6d-d0310520c2af.internal.kr4.postgres.rds.ngovc.com] (269/0/269)
[2026-02-23 19:44:34] [INFO] [rancher-gov.goe.go.kr] 응답시간 통계 - 최소: 9ms, 평균: 10ms, 최대: 14ms, P95: 12ms, P99: 13ms
[2026-02-23 19:44:34] [INFO] [38841fbe-5985-481c-9a6d-d0310520c2af.internal.kr4.postgres.rds.ngovc.com] 응답시간 통계 - 최소: 9ms, 평균: 10ms, 최대: 15ms, P95: 12ms, P99: 14ms
[2026-02-23 19:45:34] [INFO] [rancher-gov.goe.go.kr] (267/0/267)
[2026-02-23 19:45:34] [INFO] [38841fbe-5985-481c-9a6d-d0310520c2af.internal.kr4.postgres.rds.ngovc.com] (267/0/267)
[2026-02-23 19:45:34] [INFO] [rancher-gov.goe.go.kr] 응답시간 통계 - 최소: 9ms, 평균: 10ms, 최대: 15ms, P95: 11ms, P99: 13ms
[2026-02-23 19:45:34] [INFO] [38841fbe-5985-481c-9a6d-d0310520c2af.internal.kr4.postgres.rds.ngovc.com] 응답시간 통계 - 최소: 9ms, 평균: 10ms, 최대: 19ms, P95: 12ms, P99: 14ms
[2026-02-23 19:46:34] [INFO] [38841fbe-5985-481c-9a6d-d0310520c2af.internal.kr4.postgres.rds.ngovc.com] (268/0/268)
[2026-02-23 19:46:34] [INFO] [rancher-gov.goe.go.kr] (268/0/268)
[2026-02-23 19:46:34] [INFO] [38841fbe-5985-481c-9a6d-d0310520c2af.internal.kr4.postgres.rds.ngovc.com] 응답시간 통계 - 최소: 9ms, 평균: 10ms, 최대: 14ms, P95: 12ms, P99: 14ms
[2026-02-23 19:46:34] [INFO] [rancher-gov.goe.go.kr] 응답시간 통계 - 최소: 9ms, 평균: 10ms, 최대: 17ms, P95: 12ms, P99: 12ms
[2026-02-23 19:47:34] [INFO] [38841fbe-5985-481c-9a6d-d0310520c2af.internal.kr4.postgres.rds.ngovc.com] (268/0/268)
[2026-02-23 19:47:34] [INFO] [rancher-gov.goe.go.kr] (268/0/268)
[2026-02-23 19:47:34] [INFO] [38841fbe-5985-481c-9a6d-d0310520c2af.internal.kr4.postgres.rds.ngovc.com] 응답시간 통계 - 최소: 9ms, 평균: 10ms, 최대: 16ms, P95: 12ms, P99: 14ms
[2026-02-23 19:47:34] [INFO] [rancher-gov.goe.go.kr] 응답시간 통계 - 최소: 9ms, 평균: 10ms, 최대: 16ms, P95: 11ms, P99: 12ms
[2026-02-23 19:48:34] [INFO] [38841fbe-5985-481c-9a6d-d0310520c2af.internal.kr4.postgres.rds.ngovc.com] (267/0/267)
[2026-02-23 19:48:34] [INFO] [rancher-gov.goe.go.kr] (267/0/267)
[2026-02-23 19:48:34] [INFO] [38841fbe-5985-481c-9a6d-d0310520c2af.internal.kr4.postgres.rds.ngovc.com] 응답시간 통계 - 최소: 9ms, 평균: 10ms, 최대: 13ms, P95: 12ms, P99: 13ms
[2026-02-23 19:48:34] [INFO] [rancher-gov.goe.go.kr] 응답시간 통계 - 최소: 9ms, 평균: 10ms, 최대: 13ms, P95: 11ms, P99: 13ms
[2026-02-23 19:49:34] [INFO] [rancher-gov.goe.go.kr] (268/0/268)
[2026-02-23 19:49:34] [INFO] [38841fbe-5985-481c-9a6d-d0310520c2af.internal.kr4.postgres.rds.ngovc.com] (268/0/268)
[2026-02-23 19:49:34] [INFO] [rancher-gov.goe.go.kr] 응답시간 통계 - 최소: 9ms, 평균: 10ms, 최대: 13ms, P95: 12ms, P99: 13ms
[2026-02-23 19:49:34] [INFO] [38841fbe-5985-481c-9a6d-d0310520c2af.internal.kr4.postgres.rds.ngovc.com] 응답시간 통계 - 최소: 9ms, 평균: 10ms, 최대: 15ms, P95: 12ms, P99: 14ms
[2026-02-23 19:50:34] [INFO] [rancher-gov.goe.go.kr] (269/0/269)
[2026-02-23 19:50:34] [INFO] [rancher-gov.goe.go.kr] 응답시간 통계 - 최소: 9ms, 평균: 10ms, 최대: 14ms, P95: 11ms, P99: 13ms
[2026-02-23 19:50:34] [INFO] [38841fbe-5985-481c-9a6d-d0310520c2af.internal.kr4.postgres.rds.ngovc.com] (269/0/269)
[2026-02-23 19:50:34] [INFO] [38841fbe-5985-481c-9a6d-d0310520c2af.internal.kr4.postgres.rds.ngovc.com] 응답시간 통계 - 최소: 9ms, 평균: 10ms, 최대: 15ms, P95: 12ms, P99: 13ms
[2026-02-23 19:51:34] [INFO] [rancher-gov.goe.go.kr] (268/0/268)
[2026-02-23 19:51:34] [INFO] [38841fbe-5985-481c-9a6d-d0310520c2af.internal.kr4.postgres.rds.ngovc.com] (268/0/268)
[2026-02-23 19:51:34] [INFO] [rancher-gov.goe.go.kr] 응답시간 통계 - 최소: 9ms, 평균: 10ms, 최대: 14ms, P95: 11ms, P99: 12ms
[2026-02-23 19:51:34] [INFO] [38841fbe-5985-481c-9a6d-d0310520c2af.internal.kr4.postgres.rds.ngovc.com] 응답시간 통계 - 최소: 9ms, 평균: 10ms, 최대: 15ms, P95: 12ms, P99: 14ms
[2026-02-23 19:52:34] [INFO] [rancher-gov.goe.go.kr] (269/0/269)
[2026-02-23 19:52:34] [INFO] [38841fbe-5985-481c-9a6d-d0310520c2af.internal.kr4.postgres.rds.ngovc.com] (269/0/269)
[2026-02-23 19:52:34] [INFO] [rancher-gov.goe.go.kr] 응답시간 통계 - 최소: 9ms, 평균: 10ms, 최대: 13ms, P95: 11ms, P99: 12ms
[2026-02-23 19:52:34] [INFO] [38841fbe-5985-481c-9a6d-d0310520c2af.internal.kr4.postgres.rds.ngovc.com] 응답시간 통계 - 최소: 9ms, 평균: 10ms, 최대: 15ms, P95: 12ms, P99: 13ms
[2026-02-23 19:53:34] [INFO] [38841fbe-5985-481c-9a6d-d0310520c2af.internal.kr4.postgres.rds.ngovc.com] (269/0/269)
[2026-02-23 19:53:34] [INFO] [38841fbe-5985-481c-9a6d-d0310520c2af.internal.kr4.postgres.rds.ngovc.com] 응답시간 통계 - 최소: 9ms, 평균: 10ms, 최대: 15ms, P95: 12ms, P99: 14ms
[2026-02-23 19:53:34] [INFO] [rancher-gov.goe.go.kr] (269/0/269)
[2026-02-23 19:53:34] [INFO] [rancher-gov.goe.go.kr] 응답시간 통계 - 최소: 9ms, 평균: 10ms, 최대: 17ms, P95: 12ms, P99: 13ms
[2026-02-23 19:54:34] [INFO] [rancher-gov.goe.go.kr] (269/0/269)
[2026-02-23 19:54:34] [INFO] [rancher-gov.goe.go.kr] 응답시간 통계 - 최소: 9ms, 평균: 10ms, 최대: 14ms, P95: 12ms, P99: 13ms
[2026-02-23 19:54:34] [INFO] [38841fbe-5985-481c-9a6d-d0310520c2af.internal.kr4.postgres.rds.ngovc.com] (269/0/269)
[2026-02-23 19:54:34] [INFO] [38841fbe-5985-481c-9a6d-d0310520c2af.internal.kr4.postgres.rds.ngovc.com] 응답시간 통계 - 최소: 9ms, 평균: 10ms, 최대: 16ms, P95: 12ms, P99: 13ms
[2026-02-23 19:55:34] [INFO] [rancher-gov.goe.go.kr] (269/0/269)
[2026-02-23 19:55:34] [INFO] [38841fbe-5985-481c-9a6d-d0310520c2af.internal.kr4.postgres.rds.ngovc.com] (269/0/269)
[2026-02-23 19:55:34] [INFO] [rancher-gov.goe.go.kr] 응답시간 통계 - 최소: 9ms, 평균: 10ms, 최대: 14ms, P95: 12ms, P99: 12ms
[2026-02-23 19:55:34] [INFO] [38841fbe-5985-481c-9a6d-d0310520c2af.internal.kr4.postgres.rds.ngovc.com] 응답시간 통계 - 최소: 9ms, 평균: 10ms, 최대: 14ms, P95: 12ms, P99: 13ms
[2026-02-23 19:56:34] [INFO] [38841fbe-5985-481c-9a6d-d0310520c2af.internal.kr4.postgres.rds.ngovc.com] (267/0/267)
[2026-02-23 19:56:34] [INFO] [rancher-gov.goe.go.kr] (267/0/267)
[2026-02-23 19:56:34] [INFO] [38841fbe-5985-481c-9a6d-d0310520c2af.internal.kr4.postgres.rds.ngovc.com] 응답시간 통계 - 최소: 9ms, 평균: 10ms, 최대: 14ms, P95: 12ms, P99: 13ms
[2026-02-23 19:56:34] [INFO] [rancher-gov.goe.go.kr] 응답시간 통계 - 최소: 9ms, 평균: 10ms, 최대: 21ms, P95: 12ms, P99: 13ms
[2026-02-23 19:57:34] [INFO] [38841fbe-5985-481c-9a6d-d0310520c2af.internal.kr4.postgres.rds.ngovc.com] (268/0/268)
[2026-02-23 19:57:34] [INFO] [rancher-gov.goe.go.kr] (268/0/268)
[2026-02-23 19:57:34] [INFO] [38841fbe-5985-481c-9a6d-d0310520c2af.internal.kr4.postgres.rds.ngovc.com] 응답시간 통계 - 최소: 9ms, 평균: 10ms, 최대: 15ms, P95: 12ms, P99: 13ms
[2026-02-23 19:57:34] [INFO] [rancher-gov.goe.go.kr] 응답시간 통계 - 최소: 9ms, 평균: 10ms, 최대: 14ms, P95: 12ms, P99: 13ms
[2026-02-23 19:58:34] [INFO] [rancher-gov.goe.go.kr] (269/0/269)
[2026-02-23 19:58:34] [INFO] [38841fbe-5985-481c-9a6d-d0310520c2af.internal.kr4.postgres.rds.ngovc.com] (269/0/269)
[2026-02-23 19:58:34] [INFO] [rancher-gov.goe.go.kr] 응답시간 통계 - 최소: 9ms, 평균: 10ms, 최대: 13ms, P95: 12ms, P99: 13ms
[2026-02-23 19:58:34] [INFO] [38841fbe-5985-481c-9a6d-d0310520c2af.internal.kr4.postgres.rds.ngovc.com] 응답시간 통계 - 최소: 9ms, 평균: 10ms, 최대: 15ms, P95: 12ms, P99: 13ms
[2026-02-23 19:59:34] [INFO] [38841fbe-5985-481c-9a6d-d0310520c2af.internal.kr4.postgres.rds.ngovc.com] (270/0/270)
[2026-02-23 19:59:34] [INFO] [rancher-gov.goe.go.kr] (270/0/270)
[2026-02-23 19:59:34] [INFO] [38841fbe-5985-481c-9a6d-d0310520c2af.internal.kr4.postgres.rds.ngovc.com] 응답시간 통계 - 최소: 9ms, 평균: 10ms, 최대: 14ms, P95: 12ms, P99: 13ms
[2026-02-23 19:59:34] [INFO] [rancher-gov.goe.go.kr] 응답시간 통계 - 최소: 9ms, 평균: 10ms, 최대: 13ms, P95: 11ms, P99: 12ms
[2026-02-23 20:00:34] [INFO] [rancher-gov.goe.go.kr] (268/0/268)
[2026-02-23 20:00:34] [INFO] [rancher-gov.goe.go.kr] 응답시간 통계 - 최소: 9ms, 평균: 10ms, 최대: 13ms, P95: 11ms, P99: 12ms
[2026-02-23 20:00:34] [INFO] [38841fbe-5985-481c-9a6d-d0310520c2af.internal.kr4.postgres.rds.ngovc.com] (268/0/268)
[2026-02-23 20:00:34] [INFO] [38841fbe-5985-481c-9a6d-d0310520c2af.internal.kr4.postgres.rds.ngovc.com] 응답시간 통계 - 최소: 9ms, 평균: 10ms, 최대: 14ms, P95: 12ms, P99: 13ms
[2026-02-23 20:01:34] [INFO] [rancher-gov.goe.go.kr] (269/0/269)
[2026-02-23 20:01:34] [INFO] [38841fbe-5985-481c-9a6d-d0310520c2af.internal.kr4.postgres.rds.ngovc.com] (269/0/269)
[2026-02-23 20:01:34] [INFO] [rancher-gov.goe.go.kr] 응답시간 통계 - 최소: 9ms, 평균: 10ms, 최대: 13ms, P95: 12ms, P99: 13ms
[2026-02-23 20:01:34] [INFO] [38841fbe-5985-481c-9a6d-d0310520c2af.internal.kr4.postgres.rds.ngovc.com] 응답시간 통계 - 최소: 8ms, 평균: 10ms, 최대: 15ms, P95: 12ms, P99: 13ms
[2026-02-23 20:02:34] [INFO] [rancher-gov.goe.go.kr] (269/0/269)
[2026-02-23 20:02:34] [INFO] [rancher-gov.goe.go.kr] 응답시간 통계 - 최소: 9ms, 평균: 10ms, 최대: 15ms, P95: 12ms, P99: 13ms
[2026-02-23 20:02:34] [INFO] [38841fbe-5985-481c-9a6d-d0310520c2af.internal.kr4.postgres.rds.ngovc.com] (269/0/269)
[2026-02-23 20:02:34] [INFO] [38841fbe-5985-481c-9a6d-d0310520c2af.internal.kr4.postgres.rds.ngovc.com] 응답시간 통계 - 최소: 9ms, 평균: 10ms, 최대: 14ms, P95: 12ms, P99: 14ms
[2026-02-23 20:03:34] [INFO] [rancher-gov.goe.go.kr] (269/0/269)
[2026-02-23 20:03:34] [INFO] [rancher-gov.goe.go.kr] 응답시간 통계 - 최소: 9ms, 평균: 10ms, 최대: 14ms, P95: 12ms, P99: 12ms
[2026-02-23 20:03:34] [INFO] [38841fbe-5985-481c-9a6d-d0310520c2af.internal.kr4.postgres.rds.ngovc.com] (269/0/269)
[2026-02-23 20:03:34] [INFO] [38841fbe-5985-481c-9a6d-d0310520c2af.internal.kr4.postgres.rds.ngovc.com] 응답시간 통계 - 최소: 9ms, 평균: 10ms, 최대: 14ms, P95: 12ms, P99: 13ms
[2026-02-23 20:04:34] [INFO] [38841fbe-5985-481c-9a6d-d0310520c2af.internal.kr4.postgres.rds.ngovc.com] (270/0/270)
[2026-02-23 20:04:34] [INFO] [rancher-gov.goe.go.kr] (270/0/270)
[2026-02-23 20:04:34] [INFO] [38841fbe-5985-481c-9a6d-d0310520c2af.internal.kr4.postgres.rds.ngovc.com] 응답시간 통계 - 최소: 9ms, 평균: 9ms, 최대: 13ms, P95: 12ms, P99: 13ms
[2026-02-23 20:04:34] [INFO] [rancher-gov.goe.go.kr] 응답시간 통계 - 최소: 8ms, 평균: 9ms, 최대: 24ms, P95: 11ms, P99: 12ms
[2026-02-23 20:05:34] [INFO] [rancher-gov.goe.go.kr] (268/0/268)
[2026-02-23 20:05:34] [INFO] [rancher-gov.goe.go.kr] 응답시간 통계 - 최소: 9ms, 평균: 10ms, 최대: 14ms, P95: 12ms, P99: 13ms
[2026-02-23 20:05:34] [INFO] [38841fbe-5985-481c-9a6d-d0310520c2af.internal.kr4.postgres.rds.ngovc.com] (268/0/268)
[2026-02-23 20:05:34] [INFO] [38841fbe-5985-481c-9a6d-d0310520c2af.internal.kr4.postgres.rds.ngovc.com] 응답시간 통계 - 최소: 9ms, 평균: 10ms, 최대: 14ms, P95: 12ms, P99: 13ms
[2026-02-23 20:06:34] [INFO] [rancher-gov.goe.go.kr] (268/0/268)
[2026-02-23 20:06:34] [INFO] [rancher-gov.goe.go.kr] 응답시간 통계 - 최소: 9ms, 평균: 10ms, 최대: 15ms, P95: 12ms, P99: 14ms
[2026-02-23 20:06:34] [INFO] [38841fbe-5985-481c-9a6d-d0310520c2af.internal.kr4.postgres.rds.ngovc.com] (268/0/268)
[2026-02-23 20:06:34] [INFO] [38841fbe-5985-481c-9a6d-d0310520c2af.internal.kr4.postgres.rds.ngovc.com] 응답시간 통계 - 최소: 9ms, 평균: 10ms, 최대: 14ms, P95: 12ms, P99: 13ms
[2026-02-23 20:07:34] [INFO] [38841fbe-5985-481c-9a6d-d0310520c2af.internal.kr4.postgres.rds.ngovc.com] (268/0/268)
[2026-02-23 20:07:34] [INFO] [rancher-gov.goe.go.kr] (268/0/268)
[2026-02-23 20:07:34] [INFO] [38841fbe-5985-481c-9a6d-d0310520c2af.internal.kr4.postgres.rds.ngovc.com] 응답시간 통계 - 최소: 9ms, 평균: 10ms, 최대: 14ms, P95: 12ms, P99: 13ms
[2026-02-23 20:07:34] [INFO] [rancher-gov.goe.go.kr] 응답시간 통계 - 최소: 9ms, 평균: 10ms, 최대: 21ms, P95: 12ms, P99: 13ms
[2026-02-23 20:08:34] [INFO] [rancher-gov.goe.go.kr] (269/0/269)
[2026-02-23 20:08:34] [INFO] [rancher-gov.goe.go.kr] 응답시간 통계 - 최소: 9ms, 평균: 10ms, 최대: 13ms, P95: 11ms, P99: 12ms
[2026-02-23 20:08:34] [INFO] [38841fbe-5985-481c-9a6d-d0310520c2af.internal.kr4.postgres.rds.ngovc.com] (269/0/269)
[2026-02-23 20:08:34] [INFO] [38841fbe-5985-481c-9a6d-d0310520c2af.internal.kr4.postgres.rds.ngovc.com] 응답시간 통계 - 최소: 9ms, 평균: 10ms, 최대: 14ms, P95: 12ms, P99: 13ms
[2026-02-23 20:09:34] [INFO] [rancher-gov.goe.go.kr] (268/0/268)
[2026-02-23 20:09:34] [INFO] [38841fbe-5985-481c-9a6d-d0310520c2af.internal.kr4.postgres.rds.ngovc.com] (268/0/268)
[2026-02-23 20:09:34] [INFO] [rancher-gov.goe.go.kr] 응답시간 통계 - 최소: 9ms, 평균: 10ms, 최대: 14ms, P95: 12ms, P99: 13ms
[2026-02-23 20:09:34] [INFO] [38841fbe-5985-481c-9a6d-d0310520c2af.internal.kr4.postgres.rds.ngovc.com] 응답시간 통계 - 최소: 8ms, 평균: 10ms, 최대: 17ms, P95: 12ms, P99: 14ms
[2026-02-23 20:10:34] [INFO] [rancher-gov.goe.go.kr] (268/0/268)
[2026-02-23 20:10:34] [INFO] [38841fbe-5985-481c-9a6d-d0310520c2af.internal.kr4.postgres.rds.ngovc.com] (268/0/268)
[2026-02-23 20:10:34] [INFO] [rancher-gov.goe.go.kr] 응답시간 통계 - 최소: 9ms, 평균: 10ms, 최대: 13ms, P95: 11ms, P99: 13ms
[2026-02-23 20:10:34] [INFO] [38841fbe-5985-481c-9a6d-d0310520c2af.internal.kr4.postgres.rds.ngovc.com] 응답시간 통계 - 최소: 9ms, 평균: 10ms, 최대: 15ms, P95: 12ms, P99: 14ms
[2026-02-23 20:11:34] [INFO] [rancher-gov.goe.go.kr] (269/0/269)
[2026-02-23 20:11:34] [INFO] [38841fbe-5985-481c-9a6d-d0310520c2af.internal.kr4.postgres.rds.ngovc.com] (269/0/269)
[2026-02-23 20:11:34] [INFO] [rancher-gov.goe.go.kr] 응답시간 통계 - 최소: 9ms, 평균: 10ms, 최대: 13ms, P95: 12ms, P99: 12ms
[2026-02-23 20:11:34] [INFO] [38841fbe-5985-481c-9a6d-d0310520c2af.internal.kr4.postgres.rds.ngovc.com] 응답시간 통계 - 최소: 9ms, 평균: 10ms, 최대: 14ms, P95: 12ms, P99: 14ms
[2026-02-23 20:12:34] [INFO] [38841fbe-5985-481c-9a6d-d0310520c2af.internal.kr4.postgres.rds.ngovc.com] (268/0/268)
[2026-02-23 20:12:34] [INFO] [rancher-gov.goe.go.kr] (268/0/268)
[2026-02-23 20:12:34] [INFO] [38841fbe-5985-481c-9a6d-d0310520c2af.internal.kr4.postgres.rds.ngovc.com] 응답시간 통계 - 최소: 9ms, 평균: 10ms, 최대: 15ms, P95: 12ms, P99: 14ms
[2026-02-23 20:12:34] [INFO] [rancher-gov.goe.go.kr] 응답시간 통계 - 최소: 9ms, 평균: 10ms, 최대: 22ms, P95: 12ms, P99: 14ms
[2026-02-23 20:13:34] [INFO] [rancher-gov.goe.go.kr] (269/0/269)
[2026-02-23 20:13:34] [INFO] [38841fbe-5985-481c-9a6d-d0310520c2af.internal.kr4.postgres.rds.ngovc.com] (269/0/269)
[2026-02-23 20:13:34] [INFO] [rancher-gov.goe.go.kr] 응답시간 통계 - 최소: 9ms, 평균: 10ms, 최대: 14ms, P95: 11ms, P99: 12ms
[2026-02-23 20:13:34] [INFO] [38841fbe-5985-481c-9a6d-d0310520c2af.internal.kr4.postgres.rds.ngovc.com] 응답시간 통계 - 최소: 9ms, 평균: 10ms, 최대: 14ms, P95: 12ms, P99: 13ms
[2026-02-23 20:14:34] [INFO] [38841fbe-5985-481c-9a6d-d0310520c2af.internal.kr4.postgres.rds.ngovc.com] (269/0/269)
[2026-02-23 20:14:34] [INFO] [38841fbe-5985-481c-9a6d-d0310520c2af.internal.kr4.postgres.rds.ngovc.com] 응답시간 통계 - 최소: 8ms, 평균: 10ms, 최대: 14ms, P95: 12ms, P99: 13ms
[2026-02-23 20:14:34] [INFO] [rancher-gov.goe.go.kr] (269/0/269)
[2026-02-23 20:14:34] [INFO] [rancher-gov.goe.go.kr] 응답시간 통계 - 최소: 8ms, 평균: 10ms, 최대: 14ms, P95: 12ms, P99: 13ms
[2026-02-23 20:15:34] [INFO] [rancher-gov.goe.go.kr] (269/0/269)
[2026-02-23 20:15:34] [INFO] [38841fbe-5985-481c-9a6d-d0310520c2af.internal.kr4.postgres.rds.ngovc.com] (269/0/269)
[2026-02-23 20:15:34] [INFO] [rancher-gov.goe.go.kr] 응답시간 통계 - 최소: 9ms, 평균: 10ms, 최대: 31ms, P95: 12ms, P99: 13ms
[2026-02-23 20:15:34] [INFO] [38841fbe-5985-481c-9a6d-d0310520c2af.internal.kr4.postgres.rds.ngovc.com] 응답시간 통계 - 최소: 9ms, 평균: 10ms, 최대: 30ms, P95: 13ms, P99: 15ms
[2026-02-23 20:16:34] [INFO] [38841fbe-5985-481c-9a6d-d0310520c2af.internal.kr4.postgres.rds.ngovc.com] (268/0/268)
[2026-02-23 20:16:34] [INFO] [38841fbe-5985-481c-9a6d-d0310520c2af.internal.kr4.postgres.rds.ngovc.com] 응답시간 통계 - 최소: 9ms, 평균: 10ms, 최대: 15ms, P95: 12ms, P99: 13ms
[2026-02-23 20:16:34] [INFO] [rancher-gov.goe.go.kr] (268/0/268)
[2026-02-23 20:16:34] [INFO] [rancher-gov.goe.go.kr] 응답시간 통계 - 최소: 9ms, 평균: 10ms, 최대: 13ms, P95: 12ms, P99: 12ms
[2026-02-23 20:17:34] [INFO] [38841fbe-5985-481c-9a6d-d0310520c2af.internal.kr4.postgres.rds.ngovc.com] (269/0/269)
[2026-02-23 20:17:34] [INFO] [rancher-gov.goe.go.kr] (269/0/269)
[2026-02-23 20:17:34] [INFO] [rancher-gov.goe.go.kr] 응답시간 통계 - 최소: 9ms, 평균: 10ms, 최대: 13ms, P95: 11ms, P99: 12ms
[2026-02-23 20:17:34] [INFO] [38841fbe-5985-481c-9a6d-d0310520c2af.internal.kr4.postgres.rds.ngovc.com] 응답시간 통계 - 최소: 9ms, 평균: 10ms, 최대: 14ms, P95: 12ms, P99: 13ms
[2026-02-23 20:18:34] [INFO] [rancher-gov.goe.go.kr] (270/0/270)
[2026-02-23 20:18:34] [INFO] [38841fbe-5985-481c-9a6d-d0310520c2af.internal.kr4.postgres.rds.ngovc.com] (270/0/270)
[2026-02-23 20:18:34] [INFO] [rancher-gov.goe.go.kr] 응답시간 통계 - 최소: 8ms, 평균: 9ms, 최대: 13ms, P95: 11ms, P99: 13ms
[2026-02-23 20:18:34] [INFO] [38841fbe-5985-481c-9a6d-d0310520c2af.internal.kr4.postgres.rds.ngovc.com] 응답시간 통계 - 최소: 8ms, 평균: 10ms, 최대: 15ms, P95: 11ms, P99: 13ms
[2026-02-23 20:19:34] [INFO] [38841fbe-5985-481c-9a6d-d0310520c2af.internal.kr4.postgres.rds.ngovc.com] (268/0/268)
[2026-02-23 20:19:34] [INFO] [38841fbe-5985-481c-9a6d-d0310520c2af.internal.kr4.postgres.rds.ngovc.com] 응답시간 통계 - 최소: 9ms, 평균: 10ms, 최대: 14ms, P95: 13ms, P99: 13ms
[2026-02-23 20:19:34] [INFO] [rancher-gov.goe.go.kr] (268/0/268)
[2026-02-23 20:19:34] [INFO] [rancher-gov.goe.go.kr] 응답시간 통계 - 최소: 9ms, 평균: 10ms, 최대: 14ms, P95: 12ms, P99: 13ms
[2026-02-23 20:20:34] [INFO] [rancher-gov.goe.go.kr] (269/0/269)
[2026-02-23 20:20:34] [INFO] [38841fbe-5985-481c-9a6d-d0310520c2af.internal.kr4.postgres.rds.ngovc.com] (269/0/269)
[2026-02-23 20:20:34] [INFO] [rancher-gov.goe.go.kr] 응답시간 통계 - 최소: 9ms, 평균: 10ms, 최대: 13ms, P95: 11ms, P99: 13ms
[2026-02-23 20:20:34] [INFO] [38841fbe-5985-481c-9a6d-d0310520c2af.internal.kr4.postgres.rds.ngovc.com] 응답시간 통계 - 최소: 9ms, 평균: 10ms, 최대: 15ms, P95: 12ms, P99: 14ms
[2026-02-23 20:21:34] [INFO] [38841fbe-5985-481c-9a6d-d0310520c2af.internal.kr4.postgres.rds.ngovc.com] (268/0/268)
[2026-02-23 20:21:34] [INFO] [rancher-gov.goe.go.kr] (268/0/268)
[2026-02-23 20:21:34] [INFO] [38841fbe-5985-481c-9a6d-d0310520c2af.internal.kr4.postgres.rds.ngovc.com] 응답시간 통계 - 최소: 9ms, 평균: 10ms, 최대: 14ms, P95: 13ms, P99: 13ms
[2026-02-23 20:21:34] [INFO] [rancher-gov.goe.go.kr] 응답시간 통계 - 최소: 9ms, 평균: 10ms, 최대: 15ms, P95: 12ms, P99: 12ms
[2026-02-23 20:22:34] [INFO] [rancher-gov.goe.go.kr] (268/0/268)
[2026-02-23 20:22:34] [INFO] [38841fbe-5985-481c-9a6d-d0310520c2af.internal.kr4.postgres.rds.ngovc.com] (268/0/268)
[2026-02-23 20:22:34] [INFO] [rancher-gov.goe.go.kr] 응답시간 통계 - 최소: 9ms, 평균: 10ms, 최대: 38ms, P95: 12ms, P99: 14ms
[2026-02-23 20:22:34] [INFO] [38841fbe-5985-481c-9a6d-d0310520c2af.internal.kr4.postgres.rds.ngovc.com] 응답시간 통계 - 최소: 9ms, 평균: 10ms, 최대: 15ms, P95: 12ms, P99: 14ms
[2026-02-23 20:23:34] [INFO] [rancher-gov.goe.go.kr] (268/0/268)
[2026-02-23 20:23:34] [INFO] [38841fbe-5985-481c-9a6d-d0310520c2af.internal.kr4.postgres.rds.ngovc.com] (268/0/268)
[2026-02-23 20:23:34] [INFO] [rancher-gov.goe.go.kr] 응답시간 통계 - 최소: 9ms, 평균: 10ms, 최대: 14ms, P95: 12ms, P99: 13ms
[2026-02-23 20:23:34] [INFO] [38841fbe-5985-481c-9a6d-d0310520c2af.internal.kr4.postgres.rds.ngovc.com] 응답시간 통계 - 최소: 9ms, 평균: 10ms, 최대: 14ms, P95: 12ms, P99: 13ms
[2026-02-23 20:24:34] [INFO] [rancher-gov.goe.go.kr] (268/0/268)
[2026-02-23 20:24:34] [INFO] [38841fbe-5985-481c-9a6d-d0310520c2af.internal.kr4.postgres.rds.ngovc.com] (268/0/268)
[2026-02-23 20:24:34] [INFO] [rancher-gov.goe.go.kr] 응답시간 통계 - 최소: 9ms, 평균: 10ms, 최대: 13ms, P95: 12ms, P99: 12ms
[2026-02-23 20:24:34] [INFO] [38841fbe-5985-481c-9a6d-d0310520c2af.internal.kr4.postgres.rds.ngovc.com] 응답시간 통계 - 최소: 9ms, 평균: 10ms, 최대: 15ms, P95: 12ms, P99: 14ms
[2026-02-23 20:25:34] [INFO] [38841fbe-5985-481c-9a6d-d0310520c2af.internal.kr4.postgres.rds.ngovc.com] (268/0/268)
[2026-02-23 20:25:34] [INFO] [38841fbe-5985-481c-9a6d-d0310520c2af.internal.kr4.postgres.rds.ngovc.com] 응답시간 통계 - 최소: 9ms, 평균: 10ms, 최대: 16ms, P95: 13ms, P99: 14ms
[2026-02-23 20:25:34] [INFO] [rancher-gov.goe.go.kr] (268/0/268)
[2026-02-23 20:25:34] [INFO] [rancher-gov.goe.go.kr] 응답시간 통계 - 최소: 9ms, 평균: 10ms, 최대: 17ms, P95: 12ms, P99: 13ms
[2026-02-23 20:26:34] [INFO] [38841fbe-5985-481c-9a6d-d0310520c2af.internal.kr4.postgres.rds.ngovc.com] (269/0/269)
[2026-02-23 20:26:34] [INFO] [rancher-gov.goe.go.kr] (269/0/269)
[2026-02-23 20:26:34] [INFO] [38841fbe-5985-481c-9a6d-d0310520c2af.internal.kr4.postgres.rds.ngovc.com] 응답시간 통계 - 최소: 9ms, 평균: 10ms, 최대: 17ms, P95: 12ms, P99: 14ms
[2026-02-23 20:26:34] [INFO] [rancher-gov.goe.go.kr] 응답시간 통계 - 최소: 9ms, 평균: 10ms, 최대: 13ms, P95: 12ms, P99: 13ms
[2026-02-23 20:27:34] [INFO] [rancher-gov.goe.go.kr] (267/0/267)
[2026-02-23 20:27:34] [INFO] [38841fbe-5985-481c-9a6d-d0310520c2af.internal.kr4.postgres.rds.ngovc.com] (267/0/267)
[2026-02-23 20:27:34] [INFO] [rancher-gov.goe.go.kr] 응답시간 통계 - 최소: 9ms, 평균: 10ms, 최대: 14ms, P95: 12ms, P99: 13ms
[2026-02-23 20:27:34] [INFO] [38841fbe-5985-481c-9a6d-d0310520c2af.internal.kr4.postgres.rds.ngovc.com] 응답시간 통계 - 최소: 9ms, 평균: 10ms, 최대: 15ms, P95: 12ms, P99: 14ms
[2026-02-23 20:28:34] [INFO] [rancher-gov.goe.go.kr] (267/0/267)
[2026-02-23 20:28:34] [INFO] [38841fbe-5985-481c-9a6d-d0310520c2af.internal.kr4.postgres.rds.ngovc.com] (267/0/267)
[2026-02-23 20:28:34] [INFO] [rancher-gov.goe.go.kr] 응답시간 통계 - 최소: 10ms, 평균: 10ms, 최대: 14ms, P95: 12ms, P99: 12ms
[2026-02-23 20:28:34] [INFO] [38841fbe-5985-481c-9a6d-d0310520c2af.internal.kr4.postgres.rds.ngovc.com] 응답시간 통계 - 최소: 9ms, 평균: 10ms, 최대: 19ms, P95: 12ms, P99: 14ms
[2026-02-23 20:29:34] [INFO] [rancher-gov.goe.go.kr] (268/0/268)
[2026-02-23 20:29:34] [INFO] [rancher-gov.goe.go.kr] 응답시간 통계 - 최소: 9ms, 평균: 10ms, 최대: 13ms, P95: 11ms, P99: 13ms
[2026-02-23 20:29:34] [INFO] [38841fbe-5985-481c-9a6d-d0310520c2af.internal.kr4.postgres.rds.ngovc.com] (268/0/268)
[2026-02-23 20:29:34] [INFO] [38841fbe-5985-481c-9a6d-d0310520c2af.internal.kr4.postgres.rds.ngovc.com] 응답시간 통계 - 최소: 9ms, 평균: 10ms, 최대: 15ms, P95: 12ms, P99: 14ms
[2026-02-23 20:30:34] [INFO] [38841fbe-5985-481c-9a6d-d0310520c2af.internal.kr4.postgres.rds.ngovc.com] (268/0/268)
[2026-02-23 20:30:34] [INFO] [rancher-gov.goe.go.kr] (268/0/268)
[2026-02-23 20:30:34] [INFO] [rancher-gov.goe.go.kr] 응답시간 통계 - 최소: 9ms, 평균: 10ms, 최대: 13ms, P95: 12ms, P99: 13ms
[2026-02-23 20:30:34] [INFO] [38841fbe-5985-481c-9a6d-d0310520c2af.internal.kr4.postgres.rds.ngovc.com] 응답시간 통계 - 최소: 9ms, 평균: 10ms, 최대: 15ms, P95: 12ms, P99: 13ms
[2026-02-23 20:31:34] [INFO] [rancher-gov.goe.go.kr] (268/0/268)
[2026-02-23 20:31:34] [INFO] [rancher-gov.goe.go.kr] 응답시간 통계 - 최소: 9ms, 평균: 10ms, 최대: 15ms, P95: 12ms, P99: 13ms
[2026-02-23 20:31:34] [INFO] [38841fbe-5985-481c-9a6d-d0310520c2af.internal.kr4.postgres.rds.ngovc.com] (268/0/268)
[2026-02-23 20:31:34] [INFO] [38841fbe-5985-481c-9a6d-d0310520c2af.internal.kr4.postgres.rds.ngovc.com] 응답시간 통계 - 최소: 9ms, 평균: 10ms, 최대: 16ms, P95: 12ms, P99: 14ms
[2026-02-23 20:32:34] [INFO] [38841fbe-5985-481c-9a6d-d0310520c2af.internal.kr4.postgres.rds.ngovc.com] (268/0/268)
[2026-02-23 20:32:34] [INFO] [rancher-gov.goe.go.kr] (268/0/268)
[2026-02-23 20:32:34] [INFO] [38841fbe-5985-481c-9a6d-d0310520c2af.internal.kr4.postgres.rds.ngovc.com] 응답시간 통계 - 최소: 9ms, 평균: 10ms, 최대: 14ms, P95: 12ms, P99: 13ms
[2026-02-23 20:32:34] [INFO] [rancher-gov.goe.go.kr] 응답시간 통계 - 최소: 9ms, 평균: 10ms, 최대: 14ms, P95: 12ms, P99: 12ms
[2026-02-23 20:33:34] [INFO] [rancher-gov.goe.go.kr] (268/0/268)
[2026-02-23 20:33:34] [INFO] [rancher-gov.goe.go.kr] 응답시간 통계 - 최소: 9ms, 평균: 10ms, 최대: 15ms, P95: 12ms, P99: 13ms
[2026-02-23 20:33:34] [INFO] [38841fbe-5985-481c-9a6d-d0310520c2af.internal.kr4.postgres.rds.ngovc.com] (268/0/268)
[2026-02-23 20:33:34] [INFO] [38841fbe-5985-481c-9a6d-d0310520c2af.internal.kr4.postgres.rds.ngovc.com] 응답시간 통계 - 최소: 9ms, 평균: 10ms, 최대: 20ms, P95: 12ms, P99: 14ms
[2026-02-23 20:34:34] [INFO] [rancher-gov.goe.go.kr] (268/0/268)
[2026-02-23 20:34:34] [INFO] [38841fbe-5985-481c-9a6d-d0310520c2af.internal.kr4.postgres.rds.ngovc.com] (268/0/268)
[2026-02-23 20:34:34] [INFO] [rancher-gov.goe.go.kr] 응답시간 통계 - 최소: 9ms, 평균: 10ms, 최대: 14ms, P95: 12ms, P99: 13ms
[2026-02-23 20:34:34] [INFO] [38841fbe-5985-481c-9a6d-d0310520c2af.internal.kr4.postgres.rds.ngovc.com] 응답시간 통계 - 최소: 9ms, 평균: 10ms, 최대: 15ms, P95: 12ms, P99: 14ms
[2026-02-23 20:35:34] [INFO] [38841fbe-5985-481c-9a6d-d0310520c2af.internal.kr4.postgres.rds.ngovc.com] (269/0/269)
[2026-02-23 20:35:34] [INFO] [rancher-gov.goe.go.kr] (269/0/269)
[2026-02-23 20:35:34] [INFO] [38841fbe-5985-481c-9a6d-d0310520c2af.internal.kr4.postgres.rds.ngovc.com] 응답시간 통계 - 최소: 9ms, 평균: 10ms, 최대: 14ms, P95: 12ms, P99: 14ms
[2026-02-23 20:35:34] [INFO] [rancher-gov.goe.go.kr] 응답시간 통계 - 최소: 9ms, 평균: 10ms, 최대: 19ms, P95: 11ms, P99: 12ms
[2026-02-23 20:36:34] [INFO] [rancher-gov.goe.go.kr] (268/0/268)
[2026-02-23 20:36:34] [INFO] [38841fbe-5985-481c-9a6d-d0310520c2af.internal.kr4.postgres.rds.ngovc.com] (268/0/268)
[2026-02-23 20:36:34] [INFO] [rancher-gov.goe.go.kr] 응답시간 통계 - 최소: 9ms, 평균: 10ms, 최대: 13ms, P95: 12ms, P99: 12ms
[2026-02-23 20:36:34] [INFO] [38841fbe-5985-481c-9a6d-d0310520c2af.internal.kr4.postgres.rds.ngovc.com] 응답시간 통계 - 최소: 9ms, 평균: 10ms, 최대: 15ms, P95: 12ms, P99: 13ms
[2026-02-23 20:37:34] [INFO] [38841fbe-5985-481c-9a6d-d0310520c2af.internal.kr4.postgres.rds.ngovc.com] (269/0/269)
[2026-02-23 20:37:34] [INFO] [rancher-gov.goe.go.kr] (269/0/269)
[2026-02-23 20:37:34] [INFO] [38841fbe-5985-481c-9a6d-d0310520c2af.internal.kr4.postgres.rds.ngovc.com] 응답시간 통계 - 최소: 9ms, 평균: 10ms, 최대: 15ms, P95: 12ms, P99: 13ms
[2026-02-23 20:37:34] [INFO] [rancher-gov.goe.go.kr] 응답시간 통계 - 최소: 9ms, 평균: 10ms, 최대: 13ms, P95: 11ms, P99: 12ms
[2026-02-23 20:38:34] [INFO] [38841fbe-5985-481c-9a6d-d0310520c2af.internal.kr4.postgres.rds.ngovc.com] (269/0/269)
[2026-02-23 20:38:34] [INFO] [38841fbe-5985-481c-9a6d-d0310520c2af.internal.kr4.postgres.rds.ngovc.com] 응답시간 통계 - 최소: 9ms, 평균: 10ms, 최대: 16ms, P95: 12ms, P99: 13ms
[2026-02-23 20:38:34] [INFO] [rancher-gov.goe.go.kr] (269/0/269)
[2026-02-23 20:38:34] [INFO] [rancher-gov.goe.go.kr] 응답시간 통계 - 최소: 9ms, 평균: 10ms, 최대: 13ms, P95: 11ms, P99: 12ms
[2026-02-23 20:39:34] [INFO] [38841fbe-5985-481c-9a6d-d0310520c2af.internal.kr4.postgres.rds.ngovc.com] (267/0/267)
[2026-02-23 20:39:34] [INFO] [rancher-gov.goe.go.kr] (267/0/267)
[2026-02-23 20:39:34] [INFO] [38841fbe-5985-481c-9a6d-d0310520c2af.internal.kr4.postgres.rds.ngovc.com] 응답시간 통계 - 최소: 9ms, 평균: 10ms, 최대: 15ms, P95: 12ms, P99: 13ms
[2026-02-23 20:39:34] [INFO] [rancher-gov.goe.go.kr] 응답시간 통계 - 최소: 9ms, 평균: 10ms, 최대: 15ms, P95: 12ms, P99: 14ms
[2026-02-23 20:40:34] [INFO] [38841fbe-5985-481c-9a6d-d0310520c2af.internal.kr4.postgres.rds.ngovc.com] (268/0/268)
[2026-02-23 20:40:34] [INFO] [rancher-gov.goe.go.kr] (268/0/268)
[2026-02-23 20:40:34] [INFO] [38841fbe-5985-481c-9a6d-d0310520c2af.internal.kr4.postgres.rds.ngovc.com] 응답시간 통계 - 최소: 8ms, 평균: 10ms, 최대: 16ms, P95: 12ms, P99: 13ms
[2026-02-23 20:40:34] [INFO] [rancher-gov.goe.go.kr] 응답시간 통계 - 최소: 9ms, 평균: 10ms, 최대: 14ms, P95: 12ms, P99: 13ms
[2026-02-23 20:41:34] [INFO] [38841fbe-5985-481c-9a6d-d0310520c2af.internal.kr4.postgres.rds.ngovc.com] (268/0/268)
[2026-02-23 20:41:34] [INFO] [38841fbe-5985-481c-9a6d-d0310520c2af.internal.kr4.postgres.rds.ngovc.com] 응답시간 통계 - 최소: 9ms, 평균: 10ms, 최대: 15ms, P95: 12ms, P99: 13ms
[2026-02-23 20:41:34] [INFO] [rancher-gov.goe.go.kr] (268/0/268)
[2026-02-23 20:41:34] [INFO] [rancher-gov.goe.go.kr] 응답시간 통계 - 최소: 9ms, 평균: 10ms, 최대: 13ms, P95: 12ms, P99: 13ms
[2026-02-23 20:42:34] [INFO] [rancher-gov.goe.go.kr] (269/0/269)
[2026-02-23 20:42:34] [INFO] [38841fbe-5985-481c-9a6d-d0310520c2af.internal.kr4.postgres.rds.ngovc.com] (269/0/269)
[2026-02-23 20:42:34] [INFO] [rancher-gov.goe.go.kr] 응답시간 통계 - 최소: 9ms, 평균: 10ms, 최대: 18ms, P95: 12ms, P99: 13ms
[2026-02-23 20:42:34] [INFO] [38841fbe-5985-481c-9a6d-d0310520c2af.internal.kr4.postgres.rds.ngovc.com] 응답시간 통계 - 최소: 9ms, 평균: 10ms, 최대: 15ms, P95: 12ms, P99: 13ms
[2026-02-23 20:43:34] [INFO] [rancher-gov.goe.go.kr] (269/0/269)
[2026-02-23 20:43:34] [INFO] [rancher-gov.goe.go.kr] 응답시간 통계 - 최소: 9ms, 평균: 10ms, 최대: 13ms, P95: 11ms, P99: 13ms
[2026-02-23 20:43:34] [INFO] [38841fbe-5985-481c-9a6d-d0310520c2af.internal.kr4.postgres.rds.ngovc.com] (269/0/269)
[2026-02-23 20:43:34] [INFO] [38841fbe-5985-481c-9a6d-d0310520c2af.internal.kr4.postgres.rds.ngovc.com] 응답시간 통계 - 최소: 9ms, 평균: 10ms, 최대: 15ms, P95: 12ms, P99: 14ms
[2026-02-23 20:44:34] [INFO] [rancher-gov.goe.go.kr] (269/0/269)
[2026-02-23 20:44:34] [INFO] [rancher-gov.goe.go.kr] 응답시간 통계 - 최소: 9ms, 평균: 10ms, 최대: 16ms, P95: 12ms, P99: 13ms
[2026-02-23 20:44:34] [INFO] [38841fbe-5985-481c-9a6d-d0310520c2af.internal.kr4.postgres.rds.ngovc.com] (269/0/269)
[2026-02-23 20:44:34] [INFO] [38841fbe-5985-481c-9a6d-d0310520c2af.internal.kr4.postgres.rds.ngovc.com] 응답시간 통계 - 최소: 9ms, 평균: 10ms, 최대: 14ms, P95: 12ms, P99: 14ms
[2026-02-23 20:45:34] [INFO] [38841fbe-5985-481c-9a6d-d0310520c2af.internal.kr4.postgres.rds.ngovc.com] (267/0/267)
[2026-02-23 20:45:34] [INFO] [rancher-gov.goe.go.kr] (267/0/267)
[2026-02-23 20:45:34] [INFO] [38841fbe-5985-481c-9a6d-d0310520c2af.internal.kr4.postgres.rds.ngovc.com] 응답시간 통계 - 최소: 9ms, 평균: 10ms, 최대: 22ms, P95: 12ms, P99: 14ms
[2026-02-23 20:45:34] [INFO] [rancher-gov.goe.go.kr] 응답시간 통계 - 최소: 9ms, 평균: 10ms, 최대: 21ms, P95: 12ms, P99: 13ms
[2026-02-23 20:46:34] [INFO] [38841fbe-5985-481c-9a6d-d0310520c2af.internal.kr4.postgres.rds.ngovc.com] (269/0/269)
[2026-02-23 20:46:34] [INFO] [rancher-gov.goe.go.kr] (269/0/269)
[2026-02-23 20:46:34] [INFO] [38841fbe-5985-481c-9a6d-d0310520c2af.internal.kr4.postgres.rds.ngovc.com] 응답시간 통계 - 최소: 9ms, 평균: 10ms, 최대: 15ms, P95: 12ms, P99: 14ms
[2026-02-23 20:46:34] [INFO] [rancher-gov.goe.go.kr] 응답시간 통계 - 최소: 9ms, 평균: 10ms, 최대: 16ms, P95: 11ms, P99: 13ms
[2026-02-23 20:47:34] [INFO] [38841fbe-5985-481c-9a6d-d0310520c2af.internal.kr4.postgres.rds.ngovc.com] (268/0/268)
[2026-02-23 20:47:34] [INFO] [rancher-gov.goe.go.kr] (268/0/268)
[2026-02-23 20:47:34] [INFO] [38841fbe-5985-481c-9a6d-d0310520c2af.internal.kr4.postgres.rds.ngovc.com] 응답시간 통계 - 최소: 9ms, 평균: 10ms, 최대: 17ms, P95: 13ms, P99: 15ms
[2026-02-23 20:47:34] [INFO] [rancher-gov.goe.go.kr] 응답시간 통계 - 최소: 9ms, 평균: 10ms, 최대: 17ms, P95: 12ms, P99: 13ms
[2026-02-23 20:48:34] [INFO] [38841fbe-5985-481c-9a6d-d0310520c2af.internal.kr4.postgres.rds.ngovc.com] (268/0/268)
[2026-02-23 20:48:34] [INFO] [38841fbe-5985-481c-9a6d-d0310520c2af.internal.kr4.postgres.rds.ngovc.com] 응답시간 통계 - 최소: 9ms, 평균: 10ms, 최대: 14ms, P95: 12ms, P99: 14ms
[2026-02-23 20:48:34] [INFO] [rancher-gov.goe.go.kr] (268/0/268)
[2026-02-23 20:48:34] [INFO] [rancher-gov.goe.go.kr] 응답시간 통계 - 최소: 9ms, 평균: 10ms, 최대: 18ms, P95: 12ms, P99: 13ms
[2026-02-23 20:49:34] [INFO] [rancher-gov.goe.go.kr] (268/0/268)
[2026-02-23 20:49:34] [INFO] [rancher-gov.goe.go.kr] 응답시간 통계 - 최소: 9ms, 평균: 10ms, 최대: 13ms, P95: 12ms, P99: 13ms
[2026-02-23 20:49:34] [INFO] [38841fbe-5985-481c-9a6d-d0310520c2af.internal.kr4.postgres.rds.ngovc.com] (268/0/268)
[2026-02-23 20:49:34] [INFO] [38841fbe-5985-481c-9a6d-d0310520c2af.internal.kr4.postgres.rds.ngovc.com] 응답시간 통계 - 최소: 9ms, 평균: 10ms, 최대: 15ms, P95: 13ms, P99: 14ms
[2026-02-23 20:50:34] [INFO] [rancher-gov.goe.go.kr] (268/0/268)
[2026-02-23 20:50:34] [INFO] [rancher-gov.goe.go.kr] 응답시간 통계 - 최소: 9ms, 평균: 10ms, 최대: 13ms, P95: 12ms, P99: 13ms
[2026-02-23 20:50:34] [INFO] [38841fbe-5985-481c-9a6d-d0310520c2af.internal.kr4.postgres.rds.ngovc.com] (268/0/268)
[2026-02-23 20:50:34] [INFO] [38841fbe-5985-481c-9a6d-d0310520c2af.internal.kr4.postgres.rds.ngovc.com] 응답시간 통계 - 최소: 9ms, 평균: 10ms, 최대: 15ms, P95: 12ms, P99: 13ms
[2026-02-23 20:51:34] [INFO] [38841fbe-5985-481c-9a6d-d0310520c2af.internal.kr4.postgres.rds.ngovc.com] (268/0/268)
[2026-02-23 20:51:34] [INFO] [rancher-gov.goe.go.kr] (268/0/268)
[2026-02-23 20:51:34] [INFO] [38841fbe-5985-481c-9a6d-d0310520c2af.internal.kr4.postgres.rds.ngovc.com] 응답시간 통계 - 최소: 9ms, 평균: 10ms, 최대: 19ms, P95: 12ms, P99: 15ms
[2026-02-23 20:51:34] [INFO] [rancher-gov.goe.go.kr] 응답시간 통계 - 최소: 9ms, 평균: 10ms, 최대: 15ms, P95: 12ms, P99: 14ms
[2026-02-23 20:52:34] [INFO] [rancher-gov.goe.go.kr] (268/0/268)
[2026-02-23 20:52:34] [INFO] [rancher-gov.goe.go.kr] 응답시간 통계 - 최소: 9ms, 평균: 10ms, 최대: 16ms, P95: 12ms, P99: 13ms
[2026-02-23 20:52:34] [INFO] [38841fbe-5985-481c-9a6d-d0310520c2af.internal.kr4.postgres.rds.ngovc.com] (268/0/268)
[2026-02-23 20:52:34] [INFO] [38841fbe-5985-481c-9a6d-d0310520c2af.internal.kr4.postgres.rds.ngovc.com] 응답시간 통계 - 최소: 9ms, 평균: 10ms, 최대: 18ms, P95: 12ms, P99: 14ms
[2026-02-23 20:53:34] [INFO] [rancher-gov.goe.go.kr] (268/0/268)
[2026-02-23 20:53:34] [INFO] [rancher-gov.goe.go.kr] 응답시간 통계 - 최소: 9ms, 평균: 10ms, 최대: 17ms, P95: 12ms, P99: 14ms
[2026-02-23 20:53:34] [INFO] [38841fbe-5985-481c-9a6d-d0310520c2af.internal.kr4.postgres.rds.ngovc.com] (268/0/268)
[2026-02-23 20:53:34] [INFO] [38841fbe-5985-481c-9a6d-d0310520c2af.internal.kr4.postgres.rds.ngovc.com] 응답시간 통계 - 최소: 9ms, 평균: 10ms, 최대: 25ms, P95: 13ms, P99: 14ms
[2026-02-23 20:54:34] [INFO] [rancher-gov.goe.go.kr] (268/0/268)
[2026-02-23 20:54:34] [INFO] [rancher-gov.goe.go.kr] 응답시간 통계 - 최소: 9ms, 평균: 10ms, 최대: 13ms, P95: 12ms, P99: 12ms
[2026-02-23 20:54:34] [INFO] [38841fbe-5985-481c-9a6d-d0310520c2af.internal.kr4.postgres.rds.ngovc.com] (268/0/268)
[2026-02-23 20:54:34] [INFO] [38841fbe-5985-481c-9a6d-d0310520c2af.internal.kr4.postgres.rds.ngovc.com] 응답시간 통계 - 최소: 9ms, 평균: 10ms, 최대: 15ms, P95: 12ms, P99: 14ms
[2026-02-23 20:55:34] [INFO] [38841fbe-5985-481c-9a6d-d0310520c2af.internal.kr4.postgres.rds.ngovc.com] (269/0/269)
[2026-02-23 20:55:34] [INFO] [rancher-gov.goe.go.kr] (269/0/269)
[2026-02-23 20:55:34] [INFO] [38841fbe-5985-481c-9a6d-d0310520c2af.internal.kr4.postgres.rds.ngovc.com] 응답시간 통계 - 최소: 9ms, 평균: 10ms, 최대: 14ms, P95: 12ms, P99: 13ms
[2026-02-23 20:55:34] [INFO] [rancher-gov.goe.go.kr] 응답시간 통계 - 최소: 9ms, 평균: 10ms, 최대: 13ms, P95: 12ms, P99: 12ms
[2026-02-23 20:56:34] [INFO] [rancher-gov.goe.go.kr] (268/0/268)
[2026-02-23 20:56:34] [INFO] [38841fbe-5985-481c-9a6d-d0310520c2af.internal.kr4.postgres.rds.ngovc.com] (268/0/268)
[2026-02-23 20:56:34] [INFO] [rancher-gov.goe.go.kr] 응답시간 통계 - 최소: 9ms, 평균: 10ms, 최대: 13ms, P95: 12ms, P99: 13ms
[2026-02-23 20:56:34] [INFO] [38841fbe-5985-481c-9a6d-d0310520c2af.internal.kr4.postgres.rds.ngovc.com] 응답시간 통계 - 최소: 8ms, 평균: 10ms, 최대: 15ms, P95: 12ms, P99: 14ms
[2026-02-23 20:57:34] [INFO] [rancher-gov.goe.go.kr] (269/0/269)
[2026-02-23 20:57:34] [INFO] [rancher-gov.goe.go.kr] 응답시간 통계 - 최소: 9ms, 평균: 10ms, 최대: 14ms, P95: 11ms, P99: 12ms
[2026-02-23 20:57:34] [INFO] [38841fbe-5985-481c-9a6d-d0310520c2af.internal.kr4.postgres.rds.ngovc.com] (269/0/269)
[2026-02-23 20:57:34] [INFO] [38841fbe-5985-481c-9a6d-d0310520c2af.internal.kr4.postgres.rds.ngovc.com] 응답시간 통계 - 최소: 9ms, 평균: 10ms, 최대: 14ms, P95: 12ms, P99: 13ms
[2026-02-23 20:58:34] [INFO] [rancher-gov.goe.go.kr] (269/0/269)
[2026-02-23 20:58:34] [INFO] [rancher-gov.goe.go.kr] 응답시간 통계 - 최소: 9ms, 평균: 10ms, 최대: 13ms, P95: 11ms, P99: 12ms
[2026-02-23 20:58:34] [INFO] [38841fbe-5985-481c-9a6d-d0310520c2af.internal.kr4.postgres.rds.ngovc.com] (269/0/269)
[2026-02-23 20:58:34] [INFO] [38841fbe-5985-481c-9a6d-d0310520c2af.internal.kr4.postgres.rds.ngovc.com] 응답시간 통계 - 최소: 9ms, 평균: 10ms, 최대: 14ms, P95: 12ms, P99: 14ms
[2026-02-23 20:59:34] [INFO] [rancher-gov.goe.go.kr] (268/0/268)
[2026-02-23 20:59:34] [INFO] [38841fbe-5985-481c-9a6d-d0310520c2af.internal.kr4.postgres.rds.ngovc.com] (268/0/268)
[2026-02-23 20:59:34] [INFO] [rancher-gov.goe.go.kr] 응답시간 통계 - 최소: 9ms, 평균: 10ms, 최대: 13ms, P95: 12ms, P99: 12ms
[2026-02-23 20:59:34] [INFO] [38841fbe-5985-481c-9a6d-d0310520c2af.internal.kr4.postgres.rds.ngovc.com] 응답시간 통계 - 최소: 9ms, 평균: 10ms, 최대: 15ms, P95: 12ms, P99: 13ms
[2026-02-23 21:00:34] [INFO] [rancher-gov.goe.go.kr] (268/0/268)
[2026-02-23 21:00:34] [INFO] [rancher-gov.goe.go.kr] 응답시간 통계 - 최소: 9ms, 평균: 10ms, 최대: 14ms, P95: 12ms, P99: 13ms
[2026-02-23 21:00:34] [INFO] [38841fbe-5985-481c-9a6d-d0310520c2af.internal.kr4.postgres.rds.ngovc.com] (268/0/268)
[2026-02-23 21:00:34] [INFO] [38841fbe-5985-481c-9a6d-d0310520c2af.internal.kr4.postgres.rds.ngovc.com] 응답시간 통계 - 최소: 9ms, 평균: 10ms, 최대: 15ms, P95: 12ms, P99: 14ms
[2026-02-23 21:01:34] [INFO] [rancher-gov.goe.go.kr] (269/0/269)
[2026-02-23 21:01:34] [INFO] [rancher-gov.goe.go.kr] 응답시간 통계 - 최소: 9ms, 평균: 10ms, 최대: 20ms, P95: 11ms, P99: 13ms
[2026-02-23 21:01:34] [INFO] [38841fbe-5985-481c-9a6d-d0310520c2af.internal.kr4.postgres.rds.ngovc.com] (269/0/269)
[2026-02-23 21:01:34] [INFO] [38841fbe-5985-481c-9a6d-d0310520c2af.internal.kr4.postgres.rds.ngovc.com] 응답시간 통계 - 최소: 9ms, 평균: 10ms, 최대: 21ms, P95: 12ms, P99: 13ms
[2026-02-23 21:02:34] [INFO] [rancher-gov.goe.go.kr] (268/0/268)
[2026-02-23 21:02:34] [INFO] [38841fbe-5985-481c-9a6d-d0310520c2af.internal.kr4.postgres.rds.ngovc.com] (268/0/268)
[2026-02-23 21:02:34] [INFO] [rancher-gov.goe.go.kr] 응답시간 통계 - 최소: 9ms, 평균: 10ms, 최대: 14ms, P95: 12ms, P99: 13ms
[2026-02-23 21:02:34] [INFO] [38841fbe-5985-481c-9a6d-d0310520c2af.internal.kr4.postgres.rds.ngovc.com] 응답시간 통계 - 최소: 9ms, 평균: 10ms, 최대: 15ms, P95: 12ms, P99: 13ms
[2026-02-23 21:03:34] [INFO] [rancher-gov.goe.go.kr] (268/0/268)
[2026-02-23 21:03:34] [INFO] [38841fbe-5985-481c-9a6d-d0310520c2af.internal.kr4.postgres.rds.ngovc.com] (268/0/268)
[2026-02-23 21:03:34] [INFO] [38841fbe-5985-481c-9a6d-d0310520c2af.internal.kr4.postgres.rds.ngovc.com] 응답시간 통계 - 최소: 9ms, 평균: 10ms, 최대: 14ms, P95: 12ms, P99: 13ms
[2026-02-23 21:03:34] [INFO] [rancher-gov.goe.go.kr] 응답시간 통계 - 최소: 9ms, 평균: 10ms, 최대: 14ms, P95: 12ms, P99: 12ms
[2026-02-23 21:04:34] [INFO] [38841fbe-5985-481c-9a6d-d0310520c2af.internal.kr4.postgres.rds.ngovc.com] (268/0/268)
[2026-02-23 21:04:34] [INFO] [38841fbe-5985-481c-9a6d-d0310520c2af.internal.kr4.postgres.rds.ngovc.com] 응답시간 통계 - 최소: 9ms, 평균: 10ms, 최대: 15ms, P95: 12ms, P99: 14ms
[2026-02-23 21:04:34] [INFO] [rancher-gov.goe.go.kr] (268/0/268)
[2026-02-23 21:04:34] [INFO] [rancher-gov.goe.go.kr] 응답시간 통계 - 최소: 9ms, 평균: 10ms, 최대: 14ms, P95: 12ms, P99: 13ms
[2026-02-23 21:05:34] [INFO] [rancher-gov.goe.go.kr] (268/0/268)
[2026-02-23 21:05:34] [INFO] [rancher-gov.goe.go.kr] 응답시간 통계 - 최소: 9ms, 평균: 10ms, 최대: 14ms, P95: 12ms, P99: 13ms
[2026-02-23 21:05:34] [INFO] [38841fbe-5985-481c-9a6d-d0310520c2af.internal.kr4.postgres.rds.ngovc.com] (268/0/268)
[2026-02-23 21:05:34] [INFO] [38841fbe-5985-481c-9a6d-d0310520c2af.internal.kr4.postgres.rds.ngovc.com] 응답시간 통계 - 최소: 9ms, 평균: 10ms, 최대: 15ms, P95: 12ms, P99: 14ms
[2026-02-23 21:06:34] [INFO] [38841fbe-5985-481c-9a6d-d0310520c2af.internal.kr4.postgres.rds.ngovc.com] (268/0/268)
[2026-02-23 21:06:34] [INFO] [rancher-gov.goe.go.kr] (268/0/268)
[2026-02-23 21:06:34] [INFO] [38841fbe-5985-481c-9a6d-d0310520c2af.internal.kr4.postgres.rds.ngovc.com] 응답시간 통계 - 최소: 9ms, 평균: 10ms, 최대: 15ms, P95: 12ms, P99: 13ms
[2026-02-23 21:06:34] [INFO] [rancher-gov.goe.go.kr] 응답시간 통계 - 최소: 9ms, 평균: 10ms, 최대: 14ms, P95: 12ms, P99: 13ms
[2026-02-23 21:07:34] [INFO] [38841fbe-5985-481c-9a6d-d0310520c2af.internal.kr4.postgres.rds.ngovc.com] (269/0/269)
[2026-02-23 21:07:34] [INFO] [38841fbe-5985-481c-9a6d-d0310520c2af.internal.kr4.postgres.rds.ngovc.com] 응답시간 통계 - 최소: 9ms, 평균: 10ms, 최대: 15ms, P95: 12ms, P99: 13ms
[2026-02-23 21:07:34] [INFO] [rancher-gov.goe.go.kr] (269/0/269)
[2026-02-23 21:07:34] [INFO] [rancher-gov.goe.go.kr] 응답시간 통계 - 최소: 9ms, 평균: 10ms, 최대: 14ms, P95: 12ms, P99: 13ms
[2026-02-23 21:08:34] [INFO] [rancher-gov.goe.go.kr] (268/0/268)
[2026-02-23 21:08:34] [INFO] [38841fbe-5985-481c-9a6d-d0310520c2af.internal.kr4.postgres.rds.ngovc.com] (268/0/268)
[2026-02-23 21:08:34] [INFO] [rancher-gov.goe.go.kr] 응답시간 통계 - 최소: 9ms, 평균: 10ms, 최대: 15ms, P95: 12ms, P99: 13ms
[2026-02-23 21:08:34] [INFO] [38841fbe-5985-481c-9a6d-d0310520c2af.internal.kr4.postgres.rds.ngovc.com] 응답시간 통계 - 최소: 9ms, 평균: 10ms, 최대: 15ms, P95: 12ms, P99: 14ms
[2026-02-23 21:09:34] [INFO] [rancher-gov.goe.go.kr] (268/0/268)
[2026-02-23 21:09:34] [INFO] [38841fbe-5985-481c-9a6d-d0310520c2af.internal.kr4.postgres.rds.ngovc.com] (268/0/268)
[2026-02-23 21:09:34] [INFO] [38841fbe-5985-481c-9a6d-d0310520c2af.internal.kr4.postgres.rds.ngovc.com] 응답시간 통계 - 최소: 8ms, 평균: 10ms, 최대: 15ms, P95: 12ms, P99: 13ms
[2026-02-23 21:09:34] [INFO] [rancher-gov.goe.go.kr] 응답시간 통계 - 최소: 9ms, 평균: 10ms, 최대: 17ms, P95: 12ms, P99: 12ms
[2026-02-23 21:10:34] [INFO] [rancher-gov.goe.go.kr] (267/0/267)
[2026-02-23 21:10:34] [INFO] [38841fbe-5985-481c-9a6d-d0310520c2af.internal.kr4.postgres.rds.ngovc.com] (267/0/267)
[2026-02-23 21:10:34] [INFO] [rancher-gov.goe.go.kr] 응답시간 통계 - 최소: 9ms, 평균: 10ms, 최대: 14ms, P95: 11ms, P99: 12ms
[2026-02-23 21:10:34] [INFO] [38841fbe-5985-481c-9a6d-d0310520c2af.internal.kr4.postgres.rds.ngovc.com] 응답시간 통계 - 최소: 9ms, 평균: 10ms, 최대: 16ms, P95: 12ms, P99: 14ms
[2026-02-23 21:11:34] [INFO] [rancher-gov.goe.go.kr] (269/0/269)
[2026-02-23 21:11:34] [INFO] [38841fbe-5985-481c-9a6d-d0310520c2af.internal.kr4.postgres.rds.ngovc.com] (269/0/269)
[2026-02-23 21:11:34] [INFO] [rancher-gov.goe.go.kr] 응답시간 통계 - 최소: 9ms, 평균: 10ms, 최대: 21ms, P95: 12ms, P99: 13ms
[2026-02-23 21:11:34] [INFO] [38841fbe-5985-481c-9a6d-d0310520c2af.internal.kr4.postgres.rds.ngovc.com] 응답시간 통계 - 최소: 8ms, 평균: 10ms, 최대: 20ms, P95: 12ms, P99: 13ms
[2026-02-23 21:12:34] [INFO] [38841fbe-5985-481c-9a6d-d0310520c2af.internal.kr4.postgres.rds.ngovc.com] (268/0/268)
[2026-02-23 21:12:34] [INFO] [rancher-gov.goe.go.kr] (268/0/268)
[2026-02-23 21:12:34] [INFO] [38841fbe-5985-481c-9a6d-d0310520c2af.internal.kr4.postgres.rds.ngovc.com] 응답시간 통계 - 최소: 9ms, 평균: 10ms, 최대: 16ms, P95: 12ms, P99: 13ms
[2026-02-23 21:12:34] [INFO] [rancher-gov.goe.go.kr] 응답시간 통계 - 최소: 9ms, 평균: 10ms, 최대: 15ms, P95: 12ms, P99: 12ms
[2026-02-23 21:13:34] [INFO] [rancher-gov.goe.go.kr] (268/0/268)
[2026-02-23 21:13:34] [INFO] [38841fbe-5985-481c-9a6d-d0310520c2af.internal.kr4.postgres.rds.ngovc.com] (268/0/268)
[2026-02-23 21:13:34] [INFO] [rancher-gov.goe.go.kr] 응답시간 통계 - 최소: 9ms, 평균: 10ms, 최대: 17ms, P95: 12ms, P99: 12ms
[2026-02-23 21:13:34] [INFO] [38841fbe-5985-481c-9a6d-d0310520c2af.internal.kr4.postgres.rds.ngovc.com] 응답시간 통계 - 최소: 9ms, 평균: 10ms, 최대: 14ms, P95: 12ms, P99: 14ms
[2026-02-23 21:14:34] [INFO] [rancher-gov.goe.go.kr] (268/0/268)
[2026-02-23 21:14:34] [INFO] [38841fbe-5985-481c-9a6d-d0310520c2af.internal.kr4.postgres.rds.ngovc.com] (268/0/268)
[2026-02-23 21:14:34] [INFO] [rancher-gov.goe.go.kr] 응답시간 통계 - 최소: 9ms, 평균: 10ms, 최대: 18ms, P95: 11ms, P99: 13ms
[2026-02-23 21:14:34] [INFO] [38841fbe-5985-481c-9a6d-d0310520c2af.internal.kr4.postgres.rds.ngovc.com] 응답시간 통계 - 최소: 9ms, 평균: 10ms, 최대: 15ms, P95: 12ms, P99: 13ms
[2026-02-23 21:15:34] [INFO] [rancher-gov.goe.go.kr] (268/0/268)
[2026-02-23 21:15:34] [INFO] [38841fbe-5985-481c-9a6d-d0310520c2af.internal.kr4.postgres.rds.ngovc.com] (268/0/268)
[2026-02-23 21:15:34] [INFO] [rancher-gov.goe.go.kr] 응답시간 통계 - 최소: 9ms, 평균: 10ms, 최대: 14ms, P95: 12ms, P99: 13ms
[2026-02-23 21:15:34] [INFO] [38841fbe-5985-481c-9a6d-d0310520c2af.internal.kr4.postgres.rds.ngovc.com] 응답시간 통계 - 최소: 9ms, 평균: 10ms, 최대: 15ms, P95: 13ms, P99: 14ms
[2026-02-23 21:16:34] [INFO] [38841fbe-5985-481c-9a6d-d0310520c2af.internal.kr4.postgres.rds.ngovc.com] (267/0/267)
[2026-02-23 21:16:34] [INFO] [rancher-gov.goe.go.kr] (267/0/267)
[2026-02-23 21:16:34] [INFO] [38841fbe-5985-481c-9a6d-d0310520c2af.internal.kr4.postgres.rds.ngovc.com] 응답시간 통계 - 최소: 9ms, 평균: 10ms, 최대: 18ms, P95: 12ms, P99: 14ms
[2026-02-23 21:16:34] [INFO] [rancher-gov.goe.go.kr] 응답시간 통계 - 최소: 9ms, 평균: 10ms, 최대: 15ms, P95: 11ms, P99: 13ms
[2026-02-23 21:17:34] [INFO] [38841fbe-5985-481c-9a6d-d0310520c2af.internal.kr4.postgres.rds.ngovc.com] (269/0/269)
[2026-02-23 21:17:34] [INFO] [rancher-gov.goe.go.kr] (269/0/269)
[2026-02-23 21:17:34] [INFO] [38841fbe-5985-481c-9a6d-d0310520c2af.internal.kr4.postgres.rds.ngovc.com] 응답시간 통계 - 최소: 9ms, 평균: 10ms, 최대: 14ms, P95: 12ms, P99: 13ms
[2026-02-23 21:17:34] [INFO] [rancher-gov.goe.go.kr] 응답시간 통계 - 최소: 9ms, 평균: 10ms, 최대: 17ms, P95: 12ms, P99: 12ms
[2026-02-23 21:18:34] [INFO] [38841fbe-5985-481c-9a6d-d0310520c2af.internal.kr4.postgres.rds.ngovc.com] (267/0/267)
[2026-02-23 21:18:34] [INFO] [38841fbe-5985-481c-9a6d-d0310520c2af.internal.kr4.postgres.rds.ngovc.com] 응답시간 통계 - 최소: 9ms, 평균: 10ms, 최대: 15ms, P95: 12ms, P99: 14ms
[2026-02-23 21:18:34] [INFO] [rancher-gov.goe.go.kr] (267/0/267)
[2026-02-23 21:18:34] [INFO] [rancher-gov.goe.go.kr] 응답시간 통계 - 최소: 9ms, 평균: 10ms, 최대: 14ms, P95: 12ms, P99: 13ms
[2026-02-23 21:19:34] [INFO] [rancher-gov.goe.go.kr] (269/0/269)
[2026-02-23 21:19:34] [INFO] [38841fbe-5985-481c-9a6d-d0310520c2af.internal.kr4.postgres.rds.ngovc.com] (269/0/269)
[2026-02-23 21:19:34] [INFO] [rancher-gov.goe.go.kr] 응답시간 통계 - 최소: 9ms, 평균: 10ms, 최대: 13ms, P95: 12ms, P99: 13ms
[2026-02-23 21:19:34] [INFO] [38841fbe-5985-481c-9a6d-d0310520c2af.internal.kr4.postgres.rds.ngovc.com] 응답시간 통계 - 최소: 9ms, 평균: 10ms, 최대: 15ms, P95: 12ms, P99: 13ms
[2026-02-23 21:20:34] [INFO] [rancher-gov.goe.go.kr] (269/0/269)
[2026-02-23 21:20:34] [INFO] [38841fbe-5985-481c-9a6d-d0310520c2af.internal.kr4.postgres.rds.ngovc.com] (269/0/269)
[2026-02-23 21:20:34] [INFO] [rancher-gov.goe.go.kr] 응답시간 통계 - 최소: 9ms, 평균: 10ms, 최대: 13ms, P95: 12ms, P99: 12ms
[2026-02-23 21:20:34] [INFO] [38841fbe-5985-481c-9a6d-d0310520c2af.internal.kr4.postgres.rds.ngovc.com] 응답시간 통계 - 최소: 9ms, 평균: 10ms, 최대: 15ms, P95: 12ms, P99: 13ms
[2026-02-23 21:21:34] [INFO] [rancher-gov.goe.go.kr] (269/0/269)
[2026-02-23 21:21:34] [INFO] [38841fbe-5985-481c-9a6d-d0310520c2af.internal.kr4.postgres.rds.ngovc.com] (269/0/269)
[2026-02-23 21:21:34] [INFO] [rancher-gov.goe.go.kr] 응답시간 통계 - 최소: 9ms, 평균: 10ms, 최대: 13ms, P95: 11ms, P99: 13ms
[2026-02-23 21:21:34] [INFO] [38841fbe-5985-481c-9a6d-d0310520c2af.internal.kr4.postgres.rds.ngovc.com] 응답시간 통계 - 최소: 9ms, 평균: 10ms, 최대: 14ms, P95: 12ms, P99: 13ms
[2026-02-23 21:22:34] [INFO] [38841fbe-5985-481c-9a6d-d0310520c2af.internal.kr4.postgres.rds.ngovc.com] (268/0/268)
[2026-02-23 21:22:34] [INFO] [38841fbe-5985-481c-9a6d-d0310520c2af.internal.kr4.postgres.rds.ngovc.com] 응답시간 통계 - 최소: 9ms, 평균: 10ms, 최대: 16ms, P95: 12ms, P99: 14ms
[2026-02-23 21:22:34] [INFO] [rancher-gov.goe.go.kr] (268/0/268)
[2026-02-23 21:22:34] [INFO] [rancher-gov.goe.go.kr] 응답시간 통계 - 최소: 9ms, 평균: 10ms, 최대: 15ms, P95: 12ms, P99: 13ms
[2026-02-23 21:23:34] [INFO] [38841fbe-5985-481c-9a6d-d0310520c2af.internal.kr4.postgres.rds.ngovc.com] (268/0/268)
[2026-02-23 21:23:34] [INFO] [rancher-gov.goe.go.kr] (268/0/268)
[2026-02-23 21:23:34] [INFO] [38841fbe-5985-481c-9a6d-d0310520c2af.internal.kr4.postgres.rds.ngovc.com] 응답시간 통계 - 최소: 8ms, 평균: 10ms, 최대: 18ms, P95: 12ms, P99: 13ms
[2026-02-23 21:23:34] [INFO] [rancher-gov.goe.go.kr] 응답시간 통계 - 최소: 9ms, 평균: 10ms, 최대: 18ms, P95: 11ms, P99: 12ms
[2026-02-23 21:24:34] [INFO] [38841fbe-5985-481c-9a6d-d0310520c2af.internal.kr4.postgres.rds.ngovc.com] (268/0/268)
[2026-02-23 21:24:34] [INFO] [rancher-gov.goe.go.kr] (268/0/268)
[2026-02-23 21:24:34] [INFO] [38841fbe-5985-481c-9a6d-d0310520c2af.internal.kr4.postgres.rds.ngovc.com] 응답시간 통계 - 최소: 9ms, 평균: 10ms, 최대: 14ms, P95: 12ms, P99: 13ms
[2026-02-23 21:24:34] [INFO] [rancher-gov.goe.go.kr] 응답시간 통계 - 최소: 9ms, 평균: 10ms, 최대: 13ms, P95: 12ms, P99: 12ms
[2026-02-23 21:25:34] [INFO] [rancher-gov.goe.go.kr] (267/0/267)
[2026-02-23 21:25:34] [INFO] [rancher-gov.goe.go.kr] 응답시간 통계 - 최소: 9ms, 평균: 10ms, 최대: 15ms, P95: 12ms, P99: 14ms
[2026-02-23 21:25:34] [INFO] [38841fbe-5985-481c-9a6d-d0310520c2af.internal.kr4.postgres.rds.ngovc.com] (267/0/267)
[2026-02-23 21:25:34] [INFO] [38841fbe-5985-481c-9a6d-d0310520c2af.internal.kr4.postgres.rds.ngovc.com] 응답시간 통계 - 최소: 9ms, 평균: 10ms, 최대: 16ms, P95: 13ms, P99: 14ms
[2026-02-23 21:26:34] [INFO] [rancher-gov.goe.go.kr] (269/0/269)
[2026-02-23 21:26:34] [INFO] [38841fbe-5985-481c-9a6d-d0310520c2af.internal.kr4.postgres.rds.ngovc.com] (269/0/269)
[2026-02-23 21:26:34] [INFO] [rancher-gov.goe.go.kr] 응답시간 통계 - 최소: 9ms, 평균: 10ms, 최대: 14ms, P95: 11ms, P99: 12ms
[2026-02-23 21:26:34] [INFO] [38841fbe-5985-481c-9a6d-d0310520c2af.internal.kr4.postgres.rds.ngovc.com] 응답시간 통계 - 최소: 9ms, 평균: 10ms, 최대: 14ms, P95: 12ms, P99: 13ms
[2026-02-23 21:27:34] [INFO] [rancher-gov.goe.go.kr] (268/0/268)
[2026-02-23 21:27:34] [INFO] [38841fbe-5985-481c-9a6d-d0310520c2af.internal.kr4.postgres.rds.ngovc.com] (268/0/268)
[2026-02-23 21:27:34] [INFO] [rancher-gov.goe.go.kr] 응답시간 통계 - 최소: 9ms, 평균: 10ms, 최대: 14ms, P95: 11ms, P99: 12ms
[2026-02-23 21:27:34] [INFO] [38841fbe-5985-481c-9a6d-d0310520c2af.internal.kr4.postgres.rds.ngovc.com] 응답시간 통계 - 최소: 9ms, 평균: 10ms, 최대: 16ms, P95: 12ms, P99: 13ms
[2026-02-23 21:28:34] [INFO] [38841fbe-5985-481c-9a6d-d0310520c2af.internal.kr4.postgres.rds.ngovc.com] (267/0/267)
[2026-02-23 21:28:34] [INFO] [rancher-gov.goe.go.kr] (267/0/267)
[2026-02-23 21:28:34] [INFO] [rancher-gov.goe.go.kr] 응답시간 통계 - 최소: 9ms, 평균: 10ms, 최대: 16ms, P95: 12ms, P99: 14ms
[2026-02-23 21:28:34] [INFO] [38841fbe-5985-481c-9a6d-d0310520c2af.internal.kr4.postgres.rds.ngovc.com] 응답시간 통계 - 최소: 9ms, 평균: 10ms, 최대: 16ms, P95: 13ms, P99: 14ms
[2026-02-23 21:29:34] [INFO] [38841fbe-5985-481c-9a6d-d0310520c2af.internal.kr4.postgres.rds.ngovc.com] (268/0/268)
[2026-02-23 21:29:34] [INFO] [rancher-gov.goe.go.kr] (268/0/268)
[2026-02-23 21:29:34] [INFO] [38841fbe-5985-481c-9a6d-d0310520c2af.internal.kr4.postgres.rds.ngovc.com] 응답시간 통계 - 최소: 9ms, 평균: 10ms, 최대: 17ms, P95: 12ms, P99: 13ms
[2026-02-23 21:29:34] [INFO] [rancher-gov.goe.go.kr] 응답시간 통계 - 최소: 9ms, 평균: 10ms, 최대: 13ms, P95: 12ms, P99: 12ms
[2026-02-23 21:30:34] [INFO] [rancher-gov.goe.go.kr] (269/0/269)
[2026-02-23 21:30:34] [INFO] [rancher-gov.goe.go.kr] 응답시간 통계 - 최소: 9ms, 평균: 10ms, 최대: 16ms, P95: 11ms, P99: 13ms
[2026-02-23 21:30:34] [INFO] [38841fbe-5985-481c-9a6d-d0310520c2af.internal.kr4.postgres.rds.ngovc.com] (269/0/269)
[2026-02-23 21:30:34] [INFO] [38841fbe-5985-481c-9a6d-d0310520c2af.internal.kr4.postgres.rds.ngovc.com] 응답시간 통계 - 최소: 9ms, 평균: 10ms, 최대: 17ms, P95: 12ms, P99: 13ms
[2026-02-23 21:31:34] [INFO] [38841fbe-5985-481c-9a6d-d0310520c2af.internal.kr4.postgres.rds.ngovc.com] (269/0/269)
[2026-02-23 21:31:34] [INFO] [rancher-gov.goe.go.kr] (269/0/269)
[2026-02-23 21:31:34] [INFO] [38841fbe-5985-481c-9a6d-d0310520c2af.internal.kr4.postgres.rds.ngovc.com] 응답시간 통계 - 최소: 9ms, 평균: 10ms, 최대: 17ms, P95: 12ms, P99: 13ms
[2026-02-23 21:31:34] [INFO] [rancher-gov.goe.go.kr] 응답시간 통계 - 최소: 9ms, 평균: 10ms, 최대: 13ms, P95: 11ms, P99: 12ms
[2026-02-23 21:32:34] [INFO] [38841fbe-5985-481c-9a6d-d0310520c2af.internal.kr4.postgres.rds.ngovc.com] (270/0/270)
[2026-02-23 21:32:34] [INFO] [rancher-gov.goe.go.kr] (270/0/270)
[2026-02-23 21:32:34] [INFO] [38841fbe-5985-481c-9a6d-d0310520c2af.internal.kr4.postgres.rds.ngovc.com] 응답시간 통계 - 최소: 9ms, 평균: 10ms, 최대: 15ms, P95: 12ms, P99: 13ms
[2026-02-23 21:32:34] [INFO] [rancher-gov.goe.go.kr] 응답시간 통계 - 최소: 9ms, 평균: 10ms, 최대: 14ms, P95: 11ms, P99: 13ms
[2026-02-23 21:33:34] [INFO] [rancher-gov.goe.go.kr] (267/0/267)
[2026-02-23 21:33:34] [INFO] [38841fbe-5985-481c-9a6d-d0310520c2af.internal.kr4.postgres.rds.ngovc.com] (267/0/267)
[2026-02-23 21:33:34] [INFO] [rancher-gov.goe.go.kr] 응답시간 통계 - 최소: 9ms, 평균: 10ms, 최대: 14ms, P95: 12ms, P99: 13ms
[2026-02-23 21:33:34] [INFO] [38841fbe-5985-481c-9a6d-d0310520c2af.internal.kr4.postgres.rds.ngovc.com] 응답시간 통계 - 최소: 9ms, 평균: 10ms, 최대: 15ms, P95: 12ms, P99: 14ms
[2026-02-23 21:34:34] [INFO] [rancher-gov.goe.go.kr] (269/0/269)
[2026-02-23 21:34:34] [INFO] [rancher-gov.goe.go.kr] 응답시간 통계 - 최소: 9ms, 평균: 10ms, 최대: 15ms, P95: 11ms, P99: 13ms
[2026-02-23 21:34:34] [INFO] [38841fbe-5985-481c-9a6d-d0310520c2af.internal.kr4.postgres.rds.ngovc.com] (269/0/269)
[2026-02-23 21:34:34] [INFO] [38841fbe-5985-481c-9a6d-d0310520c2af.internal.kr4.postgres.rds.ngovc.com] 응답시간 통계 - 최소: 9ms, 평균: 10ms, 최대: 15ms, P95: 12ms, P99: 13ms
[2026-02-23 21:35:34] [INFO] [rancher-gov.goe.go.kr] (268/0/268)
[2026-02-23 21:35:34] [INFO] [38841fbe-5985-481c-9a6d-d0310520c2af.internal.kr4.postgres.rds.ngovc.com] (268/0/268)
[2026-02-23 21:35:34] [INFO] [rancher-gov.goe.go.kr] 응답시간 통계 - 최소: 9ms, 평균: 10ms, 최대: 13ms, P95: 12ms, P99: 13ms
[2026-02-23 21:35:34] [INFO] [38841fbe-5985-481c-9a6d-d0310520c2af.internal.kr4.postgres.rds.ngovc.com] 응답시간 통계 - 최소: 9ms, 평균: 10ms, 최대: 14ms, P95: 12ms, P99: 13ms
[2026-02-23 21:36:34] [INFO] [38841fbe-5985-481c-9a6d-d0310520c2af.internal.kr4.postgres.rds.ngovc.com] (269/0/269)
[2026-02-23 21:36:34] [INFO] [rancher-gov.goe.go.kr] (269/0/269)
[2026-02-23 21:36:34] [INFO] [38841fbe-5985-481c-9a6d-d0310520c2af.internal.kr4.postgres.rds.ngovc.com] 응답시간 통계 - 최소: 9ms, 평균: 10ms, 최대: 15ms, P95: 12ms, P99: 14ms
[2026-02-23 21:36:34] [INFO] [rancher-gov.goe.go.kr] 응답시간 통계 - 최소: 9ms, 평균: 10ms, 최대: 13ms, P95: 12ms, P99: 12ms
[2026-02-23 21:37:34] [INFO] [rancher-gov.goe.go.kr] (269/0/269)
[2026-02-23 21:37:34] [INFO] [38841fbe-5985-481c-9a6d-d0310520c2af.internal.kr4.postgres.rds.ngovc.com] (269/0/269)
[2026-02-23 21:37:34] [INFO] [rancher-gov.goe.go.kr] 응답시간 통계 - 최소: 9ms, 평균: 10ms, 최대: 13ms, P95: 11ms, P99: 12ms
[2026-02-23 21:37:34] [INFO] [38841fbe-5985-481c-9a6d-d0310520c2af.internal.kr4.postgres.rds.ngovc.com] 응답시간 통계 - 최소: 9ms, 평균: 10ms, 최대: 15ms, P95: 12ms, P99: 13ms
[2026-02-23 21:38:34] [INFO] [38841fbe-5985-481c-9a6d-d0310520c2af.internal.kr4.postgres.rds.ngovc.com] (269/0/269)
[2026-02-23 21:38:34] [INFO] [rancher-gov.goe.go.kr] (269/0/269)
[2026-02-23 21:38:34] [INFO] [38841fbe-5985-481c-9a6d-d0310520c2af.internal.kr4.postgres.rds.ngovc.com] 응답시간 통계 - 최소: 9ms, 평균: 10ms, 최대: 19ms, P95: 12ms, P99: 13ms
[2026-02-23 21:38:34] [INFO] [rancher-gov.goe.go.kr] 응답시간 통계 - 최소: 9ms, 평균: 10ms, 최대: 13ms, P95: 11ms, P99: 12ms
[2026-02-23 21:39:34] [INFO] [rancher-gov.goe.go.kr] (269/0/269)
[2026-02-23 21:39:34] [INFO] [38841fbe-5985-481c-9a6d-d0310520c2af.internal.kr4.postgres.rds.ngovc.com] (269/0/269)
[2026-02-23 21:39:34] [INFO] [rancher-gov.goe.go.kr] 응답시간 통계 - 최소: 9ms, 평균: 10ms, 최대: 13ms, P95: 12ms, P99: 12ms
[2026-02-23 21:39:34] [INFO] [38841fbe-5985-481c-9a6d-d0310520c2af.internal.kr4.postgres.rds.ngovc.com] 응답시간 통계 - 최소: 9ms, 평균: 10ms, 최대: 14ms, P95: 12ms, P99: 13ms
[2026-02-23 21:40:34] [INFO] [rancher-gov.goe.go.kr] (268/0/268)
[2026-02-23 21:40:34] [INFO] [rancher-gov.goe.go.kr] 응답시간 통계 - 최소: 9ms, 평균: 10ms, 최대: 18ms, P95: 12ms, P99: 13ms
[2026-02-23 21:40:34] [INFO] [38841fbe-5985-481c-9a6d-d0310520c2af.internal.kr4.postgres.rds.ngovc.com] (268/0/268)
[2026-02-23 21:40:34] [INFO] [38841fbe-5985-481c-9a6d-d0310520c2af.internal.kr4.postgres.rds.ngovc.com] 응답시간 통계 - 최소: 9ms, 평균: 10ms, 최대: 14ms, P95: 12ms, P99: 13ms
[2026-02-23 21:41:34] [INFO] [38841fbe-5985-481c-9a6d-d0310520c2af.internal.kr4.postgres.rds.ngovc.com] (268/0/268)
[2026-02-23 21:41:34] [INFO] [rancher-gov.goe.go.kr] (268/0/268)
[2026-02-23 21:41:34] [INFO] [38841fbe-5985-481c-9a6d-d0310520c2af.internal.kr4.postgres.rds.ngovc.com] 응답시간 통계 - 최소: 9ms, 평균: 10ms, 최대: 15ms, P95: 12ms, P99: 13ms
[2026-02-23 21:41:34] [INFO] [rancher-gov.goe.go.kr] 응답시간 통계 - 최소: 9ms, 평균: 10ms, 최대: 14ms, P95: 12ms, P99: 13ms
[2026-02-23 21:42:34] [INFO] [38841fbe-5985-481c-9a6d-d0310520c2af.internal.kr4.postgres.rds.ngovc.com] (268/0/268)
[2026-02-23 21:42:34] [INFO] [rancher-gov.goe.go.kr] (268/0/268)
[2026-02-23 21:42:34] [INFO] [38841fbe-5985-481c-9a6d-d0310520c2af.internal.kr4.postgres.rds.ngovc.com] 응답시간 통계 - 최소: 9ms, 평균: 10ms, 최대: 15ms, P95: 13ms, P99: 14ms
[2026-02-23 21:42:34] [INFO] [rancher-gov.goe.go.kr] 응답시간 통계 - 최소: 9ms, 평균: 10ms, 최대: 14ms, P95: 12ms, P99: 13ms
[2026-02-23 21:43:34] [INFO] [rancher-gov.goe.go.kr] (268/0/268)
[2026-02-23 21:43:34] [INFO] [38841fbe-5985-481c-9a6d-d0310520c2af.internal.kr4.postgres.rds.ngovc.com] (268/0/268)
[2026-02-23 21:43:34] [INFO] [rancher-gov.goe.go.kr] 응답시간 통계 - 최소: 9ms, 평균: 10ms, 최대: 13ms, P95: 11ms, P99: 12ms
[2026-02-23 21:43:34] [INFO] [38841fbe-5985-481c-9a6d-d0310520c2af.internal.kr4.postgres.rds.ngovc.com] 응답시간 통계 - 최소: 9ms, 평균: 10ms, 최대: 17ms, P95: 12ms, P99: 13ms
[2026-02-23 21:44:34] [INFO] [38841fbe-5985-481c-9a6d-d0310520c2af.internal.kr4.postgres.rds.ngovc.com] (269/0/269)
[2026-02-23 21:44:34] [INFO] [rancher-gov.goe.go.kr] (269/0/269)
[2026-02-23 21:44:34] [INFO] [38841fbe-5985-481c-9a6d-d0310520c2af.internal.kr4.postgres.rds.ngovc.com] 응답시간 통계 - 최소: 9ms, 평균: 10ms, 최대: 14ms, P95: 12ms, P99: 13ms
[2026-02-23 21:44:34] [INFO] [rancher-gov.goe.go.kr] 응답시간 통계 - 최소: 9ms, 평균: 10ms, 최대: 15ms, P95: 11ms, P99: 12ms
[2026-02-23 21:45:34] [INFO] [rancher-gov.goe.go.kr] (268/0/268)
[2026-02-23 21:45:34] [INFO] [38841fbe-5985-481c-9a6d-d0310520c2af.internal.kr4.postgres.rds.ngovc.com] (268/0/268)
[2026-02-23 21:45:34] [INFO] [rancher-gov.goe.go.kr] 응답시간 통계 - 최소: 9ms, 평균: 10ms, 최대: 14ms, P95: 12ms, P99: 13ms
[2026-02-23 21:45:34] [INFO] [38841fbe-5985-481c-9a6d-d0310520c2af.internal.kr4.postgres.rds.ngovc.com] 응답시간 통계 - 최소: 8ms, 평균: 10ms, 최대: 14ms, P95: 12ms, P99: 14ms
[2026-02-23 21:46:34] [INFO] [38841fbe-5985-481c-9a6d-d0310520c2af.internal.kr4.postgres.rds.ngovc.com] (267/0/267)
[2026-02-23 21:46:34] [INFO] [rancher-gov.goe.go.kr] (267/0/267)
[2026-02-23 21:46:34] [INFO] [38841fbe-5985-481c-9a6d-d0310520c2af.internal.kr4.postgres.rds.ngovc.com] 응답시간 통계 - 최소: 9ms, 평균: 10ms, 최대: 14ms, P95: 12ms, P99: 14ms
[2026-02-23 21:46:34] [INFO] [rancher-gov.goe.go.kr] 응답시간 통계 - 최소: 9ms, 평균: 10ms, 최대: 14ms, P95: 12ms, P99: 13ms
[2026-02-23 21:47:34] [INFO] [38841fbe-5985-481c-9a6d-d0310520c2af.internal.kr4.postgres.rds.ngovc.com] (268/0/268)
[2026-02-23 21:47:34] [INFO] [rancher-gov.goe.go.kr] (268/0/268)
[2026-02-23 21:47:34] [INFO] [38841fbe-5985-481c-9a6d-d0310520c2af.internal.kr4.postgres.rds.ngovc.com] 응답시간 통계 - 최소: 9ms, 평균: 10ms, 최대: 19ms, P95: 13ms, P99: 14ms
[2026-02-23 21:47:34] [INFO] [rancher-gov.goe.go.kr] 응답시간 통계 - 최소: 9ms, 평균: 10ms, 최대: 14ms, P95: 11ms, P99: 12ms
[2026-02-23 21:48:34] [INFO] [38841fbe-5985-481c-9a6d-d0310520c2af.internal.kr4.postgres.rds.ngovc.com] (268/0/268)
[2026-02-23 21:48:34] [INFO] [rancher-gov.goe.go.kr] (268/0/268)
[2026-02-23 21:48:34] [INFO] [38841fbe-5985-481c-9a6d-d0310520c2af.internal.kr4.postgres.rds.ngovc.com] 응답시간 통계 - 최소: 9ms, 평균: 10ms, 최대: 14ms, P95: 12ms, P99: 14ms
[2026-02-23 21:48:34] [INFO] [rancher-gov.goe.go.kr] 응답시간 통계 - 최소: 9ms, 평균: 10ms, 최대: 15ms, P95: 11ms, P99: 12ms
[2026-02-23 21:49:34] [INFO] [rancher-gov.goe.go.kr] (268/0/268)
[2026-02-23 21:49:34] [INFO] [rancher-gov.goe.go.kr] 응답시간 통계 - 최소: 9ms, 평균: 10ms, 최대: 14ms, P95: 12ms, P99: 13ms
[2026-02-23 21:49:34] [INFO] [38841fbe-5985-481c-9a6d-d0310520c2af.internal.kr4.postgres.rds.ngovc.com] (268/0/268)
[2026-02-23 21:49:34] [INFO] [38841fbe-5985-481c-9a6d-d0310520c2af.internal.kr4.postgres.rds.ngovc.com] 응답시간 통계 - 최소: 9ms, 평균: 10ms, 최대: 15ms, P95: 12ms, P99: 13ms
[2026-02-23 21:50:34] [INFO] [rancher-gov.goe.go.kr] (270/0/270)
[2026-02-23 21:50:34] [INFO] [38841fbe-5985-481c-9a6d-d0310520c2af.internal.kr4.postgres.rds.ngovc.com] (270/0/270)
[2026-02-23 21:50:34] [INFO] [rancher-gov.goe.go.kr] 응답시간 통계 - 최소: 9ms, 평균: 10ms, 최대: 16ms, P95: 12ms, P99: 13ms
[2026-02-23 21:50:34] [INFO] [38841fbe-5985-481c-9a6d-d0310520c2af.internal.kr4.postgres.rds.ngovc.com] 응답시간 통계 - 최소: 9ms, 평균: 10ms, 최대: 15ms, P95: 12ms, P99: 13ms
[2026-02-23 21:51:34] [INFO] [38841fbe-5985-481c-9a6d-d0310520c2af.internal.kr4.postgres.rds.ngovc.com] (269/0/269)
[2026-02-23 21:51:34] [INFO] [rancher-gov.goe.go.kr] (269/0/269)
[2026-02-23 21:51:34] [INFO] [38841fbe-5985-481c-9a6d-d0310520c2af.internal.kr4.postgres.rds.ngovc.com] 응답시간 통계 - 최소: 9ms, 평균: 10ms, 최대: 17ms, P95: 12ms, P99: 13ms
[2026-02-23 21:51:34] [INFO] [rancher-gov.goe.go.kr] 응답시간 통계 - 최소: 9ms, 평균: 10ms, 최대: 14ms, P95: 12ms, P99: 13ms
[2026-02-23 21:52:34] [INFO] [38841fbe-5985-481c-9a6d-d0310520c2af.internal.kr4.postgres.rds.ngovc.com] (269/0/269)
[2026-02-23 21:52:34] [INFO] [rancher-gov.goe.go.kr] (269/0/269)
[2026-02-23 21:52:34] [INFO] [38841fbe-5985-481c-9a6d-d0310520c2af.internal.kr4.postgres.rds.ngovc.com] 응답시간 통계 - 최소: 9ms, 평균: 10ms, 최대: 16ms, P95: 12ms, P99: 13ms
[2026-02-23 21:52:34] [INFO] [rancher-gov.goe.go.kr] 응답시간 통계 - 최소: 9ms, 평균: 10ms, 최대: 13ms, P95: 11ms, P99: 12ms
[2026-02-23 21:53:34] [INFO] [rancher-gov.goe.go.kr] (269/0/269)
[2026-02-23 21:53:34] [INFO] [38841fbe-5985-481c-9a6d-d0310520c2af.internal.kr4.postgres.rds.ngovc.com] (269/0/269)
[2026-02-23 21:53:34] [INFO] [rancher-gov.goe.go.kr] 응답시간 통계 - 최소: 9ms, 평균: 10ms, 최대: 13ms, P95: 11ms, P99: 13ms
[2026-02-23 21:53:34] [INFO] [38841fbe-5985-481c-9a6d-d0310520c2af.internal.kr4.postgres.rds.ngovc.com] 응답시간 통계 - 최소: 9ms, 평균: 10ms, 최대: 15ms, P95: 12ms, P99: 13ms
[2026-02-23 21:54:34] [INFO] [rancher-gov.goe.go.kr] (269/0/269)
[2026-02-23 21:54:34] [INFO] [38841fbe-5985-481c-9a6d-d0310520c2af.internal.kr4.postgres.rds.ngovc.com] (269/0/269)
[2026-02-23 21:54:34] [INFO] [rancher-gov.goe.go.kr] 응답시간 통계 - 최소: 9ms, 평균: 10ms, 최대: 14ms, P95: 11ms, P99: 12ms
[2026-02-23 21:54:34] [INFO] [38841fbe-5985-481c-9a6d-d0310520c2af.internal.kr4.postgres.rds.ngovc.com] 응답시간 통계 - 최소: 9ms, 평균: 10ms, 최대: 15ms, P95: 12ms, P99: 13ms
[2026-02-23 21:55:34] [INFO] [rancher-gov.goe.go.kr] (268/0/268)
[2026-02-23 21:55:34] [INFO] [38841fbe-5985-481c-9a6d-d0310520c2af.internal.kr4.postgres.rds.ngovc.com] (268/0/268)
[2026-02-23 21:55:34] [INFO] [rancher-gov.goe.go.kr] 응답시간 통계 - 최소: 9ms, 평균: 10ms, 최대: 13ms, P95: 12ms, P99: 13ms
[2026-02-23 21:55:34] [INFO] [38841fbe-5985-481c-9a6d-d0310520c2af.internal.kr4.postgres.rds.ngovc.com] 응답시간 통계 - 최소: 8ms, 평균: 10ms, 최대: 21ms, P95: 13ms, P99: 14ms
[2026-02-23 21:56:34] [INFO] [rancher-gov.goe.go.kr] (269/0/269)
[2026-02-23 21:56:34] [INFO] [38841fbe-5985-481c-9a6d-d0310520c2af.internal.kr4.postgres.rds.ngovc.com] (269/0/269)
[2026-02-23 21:56:34] [INFO] [38841fbe-5985-481c-9a6d-d0310520c2af.internal.kr4.postgres.rds.ngovc.com] 응답시간 통계 - 최소: 8ms, 평균: 10ms, 최대: 16ms, P95: 12ms, P99: 13ms
[2026-02-23 21:56:34] [INFO] [rancher-gov.goe.go.kr] 응답시간 통계 - 최소: 9ms, 평균: 10ms, 최대: 14ms, P95: 12ms, P99: 13ms
[2026-02-23 21:57:34] [INFO] [38841fbe-5985-481c-9a6d-d0310520c2af.internal.kr4.postgres.rds.ngovc.com] (268/0/268)
[2026-02-23 21:57:34] [INFO] [38841fbe-5985-481c-9a6d-d0310520c2af.internal.kr4.postgres.rds.ngovc.com] 응답시간 통계 - 최소: 9ms, 평균: 10ms, 최대: 14ms, P95: 12ms, P99: 13ms
[2026-02-23 21:57:34] [INFO] [rancher-gov.goe.go.kr] (268/0/268)
[2026-02-23 21:57:34] [INFO] [rancher-gov.goe.go.kr] 응답시간 통계 - 최소: 9ms, 평균: 10ms, 최대: 15ms, P95: 12ms, P99: 13ms
[2026-02-23 21:58:34] [INFO] [rancher-gov.goe.go.kr] (269/0/269)
[2026-02-23 21:58:34] [INFO] [rancher-gov.goe.go.kr] 응답시간 통계 - 최소: 9ms, 평균: 10ms, 최대: 16ms, P95: 12ms, P99: 13ms
[2026-02-23 21:58:34] [INFO] [38841fbe-5985-481c-9a6d-d0310520c2af.internal.kr4.postgres.rds.ngovc.com] (269/0/269)
[2026-02-23 21:58:34] [INFO] [38841fbe-5985-481c-9a6d-d0310520c2af.internal.kr4.postgres.rds.ngovc.com] 응답시간 통계 - 최소: 8ms, 평균: 10ms, 최대: 14ms, P95: 12ms, P99: 13ms
[2026-02-23 21:59:34] [INFO] [rancher-gov.goe.go.kr] (269/0/269)
[2026-02-23 21:59:34] [INFO] [38841fbe-5985-481c-9a6d-d0310520c2af.internal.kr4.postgres.rds.ngovc.com] (269/0/269)
[2026-02-23 21:59:34] [INFO] [rancher-gov.goe.go.kr] 응답시간 통계 - 최소: 9ms, 평균: 10ms, 최대: 16ms, P95: 11ms, P99: 12ms
[2026-02-23 21:59:34] [INFO] [38841fbe-5985-481c-9a6d-d0310520c2af.internal.kr4.postgres.rds.ngovc.com] 응답시간 통계 - 최소: 9ms, 평균: 10ms, 최대: 19ms, P95: 12ms, P99: 14ms
[2026-02-23 22:00:34] [INFO] [rancher-gov.goe.go.kr] (268/0/268)
[2026-02-23 22:00:34] [INFO] [rancher-gov.goe.go.kr] 응답시간 통계 - 최소: 9ms, 평균: 10ms, 최대: 19ms, P95: 12ms, P99: 13ms
[2026-02-23 22:00:34] [INFO] [38841fbe-5985-481c-9a6d-d0310520c2af.internal.kr4.postgres.rds.ngovc.com] (268/0/268)
[2026-02-23 22:00:34] [INFO] [38841fbe-5985-481c-9a6d-d0310520c2af.internal.kr4.postgres.rds.ngovc.com] 응답시간 통계 - 최소: 9ms, 평균: 10ms, 최대: 19ms, P95: 12ms, P99: 13ms
[2026-02-23 22:01:34] [INFO] [rancher-gov.goe.go.kr] (268/0/268)
[2026-02-23 22:01:34] [INFO] [38841fbe-5985-481c-9a6d-d0310520c2af.internal.kr4.postgres.rds.ngovc.com] (268/0/268)
[2026-02-23 22:01:34] [INFO] [rancher-gov.goe.go.kr] 응답시간 통계 - 최소: 9ms, 평균: 10ms, 최대: 20ms, P95: 11ms, P99: 12ms
[2026-02-23 22:01:34] [INFO] [38841fbe-5985-481c-9a6d-d0310520c2af.internal.kr4.postgres.rds.ngovc.com] 응답시간 통계 - 최소: 9ms, 평균: 10ms, 최대: 14ms, P95: 12ms, P99: 13ms
[2026-02-23 22:02:34] [INFO] [rancher-gov.goe.go.kr] (270/0/270)
[2026-02-23 22:02:34] [INFO] [38841fbe-5985-481c-9a6d-d0310520c2af.internal.kr4.postgres.rds.ngovc.com] (270/0/270)
[2026-02-23 22:02:34] [INFO] [rancher-gov.goe.go.kr] 응답시간 통계 - 최소: 8ms, 평균: 10ms, 최대: 16ms, P95: 12ms, P99: 14ms
[2026-02-23 22:02:34] [INFO] [38841fbe-5985-481c-9a6d-d0310520c2af.internal.kr4.postgres.rds.ngovc.com] 응답시간 통계 - 최소: 9ms, 평균: 10ms, 최대: 14ms, P95: 12ms, P99: 13ms
[2026-02-23 22:03:34] [INFO] [38841fbe-5985-481c-9a6d-d0310520c2af.internal.kr4.postgres.rds.ngovc.com] (267/0/267)
[2026-02-23 22:03:34] [INFO] [rancher-gov.goe.go.kr] (267/0/267)
[2026-02-23 22:03:34] [INFO] [38841fbe-5985-481c-9a6d-d0310520c2af.internal.kr4.postgres.rds.ngovc.com] 응답시간 통계 - 최소: 9ms, 평균: 10ms, 최대: 24ms, P95: 13ms, P99: 14ms
[2026-02-23 22:03:34] [INFO] [rancher-gov.goe.go.kr] 응답시간 통계 - 최소: 9ms, 평균: 10ms, 최대: 17ms, P95: 12ms, P99: 14ms
[2026-02-23 22:04:34] [INFO] [38841fbe-5985-481c-9a6d-d0310520c2af.internal.kr4.postgres.rds.ngovc.com] (268/0/268)
[2026-02-23 22:04:34] [INFO] [rancher-gov.goe.go.kr] (268/0/268)
[2026-02-23 22:04:34] [INFO] [38841fbe-5985-481c-9a6d-d0310520c2af.internal.kr4.postgres.rds.ngovc.com] 응답시간 통계 - 최소: 9ms, 평균: 10ms, 최대: 14ms, P95: 12ms, P99: 14ms
[2026-02-23 22:04:34] [INFO] [rancher-gov.goe.go.kr] 응답시간 통계 - 최소: 9ms, 평균: 10ms, 최대: 13ms, P95: 12ms, P99: 13ms
[2026-02-23 22:05:34] [INFO] [rancher-gov.goe.go.kr] (269/0/269)
[2026-02-23 22:05:34] [INFO] [38841fbe-5985-481c-9a6d-d0310520c2af.internal.kr4.postgres.rds.ngovc.com] (269/0/269)
[2026-02-23 22:05:34] [INFO] [rancher-gov.goe.go.kr] 응답시간 통계 - 최소: 9ms, 평균: 10ms, 최대: 14ms, P95: 11ms, P99: 13ms
[2026-02-23 22:05:34] [INFO] [38841fbe-5985-481c-9a6d-d0310520c2af.internal.kr4.postgres.rds.ngovc.com] 응답시간 통계 - 최소: 9ms, 평균: 10ms, 최대: 14ms, P95: 12ms, P99: 13ms
[2026-02-23 22:06:34] [INFO] [rancher-gov.goe.go.kr] (269/0/269)
[2026-02-23 22:06:34] [INFO] [38841fbe-5985-481c-9a6d-d0310520c2af.internal.kr4.postgres.rds.ngovc.com] (269/0/269)
[2026-02-23 22:06:34] [INFO] [rancher-gov.goe.go.kr] 응답시간 통계 - 최소: 9ms, 평균: 10ms, 최대: 13ms, P95: 11ms, P99: 12ms
[2026-02-23 22:06:34] [INFO] [38841fbe-5985-481c-9a6d-d0310520c2af.internal.kr4.postgres.rds.ngovc.com] 응답시간 통계 - 최소: 8ms, 평균: 10ms, 최대: 14ms, P95: 12ms, P99: 13ms
[2026-02-23 22:07:34] [INFO] [rancher-gov.goe.go.kr] (270/0/270)
[2026-02-23 22:07:34] [INFO] [rancher-gov.goe.go.kr] 응답시간 통계 - 최소: 8ms, 평균: 9ms, 최대: 14ms, P95: 12ms, P99: 13ms
[2026-02-23 22:07:34] [INFO] [38841fbe-5985-481c-9a6d-d0310520c2af.internal.kr4.postgres.rds.ngovc.com] (270/0/270)
[2026-02-23 22:07:34] [INFO] [38841fbe-5985-481c-9a6d-d0310520c2af.internal.kr4.postgres.rds.ngovc.com] 응답시간 통계 - 최소: 8ms, 평균: 10ms, 최대: 15ms, P95: 12ms, P99: 14ms
[2026-02-23 22:08:34] [INFO] [38841fbe-5985-481c-9a6d-d0310520c2af.internal.kr4.postgres.rds.ngovc.com] (268/0/268)
[2026-02-23 22:08:34] [INFO] [rancher-gov.goe.go.kr] (268/0/268)
[2026-02-23 22:08:34] [INFO] [38841fbe-5985-481c-9a6d-d0310520c2af.internal.kr4.postgres.rds.ngovc.com] 응답시간 통계 - 최소: 8ms, 평균: 10ms, 최대: 16ms, P95: 12ms, P99: 14ms
[2026-02-23 22:08:34] [INFO] [rancher-gov.goe.go.kr] 응답시간 통계 - 최소: 9ms, 평균: 10ms, 최대: 15ms, P95: 11ms, P99: 13ms
[2026-02-23 22:09:34] [INFO] [38841fbe-5985-481c-9a6d-d0310520c2af.internal.kr4.postgres.rds.ngovc.com] (268/0/268)
[2026-02-23 22:09:34] [INFO] [rancher-gov.goe.go.kr] (268/0/268)
[2026-02-23 22:09:34] [INFO] [rancher-gov.goe.go.kr] 응답시간 통계 - 최소: 9ms, 평균: 10ms, 최대: 15ms, P95: 11ms, P99: 13ms
[2026-02-23 22:09:34] [INFO] [38841fbe-5985-481c-9a6d-d0310520c2af.internal.kr4.postgres.rds.ngovc.com] 응답시간 통계 - 최소: 9ms, 평균: 10ms, 최대: 16ms, P95: 12ms, P99: 15ms
[2026-02-23 22:10:34] [INFO] [rancher-gov.goe.go.kr] (268/0/268)
[2026-02-23 22:10:34] [INFO] [38841fbe-5985-481c-9a6d-d0310520c2af.internal.kr4.postgres.rds.ngovc.com] (268/0/268)
[2026-02-23 22:10:34] [INFO] [rancher-gov.goe.go.kr] 응답시간 통계 - 최소: 9ms, 평균: 10ms, 최대: 13ms, P95: 11ms, P99: 12ms
[2026-02-23 22:10:34] [INFO] [38841fbe-5985-481c-9a6d-d0310520c2af.internal.kr4.postgres.rds.ngovc.com] 응답시간 통계 - 최소: 9ms, 평균: 10ms, 최대: 14ms, P95: 12ms, P99: 13ms
[2026-02-23 22:11:34] [INFO] [rancher-gov.goe.go.kr] (268/0/268)
[2026-02-23 22:11:34] [INFO] [38841fbe-5985-481c-9a6d-d0310520c2af.internal.kr4.postgres.rds.ngovc.com] (268/0/268)
[2026-02-23 22:11:34] [INFO] [rancher-gov.goe.go.kr] 응답시간 통계 - 최소: 9ms, 평균: 10ms, 최대: 15ms, P95: 12ms, P99: 13ms
[2026-02-23 22:11:34] [INFO] [38841fbe-5985-481c-9a6d-d0310520c2af.internal.kr4.postgres.rds.ngovc.com] 응답시간 통계 - 최소: 9ms, 평균: 10ms, 최대: 15ms, P95: 12ms, P99: 13ms
[2026-02-23 22:12:34] [INFO] [rancher-gov.goe.go.kr] (267/0/267)
[2026-02-23 22:12:34] [INFO] [38841fbe-5985-481c-9a6d-d0310520c2af.internal.kr4.postgres.rds.ngovc.com] (267/0/267)
[2026-02-23 22:12:34] [INFO] [rancher-gov.goe.go.kr] 응답시간 통계 - 최소: 9ms, 평균: 10ms, 최대: 15ms, P95: 12ms, P99: 14ms
[2026-02-23 22:12:34] [INFO] [38841fbe-5985-481c-9a6d-d0310520c2af.internal.kr4.postgres.rds.ngovc.com] 응답시간 통계 - 최소: 9ms, 평균: 10ms, 최대: 14ms, P95: 12ms, P99: 14ms
[2026-02-23 22:13:34] [INFO] [rancher-gov.goe.go.kr] (269/0/269)
[2026-02-23 22:13:34] [INFO] [38841fbe-5985-481c-9a6d-d0310520c2af.internal.kr4.postgres.rds.ngovc.com] (269/0/269)
[2026-02-23 22:13:34] [INFO] [rancher-gov.goe.go.kr] 응답시간 통계 - 최소: 9ms, 평균: 10ms, 최대: 13ms, P95: 12ms, P99: 12ms
[2026-02-23 22:13:34] [INFO] [38841fbe-5985-481c-9a6d-d0310520c2af.internal.kr4.postgres.rds.ngovc.com] 응답시간 통계 - 최소: 9ms, 평균: 10ms, 최대: 14ms, P95: 12ms, P99: 13ms
[2026-02-23 22:14:34] [INFO] [rancher-gov.goe.go.kr] (267/0/267)
[2026-02-23 22:14:34] [INFO] [38841fbe-5985-481c-9a6d-d0310520c2af.internal.kr4.postgres.rds.ngovc.com] (267/0/267)
[2026-02-23 22:14:34] [INFO] [rancher-gov.goe.go.kr] 응답시간 통계 - 최소: 9ms, 평균: 10ms, 최대: 14ms, P95: 12ms, P99: 12ms
[2026-02-23 22:14:34] [INFO] [38841fbe-5985-481c-9a6d-d0310520c2af.internal.kr4.postgres.rds.ngovc.com] 응답시간 통계 - 최소: 9ms, 평균: 10ms, 최대: 14ms, P95: 12ms, P99: 13ms
[2026-02-23 22:15:34] [INFO] [38841fbe-5985-481c-9a6d-d0310520c2af.internal.kr4.postgres.rds.ngovc.com] (267/0/267)
[2026-02-23 22:15:34] [INFO] [rancher-gov.goe.go.kr] (267/0/267)
[2026-02-23 22:15:34] [INFO] [38841fbe-5985-481c-9a6d-d0310520c2af.internal.kr4.postgres.rds.ngovc.com] 응답시간 통계 - 최소: 9ms, 평균: 10ms, 최대: 20ms, P95: 13ms, P99: 14ms
[2026-02-23 22:15:34] [INFO] [rancher-gov.goe.go.kr] 응답시간 통계 - 최소: 9ms, 평균: 10ms, 최대: 14ms, P95: 12ms, P99: 13ms
[2026-02-23 22:16:34] [INFO] [38841fbe-5985-481c-9a6d-d0310520c2af.internal.kr4.postgres.rds.ngovc.com] (269/0/269)
[2026-02-23 22:16:34] [INFO] [38841fbe-5985-481c-9a6d-d0310520c2af.internal.kr4.postgres.rds.ngovc.com] 응답시간 통계 - 최소: 9ms, 평균: 10ms, 최대: 14ms, P95: 12ms, P99: 13ms
[2026-02-23 22:16:34] [INFO] [rancher-gov.goe.go.kr] (269/0/269)
[2026-02-23 22:16:34] [INFO] [rancher-gov.goe.go.kr] 응답시간 통계 - 최소: 9ms, 평균: 10ms, 최대: 16ms, P95: 11ms, P99: 12ms
[2026-02-23 22:17:34] [INFO] [38841fbe-5985-481c-9a6d-d0310520c2af.internal.kr4.postgres.rds.ngovc.com] (268/0/268)
[2026-02-23 22:17:34] [INFO] [rancher-gov.goe.go.kr] (268/0/268)
[2026-02-23 22:17:34] [INFO] [38841fbe-5985-481c-9a6d-d0310520c2af.internal.kr4.postgres.rds.ngovc.com] 응답시간 통계 - 최소: 9ms, 평균: 10ms, 최대: 16ms, P95: 12ms, P99: 13ms
[2026-02-23 22:17:34] [INFO] [rancher-gov.goe.go.kr] 응답시간 통계 - 최소: 9ms, 평균: 10ms, 최대: 13ms, P95: 11ms, P99: 12ms
[2026-02-23 22:18:34] [INFO] [rancher-gov.goe.go.kr] (269/0/269)
[2026-02-23 22:18:34] [INFO] [38841fbe-5985-481c-9a6d-d0310520c2af.internal.kr4.postgres.rds.ngovc.com] (269/0/269)
[2026-02-23 22:18:34] [INFO] [rancher-gov.goe.go.kr] 응답시간 통계 - 최소: 9ms, 평균: 10ms, 최대: 13ms, P95: 12ms, P99: 13ms
[2026-02-23 22:18:34] [INFO] [38841fbe-5985-481c-9a6d-d0310520c2af.internal.kr4.postgres.rds.ngovc.com] 응답시간 통계 - 최소: 9ms, 평균: 10ms, 최대: 21ms, P95: 12ms, P99: 14ms
[2026-02-23 22:19:34] [INFO] [38841fbe-5985-481c-9a6d-d0310520c2af.internal.kr4.postgres.rds.ngovc.com] (268/0/268)
[2026-02-23 22:19:34] [INFO] [rancher-gov.goe.go.kr] (268/0/268)
[2026-02-23 22:19:34] [INFO] [38841fbe-5985-481c-9a6d-d0310520c2af.internal.kr4.postgres.rds.ngovc.com] 응답시간 통계 - 최소: 9ms, 평균: 10ms, 최대: 17ms, P95: 12ms, P99: 14ms
[2026-02-23 22:19:34] [INFO] [rancher-gov.goe.go.kr] 응답시간 통계 - 최소: 9ms, 평균: 10ms, 최대: 19ms, P95: 12ms, P99: 13ms
[2026-02-23 22:20:34] [INFO] [rancher-gov.goe.go.kr] (269/0/269)
[2026-02-23 22:20:34] [INFO] [38841fbe-5985-481c-9a6d-d0310520c2af.internal.kr4.postgres.rds.ngovc.com] (269/0/269)
[2026-02-23 22:20:34] [INFO] [rancher-gov.goe.go.kr] 응답시간 통계 - 최소: 9ms, 평균: 10ms, 최대: 14ms, P95: 11ms, P99: 12ms
[2026-02-23 22:20:34] [INFO] [38841fbe-5985-481c-9a6d-d0310520c2af.internal.kr4.postgres.rds.ngovc.com] 응답시간 통계 - 최소: 8ms, 평균: 10ms, 최대: 15ms, P95: 12ms, P99: 14ms
[2026-02-23 22:21:34] [INFO] [rancher-gov.goe.go.kr] (267/0/267)
[2026-02-23 22:21:34] [INFO] [rancher-gov.goe.go.kr] 응답시간 통계 - 최소: 9ms, 평균: 10ms, 최대: 14ms, P95: 12ms, P99: 13ms
[2026-02-23 22:21:34] [INFO] [38841fbe-5985-481c-9a6d-d0310520c2af.internal.kr4.postgres.rds.ngovc.com] (267/0/267)
[2026-02-23 22:21:34] [INFO] [38841fbe-5985-481c-9a6d-d0310520c2af.internal.kr4.postgres.rds.ngovc.com] 응답시간 통계 - 최소: 9ms, 평균: 10ms, 최대: 14ms, P95: 12ms, P99: 14ms
[2026-02-23 22:22:34] [INFO] [38841fbe-5985-481c-9a6d-d0310520c2af.internal.kr4.postgres.rds.ngovc.com] (269/0/269)
[2026-02-23 22:22:34] [INFO] [rancher-gov.goe.go.kr] (269/0/269)
[2026-02-23 22:22:34] [INFO] [rancher-gov.goe.go.kr] 응답시간 통계 - 최소: 9ms, 평균: 10ms, 최대: 13ms, P95: 11ms, P99: 12ms
[2026-02-23 22:22:34] [INFO] [38841fbe-5985-481c-9a6d-d0310520c2af.internal.kr4.postgres.rds.ngovc.com] 응답시간 통계 - 최소: 9ms, 평균: 10ms, 최대: 16ms, P95: 12ms, P99: 13ms
[2026-02-23 22:23:34] [INFO] [38841fbe-5985-481c-9a6d-d0310520c2af.internal.kr4.postgres.rds.ngovc.com] (268/0/268)
[2026-02-23 22:23:34] [INFO] [38841fbe-5985-481c-9a6d-d0310520c2af.internal.kr4.postgres.rds.ngovc.com] 응답시간 통계 - 최소: 9ms, 평균: 10ms, 최대: 15ms, P95: 12ms, P99: 14ms
[2026-02-23 22:23:34] [INFO] [rancher-gov.goe.go.kr] (268/0/268)
[2026-02-23 22:23:34] [INFO] [rancher-gov.goe.go.kr] 응답시간 통계 - 최소: 9ms, 평균: 10ms, 최대: 13ms, P95: 12ms, P99: 12ms
[2026-02-23 22:24:34] [INFO] [rancher-gov.goe.go.kr] (268/0/268)
[2026-02-23 22:24:34] [INFO] [rancher-gov.goe.go.kr] 응답시간 통계 - 최소: 9ms, 평균: 10ms, 최대: 13ms, P95: 12ms, P99: 13ms
[2026-02-23 22:24:34] [INFO] [38841fbe-5985-481c-9a6d-d0310520c2af.internal.kr4.postgres.rds.ngovc.com] (268/0/268)
[2026-02-23 22:24:34] [INFO] [38841fbe-5985-481c-9a6d-d0310520c2af.internal.kr4.postgres.rds.ngovc.com] 응답시간 통계 - 최소: 9ms, 평균: 10ms, 최대: 18ms, P95: 12ms, P99: 13ms
[2026-02-23 22:25:34] [INFO] [rancher-gov.goe.go.kr] (268/0/268)
[2026-02-23 22:25:34] [INFO] [38841fbe-5985-481c-9a6d-d0310520c2af.internal.kr4.postgres.rds.ngovc.com] (268/0/268)
[2026-02-23 22:25:34] [INFO] [rancher-gov.goe.go.kr] 응답시간 통계 - 최소: 9ms, 평균: 10ms, 최대: 14ms, P95: 11ms, P99: 12ms
[2026-02-23 22:25:34] [INFO] [38841fbe-5985-481c-9a6d-d0310520c2af.internal.kr4.postgres.rds.ngovc.com] 응답시간 통계 - 최소: 9ms, 평균: 10ms, 최대: 14ms, P95: 12ms, P99: 14ms
[2026-02-23 22:26:34] [INFO] [rancher-gov.goe.go.kr] (267/0/267)
[2026-02-23 22:26:34] [INFO] [38841fbe-5985-481c-9a6d-d0310520c2af.internal.kr4.postgres.rds.ngovc.com] (267/0/267)
[2026-02-23 22:26:34] [INFO] [rancher-gov.goe.go.kr] 응답시간 통계 - 최소: 9ms, 평균: 10ms, 최대: 13ms, P95: 12ms, P99: 13ms
[2026-02-23 22:26:34] [INFO] [38841fbe-5985-481c-9a6d-d0310520c2af.internal.kr4.postgres.rds.ngovc.com] 응답시간 통계 - 최소: 9ms, 평균: 10ms, 최대: 14ms, P95: 12ms, P99: 14ms
[2026-02-23 22:27:34] [INFO] [rancher-gov.goe.go.kr] (268/0/268)
[2026-02-23 22:27:34] [INFO] [38841fbe-5985-481c-9a6d-d0310520c2af.internal.kr4.postgres.rds.ngovc.com] (268/0/268)
[2026-02-23 22:27:34] [INFO] [rancher-gov.goe.go.kr] 응답시간 통계 - 최소: 9ms, 평균: 10ms, 최대: 13ms, P95: 11ms, P99: 12ms
[2026-02-23 22:27:34] [INFO] [38841fbe-5985-481c-9a6d-d0310520c2af.internal.kr4.postgres.rds.ngovc.com] 응답시간 통계 - 최소: 9ms, 평균: 10ms, 최대: 33ms, P95: 12ms, P99: 13ms
[2026-02-23 22:28:34] [INFO] [rancher-gov.goe.go.kr] (269/0/269)
[2026-02-23 22:28:34] [INFO] [38841fbe-5985-481c-9a6d-d0310520c2af.internal.kr4.postgres.rds.ngovc.com] (269/0/269)
[2026-02-23 22:28:34] [INFO] [rancher-gov.goe.go.kr] 응답시간 통계 - 최소: 9ms, 평균: 10ms, 최대: 13ms, P95: 12ms, P99: 13ms
[2026-02-23 22:28:34] [INFO] [38841fbe-5985-481c-9a6d-d0310520c2af.internal.kr4.postgres.rds.ngovc.com] 응답시간 통계 - 최소: 9ms, 평균: 10ms, 최대: 14ms, P95: 12ms, P99: 13ms
[2026-02-23 22:29:34] [INFO] [38841fbe-5985-481c-9a6d-d0310520c2af.internal.kr4.postgres.rds.ngovc.com] (270/0/270)
[2026-02-23 22:29:34] [INFO] [rancher-gov.goe.go.kr] (270/0/270)
[2026-02-23 22:29:34] [INFO] [38841fbe-5985-481c-9a6d-d0310520c2af.internal.kr4.postgres.rds.ngovc.com] 응답시간 통계 - 최소: 8ms, 평균: 10ms, 최대: 15ms, P95: 12ms, P99: 13ms
[2026-02-23 22:29:34] [INFO] [rancher-gov.goe.go.kr] 응답시간 통계 - 최소: 9ms, 평균: 9ms, 최대: 13ms, P95: 11ms, P99: 12ms
[2026-02-23 22:30:34] [INFO] [rancher-gov.goe.go.kr] (269/0/269)
[2026-02-23 22:30:34] [INFO] [38841fbe-5985-481c-9a6d-d0310520c2af.internal.kr4.postgres.rds.ngovc.com] (269/0/269)
[2026-02-23 22:30:34] [INFO] [rancher-gov.goe.go.kr] 응답시간 통계 - 최소: 9ms, 평균: 10ms, 최대: 17ms, P95: 12ms, P99: 13ms
[2026-02-23 22:30:34] [INFO] [38841fbe-5985-481c-9a6d-d0310520c2af.internal.kr4.postgres.rds.ngovc.com] 응답시간 통계 - 최소: 9ms, 평균: 10ms, 최대: 18ms, P95: 12ms, P99: 13ms
[2026-02-23 22:31:34] [INFO] [rancher-gov.goe.go.kr] (268/0/268)
[2026-02-23 22:31:34] [INFO] [38841fbe-5985-481c-9a6d-d0310520c2af.internal.kr4.postgres.rds.ngovc.com] (268/0/268)
[2026-02-23 22:31:34] [INFO] [rancher-gov.goe.go.kr] 응답시간 통계 - 최소: 9ms, 평균: 10ms, 최대: 15ms, P95: 12ms, P99: 13ms
[2026-02-23 22:31:34] [INFO] [38841fbe-5985-481c-9a6d-d0310520c2af.internal.kr4.postgres.rds.ngovc.com] 응답시간 통계 - 최소: 9ms, 평균: 10ms, 최대: 14ms, P95: 12ms, P99: 13ms
[2026-02-23 22:32:34] [INFO] [rancher-gov.goe.go.kr] (270/0/270)
[2026-02-23 22:32:34] [INFO] [rancher-gov.goe.go.kr] 응답시간 통계 - 최소: 9ms, 평균: 10ms, 최대: 13ms, P95: 11ms, P99: 13ms
[2026-02-23 22:32:34] [INFO] [38841fbe-5985-481c-9a6d-d0310520c2af.internal.kr4.postgres.rds.ngovc.com] (270/0/270)
[2026-02-23 22:32:34] [INFO] [38841fbe-5985-481c-9a6d-d0310520c2af.internal.kr4.postgres.rds.ngovc.com] 응답시간 통계 - 최소: 9ms, 평균: 10ms, 최대: 14ms, P95: 12ms, P99: 13ms
[2026-02-23 22:33:34] [INFO] [38841fbe-5985-481c-9a6d-d0310520c2af.internal.kr4.postgres.rds.ngovc.com] (267/0/267)
[2026-02-23 22:33:34] [INFO] [rancher-gov.goe.go.kr] (267/0/267)
[2026-02-23 22:33:34] [INFO] [38841fbe-5985-481c-9a6d-d0310520c2af.internal.kr4.postgres.rds.ngovc.com] 응답시간 통계 - 최소: 9ms, 평균: 10ms, 최대: 15ms, P95: 12ms, P99: 13ms
[2026-02-23 22:33:34] [INFO] [rancher-gov.goe.go.kr] 응답시간 통계 - 최소: 9ms, 평균: 10ms, 최대: 14ms, P95: 12ms, P99: 13ms
[2026-02-23 22:34:34] [INFO] [38841fbe-5985-481c-9a6d-d0310520c2af.internal.kr4.postgres.rds.ngovc.com] (268/0/268)
[2026-02-23 22:34:34] [INFO] [rancher-gov.goe.go.kr] (268/0/268)
[2026-02-23 22:34:34] [INFO] [38841fbe-5985-481c-9a6d-d0310520c2af.internal.kr4.postgres.rds.ngovc.com] 응답시간 통계 - 최소: 8ms, 평균: 10ms, 최대: 15ms, P95: 12ms, P99: 13ms
[2026-02-23 22:34:34] [INFO] [rancher-gov.goe.go.kr] 응답시간 통계 - 최소: 9ms, 평균: 10ms, 최대: 14ms, P95: 12ms, P99: 13ms
[2026-02-23 22:35:34] [INFO] [38841fbe-5985-481c-9a6d-d0310520c2af.internal.kr4.postgres.rds.ngovc.com] (268/0/268)
[2026-02-23 22:35:34] [INFO] [rancher-gov.goe.go.kr] (268/0/268)
[2026-02-23 22:35:34] [INFO] [38841fbe-5985-481c-9a6d-d0310520c2af.internal.kr4.postgres.rds.ngovc.com] 응답시간 통계 - 최소: 9ms, 평균: 10ms, 최대: 16ms, P95: 12ms, P99: 13ms
[2026-02-23 22:35:34] [INFO] [rancher-gov.goe.go.kr] 응답시간 통계 - 최소: 9ms, 평균: 10ms, 최대: 13ms, P95: 12ms, P99: 12ms
[2026-02-23 22:36:34] [INFO] [rancher-gov.goe.go.kr] (267/0/267)
[2026-02-23 22:36:34] [INFO] [38841fbe-5985-481c-9a6d-d0310520c2af.internal.kr4.postgres.rds.ngovc.com] (267/0/267)
[2026-02-23 22:36:34] [INFO] [rancher-gov.goe.go.kr] 응답시간 통계 - 최소: 9ms, 평균: 10ms, 최대: 16ms, P95: 12ms, P99: 14ms
[2026-02-23 22:36:34] [INFO] [38841fbe-5985-481c-9a6d-d0310520c2af.internal.kr4.postgres.rds.ngovc.com] 응답시간 통계 - 최소: 9ms, 평균: 10ms, 최대: 15ms, P95: 12ms, P99: 14ms
[2026-02-23 22:37:34] [INFO] [rancher-gov.goe.go.kr] (269/0/269)
[2026-02-23 22:37:34] [INFO] [38841fbe-5985-481c-9a6d-d0310520c2af.internal.kr4.postgres.rds.ngovc.com] (269/0/269)
[2026-02-23 22:37:34] [INFO] [rancher-gov.goe.go.kr] 응답시간 통계 - 최소: 9ms, 평균: 10ms, 최대: 13ms, P95: 12ms, P99: 13ms
[2026-02-23 22:37:34] [INFO] [38841fbe-5985-481c-9a6d-d0310520c2af.internal.kr4.postgres.rds.ngovc.com] 응답시간 통계 - 최소: 9ms, 평균: 10ms, 최대: 14ms, P95: 12ms, P99: 13ms
[2026-02-23 22:38:34] [INFO] [rancher-gov.goe.go.kr] (268/0/268)
[2026-02-23 22:38:34] [INFO] [rancher-gov.goe.go.kr] 응답시간 통계 - 최소: 9ms, 평균: 10ms, 최대: 17ms, P95: 12ms, P99: 13ms
[2026-02-23 22:38:34] [INFO] [38841fbe-5985-481c-9a6d-d0310520c2af.internal.kr4.postgres.rds.ngovc.com] (268/0/268)
[2026-02-23 22:38:34] [INFO] [38841fbe-5985-481c-9a6d-d0310520c2af.internal.kr4.postgres.rds.ngovc.com] 응답시간 통계 - 최소: 8ms, 평균: 10ms, 최대: 16ms, P95: 12ms, P99: 14ms
[2026-02-23 22:39:34] [INFO] [38841fbe-5985-481c-9a6d-d0310520c2af.internal.kr4.postgres.rds.ngovc.com] (268/0/268)
[2026-02-23 22:39:34] [INFO] [rancher-gov.goe.go.kr] (268/0/268)
[2026-02-23 22:39:34] [INFO] [38841fbe-5985-481c-9a6d-d0310520c2af.internal.kr4.postgres.rds.ngovc.com] 응답시간 통계 - 최소: 9ms, 평균: 10ms, 최대: 17ms, P95: 12ms, P99: 14ms
[2026-02-23 22:39:34] [INFO] [rancher-gov.goe.go.kr] 응답시간 통계 - 최소: 9ms, 평균: 10ms, 최대: 15ms, P95: 11ms, P99: 13ms
[2026-02-23 22:40:34] [INFO] [rancher-gov.goe.go.kr] (269/0/269)
[2026-02-23 22:40:34] [INFO] [38841fbe-5985-481c-9a6d-d0310520c2af.internal.kr4.postgres.rds.ngovc.com] (269/0/269)
[2026-02-23 22:40:34] [INFO] [rancher-gov.goe.go.kr] 응답시간 통계 - 최소: 9ms, 평균: 10ms, 최대: 14ms, P95: 12ms, P99: 13ms
[2026-02-23 22:40:34] [INFO] [38841fbe-5985-481c-9a6d-d0310520c2af.internal.kr4.postgres.rds.ngovc.com] 응답시간 통계 - 최소: 9ms, 평균: 10ms, 최대: 14ms, P95: 12ms, P99: 14ms
[2026-02-23 22:41:34] [INFO] [rancher-gov.goe.go.kr] (269/0/269)
[2026-02-23 22:41:34] [INFO] [38841fbe-5985-481c-9a6d-d0310520c2af.internal.kr4.postgres.rds.ngovc.com] (269/0/269)
[2026-02-23 22:41:34] [INFO] [rancher-gov.goe.go.kr] 응답시간 통계 - 최소: 9ms, 평균: 10ms, 최대: 14ms, P95: 12ms, P99: 13ms
[2026-02-23 22:41:34] [INFO] [38841fbe-5985-481c-9a6d-d0310520c2af.internal.kr4.postgres.rds.ngovc.com] 응답시간 통계 - 최소: 9ms, 평균: 10ms, 최대: 14ms, P95: 12ms, P99: 13ms
[2026-02-23 22:42:34] [INFO] [38841fbe-5985-481c-9a6d-d0310520c2af.internal.kr4.postgres.rds.ngovc.com] (269/0/269)
[2026-02-23 22:42:34] [INFO] [rancher-gov.goe.go.kr] (269/0/269)
[2026-02-23 22:42:34] [INFO] [38841fbe-5985-481c-9a6d-d0310520c2af.internal.kr4.postgres.rds.ngovc.com] 응답시간 통계 - 최소: 8ms, 평균: 10ms, 최대: 22ms, P95: 12ms, P99: 13ms
[2026-02-23 22:42:34] [INFO] [rancher-gov.goe.go.kr] 응답시간 통계 - 최소: 9ms, 평균: 10ms, 최대: 13ms, P95: 11ms, P99: 12ms
[2026-02-23 22:43:34] [INFO] [rancher-gov.goe.go.kr] (267/0/267)
[2026-02-23 22:43:34] [INFO] [38841fbe-5985-481c-9a6d-d0310520c2af.internal.kr4.postgres.rds.ngovc.com] (267/0/267)
[2026-02-23 22:43:34] [INFO] [rancher-gov.goe.go.kr] 응답시간 통계 - 최소: 9ms, 평균: 10ms, 최대: 16ms, P95: 12ms, P99: 13ms
[2026-02-23 22:43:34] [INFO] [38841fbe-5985-481c-9a6d-d0310520c2af.internal.kr4.postgres.rds.ngovc.com] 응답시간 통계 - 최소: 9ms, 평균: 10ms, 최대: 15ms, P95: 12ms, P99: 14ms
[2026-02-23 22:44:34] [INFO] [38841fbe-5985-481c-9a6d-d0310520c2af.internal.kr4.postgres.rds.ngovc.com] (268/0/268)
[2026-02-23 22:44:34] [INFO] [38841fbe-5985-481c-9a6d-d0310520c2af.internal.kr4.postgres.rds.ngovc.com] 응답시간 통계 - 최소: 9ms, 평균: 10ms, 최대: 16ms, P95: 12ms, P99: 14ms
[2026-02-23 22:44:34] [INFO] [rancher-gov.goe.go.kr] (268/0/268)
[2026-02-23 22:44:34] [INFO] [rancher-gov.goe.go.kr] 응답시간 통계 - 최소: 9ms, 평균: 10ms, 최대: 20ms, P95: 12ms, P99: 13ms
[2026-02-23 22:45:34] [INFO] [rancher-gov.goe.go.kr] (268/0/268)
[2026-02-23 22:45:34] [INFO] [38841fbe-5985-481c-9a6d-d0310520c2af.internal.kr4.postgres.rds.ngovc.com] (268/0/268)
[2026-02-23 22:45:34] [INFO] [rancher-gov.goe.go.kr] 응답시간 통계 - 최소: 9ms, 평균: 10ms, 최대: 13ms, P95: 12ms, P99: 12ms
[2026-02-23 22:45:34] [INFO] [38841fbe-5985-481c-9a6d-d0310520c2af.internal.kr4.postgres.rds.ngovc.com] 응답시간 통계 - 최소: 9ms, 평균: 10ms, 최대: 15ms, P95: 12ms, P99: 14ms
[2026-02-23 22:46:34] [INFO] [rancher-gov.goe.go.kr] (268/0/268)
[2026-02-23 22:46:34] [INFO] [38841fbe-5985-481c-9a6d-d0310520c2af.internal.kr4.postgres.rds.ngovc.com] (268/0/268)
[2026-02-23 22:46:34] [INFO] [rancher-gov.goe.go.kr] 응답시간 통계 - 최소: 9ms, 평균: 10ms, 최대: 13ms, P95: 12ms, P99: 13ms
[2026-02-23 22:46:34] [INFO] [38841fbe-5985-481c-9a6d-d0310520c2af.internal.kr4.postgres.rds.ngovc.com] 응답시간 통계 - 최소: 9ms, 평균: 10ms, 최대: 15ms, P95: 13ms, P99: 14ms
[2026-02-23 22:47:34] [INFO] [rancher-gov.goe.go.kr] (268/0/268)
[2026-02-23 22:47:34] [INFO] [38841fbe-5985-481c-9a6d-d0310520c2af.internal.kr4.postgres.rds.ngovc.com] (268/0/268)
[2026-02-23 22:47:34] [INFO] [rancher-gov.goe.go.kr] 응답시간 통계 - 최소: 9ms, 평균: 10ms, 최대: 15ms, P95: 11ms, P99: 13ms
[2026-02-23 22:47:34] [INFO] [38841fbe-5985-481c-9a6d-d0310520c2af.internal.kr4.postgres.rds.ngovc.com] 응답시간 통계 - 최소: 9ms, 평균: 10ms, 최대: 16ms, P95: 12ms, P99: 14ms
[2026-02-23 22:48:34] [INFO] [rancher-gov.goe.go.kr] (270/0/270)
[2026-02-23 22:48:34] [INFO] [38841fbe-5985-481c-9a6d-d0310520c2af.internal.kr4.postgres.rds.ngovc.com] (270/0/270)
[2026-02-23 22:48:34] [INFO] [38841fbe-5985-481c-9a6d-d0310520c2af.internal.kr4.postgres.rds.ngovc.com] 응답시간 통계 - 최소: 9ms, 평균: 10ms, 최대: 15ms, P95: 12ms, P99: 14ms
[2026-02-23 22:48:34] [INFO] [rancher-gov.goe.go.kr] 응답시간 통계 - 최소: 9ms, 평균: 10ms, 최대: 14ms, P95: 12ms, P99: 12ms
[2026-02-23 22:49:34] [INFO] [rancher-gov.goe.go.kr] (267/0/267)
[2026-02-23 22:49:34] [INFO] [38841fbe-5985-481c-9a6d-d0310520c2af.internal.kr4.postgres.rds.ngovc.com] (267/0/267)
[2026-02-23 22:49:34] [INFO] [rancher-gov.goe.go.kr] 응답시간 통계 - 최소: 9ms, 평균: 10ms, 최대: 14ms, P95: 12ms, P99: 13ms
[2026-02-23 22:49:34] [INFO] [38841fbe-5985-481c-9a6d-d0310520c2af.internal.kr4.postgres.rds.ngovc.com] 응답시간 통계 - 최소: 9ms, 평균: 10ms, 최대: 15ms, P95: 13ms, P99: 14ms
[2026-02-23 22:50:34] [INFO] [38841fbe-5985-481c-9a6d-d0310520c2af.internal.kr4.postgres.rds.ngovc.com] (267/0/267)
[2026-02-23 22:50:34] [INFO] [rancher-gov.goe.go.kr] (267/0/267)
[2026-02-23 22:50:34] [INFO] [38841fbe-5985-481c-9a6d-d0310520c2af.internal.kr4.postgres.rds.ngovc.com] 응답시간 통계 - 최소: 9ms, 평균: 10ms, 최대: 15ms, P95: 13ms, P99: 14ms
[2026-02-23 22:50:34] [INFO] [rancher-gov.goe.go.kr] 응답시간 통계 - 최소: 9ms, 평균: 10ms, 최대: 14ms, P95: 12ms, P99: 13ms
[2026-02-23 22:51:34] [INFO] [38841fbe-5985-481c-9a6d-d0310520c2af.internal.kr4.postgres.rds.ngovc.com] (267/0/267)
[2026-02-23 22:51:34] [INFO] [rancher-gov.goe.go.kr] (267/0/267)
[2026-02-23 22:51:34] [INFO] [38841fbe-5985-481c-9a6d-d0310520c2af.internal.kr4.postgres.rds.ngovc.com] 응답시간 통계 - 최소: 9ms, 평균: 10ms, 최대: 15ms, P95: 12ms, P99: 14ms
[2026-02-23 22:51:34] [INFO] [rancher-gov.goe.go.kr] 응답시간 통계 - 최소: 9ms, 평균: 10ms, 최대: 15ms, P95: 12ms, P99: 14ms
[2026-02-23 22:52:34] [INFO] [rancher-gov.goe.go.kr] (269/0/269)
[2026-02-23 22:52:34] [INFO] [38841fbe-5985-481c-9a6d-d0310520c2af.internal.kr4.postgres.rds.ngovc.com] (269/0/269)
[2026-02-23 22:52:34] [INFO] [rancher-gov.goe.go.kr] 응답시간 통계 - 최소: 9ms, 평균: 10ms, 최대: 13ms, P95: 12ms, P99: 12ms
[2026-02-23 22:52:34] [INFO] [38841fbe-5985-481c-9a6d-d0310520c2af.internal.kr4.postgres.rds.ngovc.com] 응답시간 통계 - 최소: 9ms, 평균: 10ms, 최대: 17ms, P95: 12ms, P99: 13ms
[2026-02-23 22:53:34] [INFO] [38841fbe-5985-481c-9a6d-d0310520c2af.internal.kr4.postgres.rds.ngovc.com] (268/0/268)
[2026-02-23 22:53:34] [INFO] [rancher-gov.goe.go.kr] (268/0/268)
[2026-02-23 22:53:34] [INFO] [38841fbe-5985-481c-9a6d-d0310520c2af.internal.kr4.postgres.rds.ngovc.com] 응답시간 통계 - 최소: 9ms, 평균: 10ms, 최대: 16ms, P95: 12ms, P99: 14ms
[2026-02-23 22:53:34] [INFO] [rancher-gov.goe.go.kr] 응답시간 통계 - 최소: 9ms, 평균: 10ms, 최대: 14ms, P95: 12ms, P99: 13ms
[2026-02-23 22:54:34] [INFO] [rancher-gov.goe.go.kr] (269/0/269)
[2026-02-23 22:54:34] [INFO] [38841fbe-5985-481c-9a6d-d0310520c2af.internal.kr4.postgres.rds.ngovc.com] (269/0/269)
[2026-02-23 22:54:34] [INFO] [rancher-gov.goe.go.kr] 응답시간 통계 - 최소: 9ms, 평균: 10ms, 최대: 14ms, P95: 11ms, P99: 12ms
[2026-02-23 22:54:34] [INFO] [38841fbe-5985-481c-9a6d-d0310520c2af.internal.kr4.postgres.rds.ngovc.com] 응답시간 통계 - 최소: 8ms, 평균: 10ms, 최대: 13ms, P95: 12ms, P99: 13ms
[2026-02-23 22:55:34] [INFO] [rancher-gov.goe.go.kr] (269/0/269)
[2026-02-23 22:55:34] [INFO] [38841fbe-5985-481c-9a6d-d0310520c2af.internal.kr4.postgres.rds.ngovc.com] (269/0/269)
[2026-02-23 22:55:34] [INFO] [rancher-gov.goe.go.kr] 응답시간 통계 - 최소: 9ms, 평균: 10ms, 최대: 14ms, P95: 12ms, P99: 12ms
[2026-02-23 22:55:34] [INFO] [38841fbe-5985-481c-9a6d-d0310520c2af.internal.kr4.postgres.rds.ngovc.com] 응답시간 통계 - 최소: 9ms, 평균: 10ms, 최대: 14ms, P95: 12ms, P99: 13ms
[2026-02-23 22:56:34] [INFO] [rancher-gov.goe.go.kr] (267/0/267)
[2026-02-23 22:56:34] [INFO] [38841fbe-5985-481c-9a6d-d0310520c2af.internal.kr4.postgres.rds.ngovc.com] (267/0/267)
[2026-02-23 22:56:34] [INFO] [rancher-gov.goe.go.kr] 응답시간 통계 - 최소: 9ms, 평균: 10ms, 최대: 13ms, P95: 11ms, P99: 12ms
[2026-02-23 22:56:34] [INFO] [38841fbe-5985-481c-9a6d-d0310520c2af.internal.kr4.postgres.rds.ngovc.com] 응답시간 통계 - 최소: 9ms, 평균: 10ms, 최대: 14ms, P95: 12ms, P99: 13ms
[2026-02-23 22:57:34] [INFO] [38841fbe-5985-481c-9a6d-d0310520c2af.internal.kr4.postgres.rds.ngovc.com] (269/0/269)
[2026-02-23 22:57:34] [INFO] [38841fbe-5985-481c-9a6d-d0310520c2af.internal.kr4.postgres.rds.ngovc.com] 응답시간 통계 - 최소: 9ms, 평균: 10ms, 최대: 14ms, P95: 12ms, P99: 13ms
[2026-02-23 22:57:34] [INFO] [rancher-gov.goe.go.kr] (269/0/269)
[2026-02-23 22:57:34] [INFO] [rancher-gov.goe.go.kr] 응답시간 통계 - 최소: 9ms, 평균: 10ms, 최대: 13ms, P95: 12ms, P99: 12ms
[2026-02-23 22:58:34] [INFO] [rancher-gov.goe.go.kr] (269/0/269)
[2026-02-23 22:58:34] [INFO] [38841fbe-5985-481c-9a6d-d0310520c2af.internal.kr4.postgres.rds.ngovc.com] (269/0/269)
[2026-02-23 22:58:34] [INFO] [rancher-gov.goe.go.kr] 응답시간 통계 - 최소: 9ms, 평균: 10ms, 최대: 13ms, P95: 12ms, P99: 12ms
[2026-02-23 22:58:34] [INFO] [38841fbe-5985-481c-9a6d-d0310520c2af.internal.kr4.postgres.rds.ngovc.com] 응답시간 통계 - 최소: 8ms, 평균: 10ms, 최대: 14ms, P95: 12ms, P99: 13ms
[2026-02-23 22:59:34] [INFO] [rancher-gov.goe.go.kr] (269/0/269)
[2026-02-23 22:59:34] [INFO] [38841fbe-5985-481c-9a6d-d0310520c2af.internal.kr4.postgres.rds.ngovc.com] (269/0/269)
[2026-02-23 22:59:34] [INFO] [rancher-gov.goe.go.kr] 응답시간 통계 - 최소: 9ms, 평균: 10ms, 최대: 17ms, P95: 11ms, P99: 13ms
[2026-02-23 22:59:34] [INFO] [38841fbe-5985-481c-9a6d-d0310520c2af.internal.kr4.postgres.rds.ngovc.com] 응답시간 통계 - 최소: 9ms, 평균: 10ms, 최대: 16ms, P95: 12ms, P99: 13ms
[2026-02-23 23:00:34] [INFO] [rancher-gov.goe.go.kr] (268/0/268)
[2026-02-23 23:00:34] [INFO] [38841fbe-5985-481c-9a6d-d0310520c2af.internal.kr4.postgres.rds.ngovc.com] (268/0/268)
[2026-02-23 23:00:34] [INFO] [rancher-gov.goe.go.kr] 응답시간 통계 - 최소: 9ms, 평균: 10ms, 최대: 13ms, P95: 12ms, P99: 12ms
[2026-02-23 23:00:34] [INFO] [38841fbe-5985-481c-9a6d-d0310520c2af.internal.kr4.postgres.rds.ngovc.com] 응답시간 통계 - 최소: 8ms, 평균: 10ms, 최대: 14ms, P95: 12ms, P99: 13ms
[2026-02-23 23:01:34] [INFO] [rancher-gov.goe.go.kr] (269/0/269)
[2026-02-23 23:01:34] [INFO] [38841fbe-5985-481c-9a6d-d0310520c2af.internal.kr4.postgres.rds.ngovc.com] (269/0/269)
[2026-02-23 23:01:34] [INFO] [rancher-gov.goe.go.kr] 응답시간 통계 - 최소: 9ms, 평균: 10ms, 최대: 15ms, P95: 12ms, P99: 12ms
[2026-02-23 23:01:34] [INFO] [38841fbe-5985-481c-9a6d-d0310520c2af.internal.kr4.postgres.rds.ngovc.com] 응답시간 통계 - 최소: 8ms, 평균: 10ms, 최대: 18ms, P95: 12ms, P99: 14ms
[2026-02-23 23:02:34] [INFO] [rancher-gov.goe.go.kr] (268/0/268)
[2026-02-23 23:02:34] [INFO] [rancher-gov.goe.go.kr] 응답시간 통계 - 최소: 9ms, 평균: 10ms, 최대: 14ms, P95: 12ms, P99: 13ms
[2026-02-23 23:02:34] [INFO] [38841fbe-5985-481c-9a6d-d0310520c2af.internal.kr4.postgres.rds.ngovc.com] (268/0/268)
[2026-02-23 23:02:34] [INFO] [38841fbe-5985-481c-9a6d-d0310520c2af.internal.kr4.postgres.rds.ngovc.com] 응답시간 통계 - 최소: 8ms, 평균: 10ms, 최대: 21ms, P95: 12ms, P99: 14ms
[2026-02-23 23:03:34] [INFO] [rancher-gov.goe.go.kr] (268/0/268)
[2026-02-23 23:03:34] [INFO] [38841fbe-5985-481c-9a6d-d0310520c2af.internal.kr4.postgres.rds.ngovc.com] (268/0/268)
[2026-02-23 23:03:34] [INFO] [rancher-gov.goe.go.kr] 응답시간 통계 - 최소: 9ms, 평균: 10ms, 최대: 13ms, P95: 12ms, P99: 12ms
[2026-02-23 23:03:34] [INFO] [38841fbe-5985-481c-9a6d-d0310520c2af.internal.kr4.postgres.rds.ngovc.com] 응답시간 통계 - 최소: 9ms, 평균: 10ms, 최대: 13ms, P95: 12ms, P99: 13ms
[2026-02-23 23:04:34] [INFO] [rancher-gov.goe.go.kr] (269/0/269)
[2026-02-23 23:04:34] [INFO] [38841fbe-5985-481c-9a6d-d0310520c2af.internal.kr4.postgres.rds.ngovc.com] (269/0/269)
[2026-02-23 23:04:34] [INFO] [rancher-gov.goe.go.kr] 응답시간 통계 - 최소: 9ms, 평균: 10ms, 최대: 18ms, P95: 11ms, P99: 12ms
[2026-02-23 23:04:34] [INFO] [38841fbe-5985-481c-9a6d-d0310520c2af.internal.kr4.postgres.rds.ngovc.com] 응답시간 통계 - 최소: 9ms, 평균: 10ms, 최대: 18ms, P95: 12ms, P99: 14ms
[2026-02-23 23:05:34] [INFO] [rancher-gov.goe.go.kr] (268/0/268)
[2026-02-23 23:05:34] [INFO] [38841fbe-5985-481c-9a6d-d0310520c2af.internal.kr4.postgres.rds.ngovc.com] (268/0/268)
[2026-02-23 23:05:34] [INFO] [rancher-gov.goe.go.kr] 응답시간 통계 - 최소: 9ms, 평균: 10ms, 최대: 14ms, P95: 12ms, P99: 13ms
[2026-02-23 23:05:34] [INFO] [38841fbe-5985-481c-9a6d-d0310520c2af.internal.kr4.postgres.rds.ngovc.com] 응답시간 통계 - 최소: 8ms, 평균: 10ms, 최대: 15ms, P95: 12ms, P99: 13ms
[2026-02-23 23:06:34] [INFO] [38841fbe-5985-481c-9a6d-d0310520c2af.internal.kr4.postgres.rds.ngovc.com] (269/0/269)
[2026-02-23 23:06:34] [INFO] [rancher-gov.goe.go.kr] (269/0/269)
[2026-02-23 23:06:34] [INFO] [38841fbe-5985-481c-9a6d-d0310520c2af.internal.kr4.postgres.rds.ngovc.com] 응답시간 통계 - 최소: 8ms, 평균: 10ms, 최대: 19ms, P95: 12ms, P99: 14ms
[2026-02-23 23:06:34] [INFO] [rancher-gov.goe.go.kr] 응답시간 통계 - 최소: 9ms, 평균: 10ms, 최대: 19ms, P95: 12ms, P99: 13ms
[2026-02-23 23:07:34] [INFO] [38841fbe-5985-481c-9a6d-d0310520c2af.internal.kr4.postgres.rds.ngovc.com] (270/0/270)
[2026-02-23 23:07:34] [INFO] [rancher-gov.goe.go.kr] (270/0/270)
[2026-02-23 23:07:34] [INFO] [38841fbe-5985-481c-9a6d-d0310520c2af.internal.kr4.postgres.rds.ngovc.com] 응답시간 통계 - 최소: 8ms, 평균: 10ms, 최대: 14ms, P95: 12ms, P99: 13ms
[2026-02-23 23:07:34] [INFO] [rancher-gov.goe.go.kr] 응답시간 통계 - 최소: 9ms, 평균: 10ms, 최대: 14ms, P95: 11ms, P99: 13ms
[2026-02-23 23:08:34] [INFO] [38841fbe-5985-481c-9a6d-d0310520c2af.internal.kr4.postgres.rds.ngovc.com] (267/0/267)
[2026-02-23 23:08:34] [INFO] [rancher-gov.goe.go.kr] (267/0/267)
[2026-02-23 23:08:34] [INFO] [38841fbe-5985-481c-9a6d-d0310520c2af.internal.kr4.postgres.rds.ngovc.com] 응답시간 통계 - 최소: 9ms, 평균: 10ms, 최대: 14ms, P95: 12ms, P99: 14ms
[2026-02-23 23:08:34] [INFO] [rancher-gov.goe.go.kr] 응답시간 통계 - 최소: 9ms, 평균: 10ms, 최대: 23ms, P95: 12ms, P99: 13ms
[2026-02-23 23:09:34] [INFO] [38841fbe-5985-481c-9a6d-d0310520c2af.internal.kr4.postgres.rds.ngovc.com] (269/0/269)
[2026-02-23 23:09:34] [INFO] [38841fbe-5985-481c-9a6d-d0310520c2af.internal.kr4.postgres.rds.ngovc.com] 응답시간 통계 - 최소: 9ms, 평균: 10ms, 최대: 17ms, P95: 12ms, P99: 14ms
[2026-02-23 23:09:34] [INFO] [rancher-gov.goe.go.kr] (269/0/269)
[2026-02-23 23:09:34] [INFO] [rancher-gov.goe.go.kr] 응답시간 통계 - 최소: 9ms, 평균: 10ms, 최대: 14ms, P95: 12ms, P99: 13ms
[2026-02-23 23:10:34] [INFO] [rancher-gov.goe.go.kr] (268/0/268)
[2026-02-23 23:10:34] [INFO] [rancher-gov.goe.go.kr] 응답시간 통계 - 최소: 9ms, 평균: 10ms, 최대: 14ms, P95: 12ms, P99: 12ms
[2026-02-23 23:10:34] [INFO] [38841fbe-5985-481c-9a6d-d0310520c2af.internal.kr4.postgres.rds.ngovc.com] (268/0/268)
[2026-02-23 23:10:34] [INFO] [38841fbe-5985-481c-9a6d-d0310520c2af.internal.kr4.postgres.rds.ngovc.com] 응답시간 통계 - 최소: 8ms, 평균: 10ms, 최대: 14ms, P95: 12ms, P99: 13ms
[2026-02-23 23:11:34] [INFO] [rancher-gov.goe.go.kr] (270/0/270)
[2026-02-23 23:11:34] [INFO] [38841fbe-5985-481c-9a6d-d0310520c2af.internal.kr4.postgres.rds.ngovc.com] (270/0/270)
[2026-02-23 23:11:34] [INFO] [rancher-gov.goe.go.kr] 응답시간 통계 - 최소: 9ms, 평균: 10ms, 최대: 17ms, P95: 12ms, P99: 13ms
[2026-02-23 23:11:34] [INFO] [38841fbe-5985-481c-9a6d-d0310520c2af.internal.kr4.postgres.rds.ngovc.com] 응답시간 통계 - 최소: 9ms, 평균: 10ms, 최대: 14ms, P95: 12ms, P99: 13ms
[2026-02-23 23:12:34] [INFO] [rancher-gov.goe.go.kr] (268/0/268)
[2026-02-23 23:12:34] [INFO] [38841fbe-5985-481c-9a6d-d0310520c2af.internal.kr4.postgres.rds.ngovc.com] (268/0/268)
[2026-02-23 23:12:34] [INFO] [rancher-gov.goe.go.kr] 응답시간 통계 - 최소: 9ms, 평균: 10ms, 최대: 15ms, P95: 12ms, P99: 13ms
[2026-02-23 23:12:34] [INFO] [38841fbe-5985-481c-9a6d-d0310520c2af.internal.kr4.postgres.rds.ngovc.com] 응답시간 통계 - 최소: 9ms, 평균: 10ms, 최대: 14ms, P95: 12ms, P99: 14ms
[2026-02-23 23:13:34] [INFO] [38841fbe-5985-481c-9a6d-d0310520c2af.internal.kr4.postgres.rds.ngovc.com] (268/0/268)
[2026-02-23 23:13:34] [INFO] [rancher-gov.goe.go.kr] (268/0/268)
[2026-02-23 23:13:34] [INFO] [38841fbe-5985-481c-9a6d-d0310520c2af.internal.kr4.postgres.rds.ngovc.com] 응답시간 통계 - 최소: 9ms, 평균: 10ms, 최대: 15ms, P95: 12ms, P99: 14ms
[2026-02-23 23:13:34] [INFO] [rancher-gov.goe.go.kr] 응답시간 통계 - 최소: 9ms, 평균: 10ms, 최대: 16ms, P95: 12ms, P99: 13ms
[2026-02-23 23:14:34] [INFO] [rancher-gov.goe.go.kr] (269/0/269)
[2026-02-23 23:14:34] [INFO] [rancher-gov.goe.go.kr] 응답시간 통계 - 최소: 9ms, 평균: 10ms, 최대: 14ms, P95: 11ms, P99: 12ms
[2026-02-23 23:14:34] [INFO] [38841fbe-5985-481c-9a6d-d0310520c2af.internal.kr4.postgres.rds.ngovc.com] (269/0/269)
[2026-02-23 23:14:34] [INFO] [38841fbe-5985-481c-9a6d-d0310520c2af.internal.kr4.postgres.rds.ngovc.com] 응답시간 통계 - 최소: 9ms, 평균: 10ms, 최대: 15ms, P95: 12ms, P99: 13ms
[2026-02-23 23:15:34] [INFO] [rancher-gov.goe.go.kr] (268/0/268)
[2026-02-23 23:15:34] [INFO] [rancher-gov.goe.go.kr] 응답시간 통계 - 최소: 9ms, 평균: 10ms, 최대: 22ms, P95: 11ms, P99: 13ms
[2026-02-23 23:15:34] [INFO] [38841fbe-5985-481c-9a6d-d0310520c2af.internal.kr4.postgres.rds.ngovc.com] (268/0/268)
[2026-02-23 23:15:34] [INFO] [38841fbe-5985-481c-9a6d-d0310520c2af.internal.kr4.postgres.rds.ngovc.com] 응답시간 통계 - 최소: 9ms, 평균: 10ms, 최대: 22ms, P95: 12ms, P99: 13ms
[2026-02-23 23:16:34] [INFO] [rancher-gov.goe.go.kr] (269/0/269)
[2026-02-23 23:16:34] [INFO] [38841fbe-5985-481c-9a6d-d0310520c2af.internal.kr4.postgres.rds.ngovc.com] (269/0/269)
[2026-02-23 23:16:34] [INFO] [rancher-gov.goe.go.kr] 응답시간 통계 - 최소: 9ms, 평균: 10ms, 최대: 14ms, P95: 12ms, P99: 13ms
[2026-02-23 23:16:34] [INFO] [38841fbe-5985-481c-9a6d-d0310520c2af.internal.kr4.postgres.rds.ngovc.com] 응답시간 통계 - 최소: 9ms, 평균: 10ms, 최대: 15ms, P95: 13ms, P99: 14ms
[2026-02-23 23:17:34] [INFO] [rancher-gov.goe.go.kr] (267/0/267)
[2026-02-23 23:17:34] [INFO] [38841fbe-5985-481c-9a6d-d0310520c2af.internal.kr4.postgres.rds.ngovc.com] (267/0/267)
[2026-02-23 23:17:34] [INFO] [rancher-gov.goe.go.kr] 응답시간 통계 - 최소: 9ms, 평균: 10ms, 최대: 14ms, P95: 12ms, P99: 13ms
[2026-02-23 23:17:34] [INFO] [38841fbe-5985-481c-9a6d-d0310520c2af.internal.kr4.postgres.rds.ngovc.com] 응답시간 통계 - 최소: 9ms, 평균: 10ms, 최대: 14ms, P95: 12ms, P99: 13ms
[2026-02-23 23:18:34] [INFO] [rancher-gov.goe.go.kr] (268/0/268)
[2026-02-23 23:18:34] [INFO] [38841fbe-5985-481c-9a6d-d0310520c2af.internal.kr4.postgres.rds.ngovc.com] (268/0/268)
[2026-02-23 23:18:34] [INFO] [rancher-gov.goe.go.kr] 응답시간 통계 - 최소: 9ms, 평균: 10ms, 최대: 13ms, P95: 12ms, P99: 13ms
[2026-02-23 23:18:34] [INFO] [38841fbe-5985-481c-9a6d-d0310520c2af.internal.kr4.postgres.rds.ngovc.com] 응답시간 통계 - 최소: 9ms, 평균: 10ms, 최대: 15ms, P95: 12ms, P99: 14ms
[2026-02-23 23:19:34] [INFO] [rancher-gov.goe.go.kr] (268/0/268)
[2026-02-23 23:19:34] [INFO] [38841fbe-5985-481c-9a6d-d0310520c2af.internal.kr4.postgres.rds.ngovc.com] (268/0/268)
[2026-02-23 23:19:34] [INFO] [rancher-gov.goe.go.kr] 응답시간 통계 - 최소: 9ms, 평균: 10ms, 최대: 14ms, P95: 12ms, P99: 13ms
[2026-02-23 23:19:34] [INFO] [38841fbe-5985-481c-9a6d-d0310520c2af.internal.kr4.postgres.rds.ngovc.com] 응답시간 통계 - 최소: 9ms, 평균: 10ms, 최대: 15ms, P95: 12ms, P99: 13ms
[2026-02-23 23:20:34] [INFO] [rancher-gov.goe.go.kr] (267/0/267)
[2026-02-23 23:20:34] [INFO] [38841fbe-5985-481c-9a6d-d0310520c2af.internal.kr4.postgres.rds.ngovc.com] (267/0/267)
[2026-02-23 23:20:34] [INFO] [rancher-gov.goe.go.kr] 응답시간 통계 - 최소: 9ms, 평균: 10ms, 최대: 14ms, P95: 12ms, P99: 12ms
[2026-02-23 23:20:34] [INFO] [38841fbe-5985-481c-9a6d-d0310520c2af.internal.kr4.postgres.rds.ngovc.com] 응답시간 통계 - 최소: 9ms, 평균: 10ms, 최대: 14ms, P95: 12ms, P99: 14ms
[2026-02-23 23:21:34] [INFO] [rancher-gov.goe.go.kr] (269/0/269)
[2026-02-23 23:21:34] [INFO] [rancher-gov.goe.go.kr] 응답시간 통계 - 최소: 9ms, 평균: 10ms, 최대: 13ms, P95: 12ms, P99: 13ms
[2026-02-23 23:21:34] [INFO] [38841fbe-5985-481c-9a6d-d0310520c2af.internal.kr4.postgres.rds.ngovc.com] (269/0/269)
[2026-02-23 23:21:34] [INFO] [38841fbe-5985-481c-9a6d-d0310520c2af.internal.kr4.postgres.rds.ngovc.com] 응답시간 통계 - 최소: 8ms, 평균: 10ms, 최대: 15ms, P95: 12ms, P99: 14ms
[2026-02-23 23:22:34] [INFO] [38841fbe-5985-481c-9a6d-d0310520c2af.internal.kr4.postgres.rds.ngovc.com] (267/0/267)
[2026-02-23 23:22:34] [INFO] [38841fbe-5985-481c-9a6d-d0310520c2af.internal.kr4.postgres.rds.ngovc.com] 응답시간 통계 - 최소: 9ms, 평균: 10ms, 최대: 22ms, P95: 12ms, P99: 13ms
[2026-02-23 23:22:34] [INFO] [rancher-gov.goe.go.kr] (267/0/267)
[2026-02-23 23:22:34] [INFO] [rancher-gov.goe.go.kr] 응답시간 통계 - 최소: 9ms, 평균: 10ms, 최대: 14ms, P95: 12ms, P99: 13ms
[2026-02-23 23:23:34] [INFO] [rancher-gov.goe.go.kr] (269/0/269)
[2026-02-23 23:23:34] [INFO] [38841fbe-5985-481c-9a6d-d0310520c2af.internal.kr4.postgres.rds.ngovc.com] (269/0/269)
[2026-02-23 23:23:34] [INFO] [rancher-gov.goe.go.kr] 응답시간 통계 - 최소: 9ms, 평균: 10ms, 최대: 14ms, P95: 12ms, P99: 13ms
[2026-02-23 23:23:34] [INFO] [38841fbe-5985-481c-9a6d-d0310520c2af.internal.kr4.postgres.rds.ngovc.com] 응답시간 통계 - 최소: 9ms, 평균: 10ms, 최대: 17ms, P95: 12ms, P99: 13ms
[2026-02-23 23:24:34] [INFO] [38841fbe-5985-481c-9a6d-d0310520c2af.internal.kr4.postgres.rds.ngovc.com] (269/0/269)
[2026-02-23 23:24:34] [INFO] [38841fbe-5985-481c-9a6d-d0310520c2af.internal.kr4.postgres.rds.ngovc.com] 응답시간 통계 - 최소: 9ms, 평균: 10ms, 최대: 16ms, P95: 12ms, P99: 13ms
[2026-02-23 23:24:34] [INFO] [rancher-gov.goe.go.kr] (269/0/269)
[2026-02-23 23:24:34] [INFO] [rancher-gov.goe.go.kr] 응답시간 통계 - 최소: 9ms, 평균: 10ms, 최대: 14ms, P95: 12ms, P99: 13ms
[2026-02-23 23:25:34] [INFO] [rancher-gov.goe.go.kr] (268/0/268)
[2026-02-23 23:25:34] [INFO] [rancher-gov.goe.go.kr] 응답시간 통계 - 최소: 9ms, 평균: 10ms, 최대: 14ms, P95: 12ms, P99: 13ms
[2026-02-23 23:25:34] [INFO] [38841fbe-5985-481c-9a6d-d0310520c2af.internal.kr4.postgres.rds.ngovc.com] (268/0/268)
[2026-02-23 23:25:34] [INFO] [38841fbe-5985-481c-9a6d-d0310520c2af.internal.kr4.postgres.rds.ngovc.com] 응답시간 통계 - 최소: 9ms, 평균: 10ms, 최대: 14ms, P95: 12ms, P99: 14ms
[2026-02-23 23:26:34] [INFO] [38841fbe-5985-481c-9a6d-d0310520c2af.internal.kr4.postgres.rds.ngovc.com] (268/0/268)
[2026-02-23 23:26:34] [INFO] [rancher-gov.goe.go.kr] (268/0/268)
[2026-02-23 23:26:34] [INFO] [38841fbe-5985-481c-9a6d-d0310520c2af.internal.kr4.postgres.rds.ngovc.com] 응답시간 통계 - 최소: 9ms, 평균: 10ms, 최대: 14ms, P95: 12ms, P99: 13ms
[2026-02-23 23:26:34] [INFO] [rancher-gov.goe.go.kr] 응답시간 통계 - 최소: 9ms, 평균: 10ms, 최대: 14ms, P95: 12ms, P99: 13ms
[2026-02-23 23:27:34] [INFO] [rancher-gov.goe.go.kr] (269/0/269)
[2026-02-23 23:27:34] [INFO] [rancher-gov.goe.go.kr] 응답시간 통계 - 최소: 9ms, 평균: 10ms, 최대: 14ms, P95: 12ms, P99: 13ms
[2026-02-23 23:27:34] [INFO] [38841fbe-5985-481c-9a6d-d0310520c2af.internal.kr4.postgres.rds.ngovc.com] (269/0/269)
[2026-02-23 23:27:34] [INFO] [38841fbe-5985-481c-9a6d-d0310520c2af.internal.kr4.postgres.rds.ngovc.com] 응답시간 통계 - 최소: 8ms, 평균: 10ms, 최대: 14ms, P95: 12ms, P99: 13ms
[2026-02-23 23:28:34] [INFO] [rancher-gov.goe.go.kr] (269/0/269)
[2026-02-23 23:28:34] [INFO] [rancher-gov.goe.go.kr] 응답시간 통계 - 최소: 9ms, 평균: 10ms, 최대: 18ms, P95: 12ms, P99: 13ms
[2026-02-23 23:28:34] [INFO] [38841fbe-5985-481c-9a6d-d0310520c2af.internal.kr4.postgres.rds.ngovc.com] (269/0/269)
[2026-02-23 23:28:34] [INFO] [38841fbe-5985-481c-9a6d-d0310520c2af.internal.kr4.postgres.rds.ngovc.com] 응답시간 통계 - 최소: 8ms, 평균: 10ms, 최대: 14ms, P95: 12ms, P99: 14ms
[2026-02-23 23:29:34] [INFO] [rancher-gov.goe.go.kr] (267/0/267)
[2026-02-23 23:29:34] [INFO] [38841fbe-5985-481c-9a6d-d0310520c2af.internal.kr4.postgres.rds.ngovc.com] (267/0/267)
[2026-02-23 23:29:34] [INFO] [rancher-gov.goe.go.kr] 응답시간 통계 - 최소: 9ms, 평균: 10ms, 최대: 14ms, P95: 12ms, P99: 14ms
[2026-02-23 23:29:34] [INFO] [38841fbe-5985-481c-9a6d-d0310520c2af.internal.kr4.postgres.rds.ngovc.com] 응답시간 통계 - 최소: 9ms, 평균: 10ms, 최대: 15ms, P95: 12ms, P99: 14ms
[2026-02-23 23:30:34] [INFO] [rancher-gov.goe.go.kr] (268/0/268)
[2026-02-23 23:30:34] [INFO] [rancher-gov.goe.go.kr] 응답시간 통계 - 최소: 9ms, 평균: 10ms, 최대: 13ms, P95: 12ms, P99: 13ms
[2026-02-23 23:30:34] [INFO] [38841fbe-5985-481c-9a6d-d0310520c2af.internal.kr4.postgres.rds.ngovc.com] (268/0/268)
[2026-02-23 23:30:34] [INFO] [38841fbe-5985-481c-9a6d-d0310520c2af.internal.kr4.postgres.rds.ngovc.com] 응답시간 통계 - 최소: 9ms, 평균: 10ms, 최대: 14ms, P95: 12ms, P99: 13ms
[2026-02-23 23:31:34] [INFO] [38841fbe-5985-481c-9a6d-d0310520c2af.internal.kr4.postgres.rds.ngovc.com] (268/0/268)
[2026-02-23 23:31:34] [INFO] [rancher-gov.goe.go.kr] (268/0/268)
[2026-02-23 23:31:34] [INFO] [38841fbe-5985-481c-9a6d-d0310520c2af.internal.kr4.postgres.rds.ngovc.com] 응답시간 통계 - 최소: 9ms, 평균: 10ms, 최대: 15ms, P95: 12ms, P99: 14ms
[2026-02-23 23:31:34] [INFO] [rancher-gov.goe.go.kr] 응답시간 통계 - 최소: 9ms, 평균: 10ms, 최대: 13ms, P95: 11ms, P99: 12ms
[2026-02-23 23:32:34] [INFO] [38841fbe-5985-481c-9a6d-d0310520c2af.internal.kr4.postgres.rds.ngovc.com] (267/0/267)
[2026-02-23 23:32:34] [INFO] [38841fbe-5985-481c-9a6d-d0310520c2af.internal.kr4.postgres.rds.ngovc.com] 응답시간 통계 - 최소: 9ms, 평균: 10ms, 최대: 15ms, P95: 12ms, P99: 14ms
[2026-02-23 23:32:34] [INFO] [rancher-gov.goe.go.kr] (267/0/267)
[2026-02-23 23:32:34] [INFO] [rancher-gov.goe.go.kr] 응답시간 통계 - 최소: 9ms, 평균: 10ms, 최대: 17ms, P95: 12ms, P99: 12ms
[2026-02-23 23:33:34] [INFO] [rancher-gov.goe.go.kr] (267/0/267)
[2026-02-23 23:33:34] [INFO] [38841fbe-5985-481c-9a6d-d0310520c2af.internal.kr4.postgres.rds.ngovc.com] (267/0/267)
[2026-02-23 23:33:34] [INFO] [rancher-gov.goe.go.kr] 응답시간 통계 - 최소: 9ms, 평균: 10ms, 최대: 16ms, P95: 12ms, P99: 13ms
[2026-02-23 23:33:34] [INFO] [38841fbe-5985-481c-9a6d-d0310520c2af.internal.kr4.postgres.rds.ngovc.com] 응답시간 통계 - 최소: 9ms, 평균: 10ms, 최대: 15ms, P95: 12ms, P99: 14ms
[2026-02-23 23:34:34] [INFO] [rancher-gov.goe.go.kr] (268/0/268)
[2026-02-23 23:34:34] [INFO] [38841fbe-5985-481c-9a6d-d0310520c2af.internal.kr4.postgres.rds.ngovc.com] (268/0/268)
[2026-02-23 23:34:34] [INFO] [rancher-gov.goe.go.kr] 응답시간 통계 - 최소: 9ms, 평균: 10ms, 최대: 14ms, P95: 12ms, P99: 13ms
[2026-02-23 23:34:34] [INFO] [38841fbe-5985-481c-9a6d-d0310520c2af.internal.kr4.postgres.rds.ngovc.com] 응답시간 통계 - 최소: 9ms, 평균: 10ms, 최대: 15ms, P95: 13ms, P99: 14ms
[2026-02-23 23:35:34] [INFO] [rancher-gov.goe.go.kr] (268/0/268)
[2026-02-23 23:35:34] [INFO] [38841fbe-5985-481c-9a6d-d0310520c2af.internal.kr4.postgres.rds.ngovc.com] (268/0/268)
[2026-02-23 23:35:34] [INFO] [rancher-gov.goe.go.kr] 응답시간 통계 - 최소: 9ms, 평균: 10ms, 최대: 17ms, P95: 12ms, P99: 14ms
[2026-02-23 23:35:34] [INFO] [38841fbe-5985-481c-9a6d-d0310520c2af.internal.kr4.postgres.rds.ngovc.com] 응답시간 통계 - 최소: 9ms, 평균: 10ms, 최대: 16ms, P95: 13ms, P99: 14ms
[2026-02-23 23:36:34] [INFO] [rancher-gov.goe.go.kr] (267/0/267)
[2026-02-23 23:36:34] [INFO] [38841fbe-5985-481c-9a6d-d0310520c2af.internal.kr4.postgres.rds.ngovc.com] (267/0/267)
[2026-02-23 23:36:34] [INFO] [rancher-gov.goe.go.kr] 응답시간 통계 - 최소: 9ms, 평균: 10ms, 최대: 17ms, P95: 12ms, P99: 14ms
[2026-02-23 23:36:34] [INFO] [38841fbe-5985-481c-9a6d-d0310520c2af.internal.kr4.postgres.rds.ngovc.com] 응답시간 통계 - 최소: 8ms, 평균: 10ms, 최대: 18ms, P95: 13ms, P99: 14ms
[2026-02-23 23:37:34] [INFO] [rancher-gov.goe.go.kr] (268/0/268)
[2026-02-23 23:37:34] [INFO] [rancher-gov.goe.go.kr] 응답시간 통계 - 최소: 9ms, 평균: 10ms, 최대: 14ms, P95: 11ms, P99: 13ms
[2026-02-23 23:37:34] [INFO] [38841fbe-5985-481c-9a6d-d0310520c2af.internal.kr4.postgres.rds.ngovc.com] (268/0/268)
[2026-02-23 23:37:34] [INFO] [38841fbe-5985-481c-9a6d-d0310520c2af.internal.kr4.postgres.rds.ngovc.com] 응답시간 통계 - 최소: 8ms, 평균: 10ms, 최대: 16ms, P95: 12ms, P99: 14ms
[2026-02-23 23:38:34] [INFO] [rancher-gov.goe.go.kr] (267/0/267)
[2026-02-23 23:38:34] [INFO] [38841fbe-5985-481c-9a6d-d0310520c2af.internal.kr4.postgres.rds.ngovc.com] (267/0/267)
[2026-02-23 23:38:34] [INFO] [rancher-gov.goe.go.kr] 응답시간 통계 - 최소: 9ms, 평균: 10ms, 최대: 14ms, P95: 12ms, P99: 13ms
[2026-02-23 23:38:34] [INFO] [38841fbe-5985-481c-9a6d-d0310520c2af.internal.kr4.postgres.rds.ngovc.com] 응답시간 통계 - 최소: 8ms, 평균: 10ms, 최대: 15ms, P95: 12ms, P99: 14ms
[2026-02-23 23:39:34] [INFO] [38841fbe-5985-481c-9a6d-d0310520c2af.internal.kr4.postgres.rds.ngovc.com] (268/0/268)
[2026-02-23 23:39:34] [INFO] [rancher-gov.goe.go.kr] (268/0/268)
[2026-02-23 23:39:34] [INFO] [38841fbe-5985-481c-9a6d-d0310520c2af.internal.kr4.postgres.rds.ngovc.com] 응답시간 통계 - 최소: 9ms, 평균: 10ms, 최대: 15ms, P95: 12ms, P99: 14ms
[2026-02-23 23:39:34] [INFO] [rancher-gov.goe.go.kr] 응답시간 통계 - 최소: 9ms, 평균: 10ms, 최대: 14ms, P95: 12ms, P99: 13ms
[2026-02-23 23:40:34] [INFO] [38841fbe-5985-481c-9a6d-d0310520c2af.internal.kr4.postgres.rds.ngovc.com] (271/0/271)
[2026-02-23 23:40:34] [INFO] [38841fbe-5985-481c-9a6d-d0310520c2af.internal.kr4.postgres.rds.ngovc.com] 응답시간 통계 - 최소: 9ms, 평균: 9ms, 최대: 14ms, P95: 12ms, P99: 13ms
[2026-02-23 23:40:34] [INFO] [rancher-gov.goe.go.kr] (271/0/271)
[2026-02-23 23:40:34] [INFO] [rancher-gov.goe.go.kr] 응답시간 통계 - 최소: 9ms, 평균: 9ms, 최대: 14ms, P95: 11ms, P99: 12ms
[2026-02-23 23:41:34] [INFO] [38841fbe-5985-481c-9a6d-d0310520c2af.internal.kr4.postgres.rds.ngovc.com] (268/0/268)
[2026-02-23 23:41:34] [INFO] [rancher-gov.goe.go.kr] (268/0/268)
[2026-02-23 23:41:34] [INFO] [38841fbe-5985-481c-9a6d-d0310520c2af.internal.kr4.postgres.rds.ngovc.com] 응답시간 통계 - 최소: 9ms, 평균: 10ms, 최대: 15ms, P95: 12ms, P99: 14ms
[2026-02-23 23:41:34] [INFO] [rancher-gov.goe.go.kr] 응답시간 통계 - 최소: 9ms, 평균: 10ms, 최대: 13ms, P95: 11ms, P99: 12ms
[2026-02-23 23:42:34] [INFO] [rancher-gov.goe.go.kr] (268/0/268)
[2026-02-23 23:42:34] [INFO] [38841fbe-5985-481c-9a6d-d0310520c2af.internal.kr4.postgres.rds.ngovc.com] (268/0/268)
[2026-02-23 23:42:34] [INFO] [rancher-gov.goe.go.kr] 응답시간 통계 - 최소: 9ms, 평균: 10ms, 최대: 15ms, P95: 12ms, P99: 13ms
[2026-02-23 23:42:34] [INFO] [38841fbe-5985-481c-9a6d-d0310520c2af.internal.kr4.postgres.rds.ngovc.com] 응답시간 통계 - 최소: 9ms, 평균: 10ms, 최대: 16ms, P95: 12ms, P99: 14ms
[2026-02-23 23:43:34] [INFO] [38841fbe-5985-481c-9a6d-d0310520c2af.internal.kr4.postgres.rds.ngovc.com] (268/0/268)
[2026-02-23 23:43:34] [INFO] [rancher-gov.goe.go.kr] (268/0/268)
[2026-02-23 23:43:34] [INFO] [rancher-gov.goe.go.kr] 응답시간 통계 - 최소: 9ms, 평균: 10ms, 최대: 15ms, P95: 12ms, P99: 13ms
[2026-02-23 23:43:34] [INFO] [38841fbe-5985-481c-9a6d-d0310520c2af.internal.kr4.postgres.rds.ngovc.com] 응답시간 통계 - 최소: 9ms, 평균: 10ms, 최대: 18ms, P95: 12ms, P99: 14ms
[2026-02-23 23:44:34] [INFO] [38841fbe-5985-481c-9a6d-d0310520c2af.internal.kr4.postgres.rds.ngovc.com] (267/0/267)
[2026-02-23 23:44:34] [INFO] [rancher-gov.goe.go.kr] (267/0/267)
[2026-02-23 23:44:34] [INFO] [rancher-gov.goe.go.kr] 응답시간 통계 - 최소: 9ms, 평균: 10ms, 최대: 18ms, P95: 12ms, P99: 13ms
[2026-02-23 23:44:34] [INFO] [38841fbe-5985-481c-9a6d-d0310520c2af.internal.kr4.postgres.rds.ngovc.com] 응답시간 통계 - 최소: 9ms, 평균: 10ms, 최대: 16ms, P95: 12ms, P99: 14ms
[2026-02-23 23:45:34] [INFO] [rancher-gov.goe.go.kr] (268/0/268)
[2026-02-23 23:45:34] [INFO] [38841fbe-5985-481c-9a6d-d0310520c2af.internal.kr4.postgres.rds.ngovc.com] (268/0/268)
[2026-02-23 23:45:34] [INFO] [rancher-gov.goe.go.kr] 응답시간 통계 - 최소: 9ms, 평균: 10ms, 최대: 16ms, P95: 12ms, P99: 14ms
[2026-02-23 23:45:34] [INFO] [38841fbe-5985-481c-9a6d-d0310520c2af.internal.kr4.postgres.rds.ngovc.com] 응답시간 통계 - 최소: 9ms, 평균: 10ms, 최대: 16ms, P95: 12ms, P99: 14ms
[2026-02-23 23:46:34] [INFO] [rancher-gov.goe.go.kr] (267/0/267)
[2026-02-23 23:46:34] [INFO] [38841fbe-5985-481c-9a6d-d0310520c2af.internal.kr4.postgres.rds.ngovc.com] (267/0/267)
[2026-02-23 23:46:34] [INFO] [rancher-gov.goe.go.kr] 응답시간 통계 - 최소: 9ms, 평균: 10ms, 최대: 15ms, P95: 12ms, P99: 13ms
[2026-02-23 23:46:34] [INFO] [38841fbe-5985-481c-9a6d-d0310520c2af.internal.kr4.postgres.rds.ngovc.com] 응답시간 통계 - 최소: 9ms, 평균: 10ms, 최대: 16ms, P95: 12ms, P99: 14ms
[2026-02-23 23:47:34] [INFO] [rancher-gov.goe.go.kr] (268/0/268)
[2026-02-23 23:47:34] [INFO] [rancher-gov.goe.go.kr] 응답시간 통계 - 최소: 9ms, 평균: 10ms, 최대: 14ms, P95: 12ms, P99: 13ms
[2026-02-23 23:47:34] [INFO] [38841fbe-5985-481c-9a6d-d0310520c2af.internal.kr4.postgres.rds.ngovc.com] (268/0/268)
[2026-02-23 23:47:34] [INFO] [38841fbe-5985-481c-9a6d-d0310520c2af.internal.kr4.postgres.rds.ngovc.com] 응답시간 통계 - 최소: 9ms, 평균: 10ms, 최대: 16ms, P95: 13ms, P99: 14ms
[2026-02-23 23:48:34] [INFO] [rancher-gov.goe.go.kr] (269/0/269)
[2026-02-23 23:48:34] [INFO] [38841fbe-5985-481c-9a6d-d0310520c2af.internal.kr4.postgres.rds.ngovc.com] (269/0/269)
[2026-02-23 23:48:34] [INFO] [rancher-gov.goe.go.kr] 응답시간 통계 - 최소: 9ms, 평균: 10ms, 최대: 16ms, P95: 11ms, P99: 13ms
[2026-02-23 23:48:34] [INFO] [38841fbe-5985-481c-9a6d-d0310520c2af.internal.kr4.postgres.rds.ngovc.com] 응답시간 통계 - 최소: 9ms, 평균: 10ms, 최대: 15ms, P95: 12ms, P99: 14ms
[2026-02-23 23:49:34] [INFO] [38841fbe-5985-481c-9a6d-d0310520c2af.internal.kr4.postgres.rds.ngovc.com] (267/0/267)
[2026-02-23 23:49:34] [INFO] [rancher-gov.goe.go.kr] (267/0/267)
[2026-02-23 23:49:34] [INFO] [38841fbe-5985-481c-9a6d-d0310520c2af.internal.kr4.postgres.rds.ngovc.com] 응답시간 통계 - 최소: 9ms, 평균: 10ms, 최대: 15ms, P95: 13ms, P99: 14ms
[2026-02-23 23:49:34] [INFO] [rancher-gov.goe.go.kr] 응답시간 통계 - 최소: 9ms, 평균: 10ms, 최대: 14ms, P95: 12ms, P99: 13ms
[2026-02-23 23:50:34] [INFO] [38841fbe-5985-481c-9a6d-d0310520c2af.internal.kr4.postgres.rds.ngovc.com] (267/0/267)
[2026-02-23 23:50:34] [INFO] [rancher-gov.goe.go.kr] (267/0/267)
[2026-02-23 23:50:34] [INFO] [38841fbe-5985-481c-9a6d-d0310520c2af.internal.kr4.postgres.rds.ngovc.com] 응답시간 통계 - 최소: 9ms, 평균: 10ms, 최대: 15ms, P95: 12ms, P99: 13ms
[2026-02-23 23:50:34] [INFO] [rancher-gov.goe.go.kr] 응답시간 통계 - 최소: 9ms, 평균: 10ms, 최대: 14ms, P95: 12ms, P99: 13ms
[2026-02-23 23:51:34] [INFO] [38841fbe-5985-481c-9a6d-d0310520c2af.internal.kr4.postgres.rds.ngovc.com] (268/0/268)
[2026-02-23 23:51:34] [INFO] [rancher-gov.goe.go.kr] (268/0/268)
[2026-02-23 23:51:34] [INFO] [38841fbe-5985-481c-9a6d-d0310520c2af.internal.kr4.postgres.rds.ngovc.com] 응답시간 통계 - 최소: 9ms, 평균: 10ms, 최대: 15ms, P95: 12ms, P99: 14ms
[2026-02-23 23:51:34] [INFO] [rancher-gov.goe.go.kr] 응답시간 통계 - 최소: 9ms, 평균: 10ms, 최대: 13ms, P95: 12ms, P99: 13ms
[2026-02-23 23:52:34] [INFO] [38841fbe-5985-481c-9a6d-d0310520c2af.internal.kr4.postgres.rds.ngovc.com] (267/0/267)
[2026-02-23 23:52:34] [INFO] [rancher-gov.goe.go.kr] (267/0/267)
[2026-02-23 23:52:34] [INFO] [rancher-gov.goe.go.kr] 응답시간 통계 - 최소: 9ms, 평균: 10ms, 최대: 14ms, P95: 11ms, P99: 14ms
[2026-02-23 23:52:34] [INFO] [38841fbe-5985-481c-9a6d-d0310520c2af.internal.kr4.postgres.rds.ngovc.com] 응답시간 통계 - 최소: 9ms, 평균: 10ms, 최대: 15ms, P95: 13ms, P99: 14ms
[2026-02-23 23:53:34] [INFO] [38841fbe-5985-481c-9a6d-d0310520c2af.internal.kr4.postgres.rds.ngovc.com] (267/0/267)
[2026-02-23 23:53:34] [INFO] [38841fbe-5985-481c-9a6d-d0310520c2af.internal.kr4.postgres.rds.ngovc.com] 응답시간 통계 - 최소: 8ms, 평균: 10ms, 최대: 17ms, P95: 12ms, P99: 14ms
[2026-02-23 23:53:34] [INFO] [rancher-gov.goe.go.kr] (267/0/267)
[2026-02-23 23:53:34] [INFO] [rancher-gov.goe.go.kr] 응답시간 통계 - 최소: 9ms, 평균: 10ms, 최대: 33ms, P95: 12ms, P99: 14ms
[2026-02-23 23:54:34] [INFO] [rancher-gov.goe.go.kr] (268/0/268)
[2026-02-23 23:54:34] [INFO] [38841fbe-5985-481c-9a6d-d0310520c2af.internal.kr4.postgres.rds.ngovc.com] (268/0/268)
[2026-02-23 23:54:34] [INFO] [rancher-gov.goe.go.kr] 응답시간 통계 - 최소: 9ms, 평균: 10ms, 최대: 13ms, P95: 12ms, P99: 12ms
[2026-02-23 23:54:34] [INFO] [38841fbe-5985-481c-9a6d-d0310520c2af.internal.kr4.postgres.rds.ngovc.com] 응답시간 통계 - 최소: 9ms, 평균: 10ms, 최대: 20ms, P95: 12ms, P99: 13ms
[2026-02-23 23:55:34] [INFO] [38841fbe-5985-481c-9a6d-d0310520c2af.internal.kr4.postgres.rds.ngovc.com] (270/0/270)
[2026-02-23 23:55:34] [INFO] [rancher-gov.goe.go.kr] (270/0/270)
[2026-02-23 23:55:34] [INFO] [38841fbe-5985-481c-9a6d-d0310520c2af.internal.kr4.postgres.rds.ngovc.com] 응답시간 통계 - 최소: 8ms, 평균: 10ms, 최대: 14ms, P95: 11ms, P99: 13ms
[2026-02-23 23:55:34] [INFO] [rancher-gov.goe.go.kr] 응답시간 통계 - 최소: 9ms, 평균: 10ms, 최대: 12ms, P95: 11ms, P99: 12ms
[2026-02-23 23:56:34] [INFO] [rancher-gov.goe.go.kr] (267/0/267)
[2026-02-23 23:56:34] [INFO] [38841fbe-5985-481c-9a6d-d0310520c2af.internal.kr4.postgres.rds.ngovc.com] (267/0/267)
[2026-02-23 23:56:34] [INFO] [38841fbe-5985-481c-9a6d-d0310520c2af.internal.kr4.postgres.rds.ngovc.com] 응답시간 통계 - 최소: 9ms, 평균: 10ms, 최대: 18ms, P95: 12ms, P99: 13ms
[2026-02-23 23:56:34] [INFO] [rancher-gov.goe.go.kr] 응답시간 통계 - 최소: 9ms, 평균: 10ms, 최대: 15ms, P95: 12ms, P99: 14ms
[2026-02-23 23:57:34] [INFO] [rancher-gov.goe.go.kr] (269/0/269)
[2026-02-23 23:57:34] [INFO] [38841fbe-5985-481c-9a6d-d0310520c2af.internal.kr4.postgres.rds.ngovc.com] (269/0/269)
[2026-02-23 23:57:34] [INFO] [rancher-gov.goe.go.kr] 응답시간 통계 - 최소: 9ms, 평균: 10ms, 최대: 14ms, P95: 11ms, P99: 13ms
[2026-02-23 23:57:34] [INFO] [38841fbe-5985-481c-9a6d-d0310520c2af.internal.kr4.postgres.rds.ngovc.com] 응답시간 통계 - 최소: 9ms, 평균: 10ms, 최대: 15ms, P95: 12ms, P99: 13ms
[2026-02-23 23:58:34] [INFO] [rancher-gov.goe.go.kr] (268/0/268)
[2026-02-23 23:58:34] [INFO] [38841fbe-5985-481c-9a6d-d0310520c2af.internal.kr4.postgres.rds.ngovc.com] (268/0/268)
[2026-02-23 23:58:34] [INFO] [rancher-gov.goe.go.kr] 응답시간 통계 - 최소: 9ms, 평균: 10ms, 최대: 14ms, P95: 11ms, P99: 13ms
[2026-02-23 23:58:34] [INFO] [38841fbe-5985-481c-9a6d-d0310520c2af.internal.kr4.postgres.rds.ngovc.com] 응답시간 통계 - 최소: 9ms, 평균: 10ms, 최대: 15ms, P95: 12ms, P99: 13ms
[2026-02-23 23:59:34] [INFO] [rancher-gov.goe.go.kr] (267/0/267)
[2026-02-23 23:59:34] [INFO] [rancher-gov.goe.go.kr] 응답시간 통계 - 최소: 9ms, 평균: 10ms, 최대: 13ms, P95: 11ms, P99: 12ms
[2026-02-23 23:59:34] [INFO] [38841fbe-5985-481c-9a6d-d0310520c2af.internal.kr4.postgres.rds.ngovc.com] (267/0/267)
[2026-02-23 23:59:34] [INFO] [38841fbe-5985-481c-9a6d-d0310520c2af.internal.kr4.postgres.rds.ngovc.com] 응답시간 통계 - 최소: 9ms, 평균: 10ms, 최대: 16ms, P95: 12ms, P99: 14ms
[2026-02-24 00:00:34] [INFO] [rancher-gov.goe.go.kr] (269/0/269)
[2026-02-24 00:00:34] [INFO] [rancher-gov.goe.go.kr] 응답시간 통계 - 최소: 9ms, 평균: 10ms, 최대: 13ms, P95: 11ms, P99: 13ms
[2026-02-24 00:00:34] [INFO] [38841fbe-5985-481c-9a6d-d0310520c2af.internal.kr4.postgres.rds.ngovc.com] (269/0/269)
[2026-02-24 00:00:34] [INFO] [38841fbe-5985-481c-9a6d-d0310520c2af.internal.kr4.postgres.rds.ngovc.com] 응답시간 통계 - 최소: 9ms, 평균: 10ms, 최대: 14ms, P95: 12ms, P99: 13ms
[2026-02-24 00:01:34] [INFO] [rancher-gov.goe.go.kr] (267/0/267)
[2026-02-24 00:01:34] [INFO] [rancher-gov.goe.go.kr] 응답시간 통계 - 최소: 9ms, 평균: 10ms, 최대: 14ms, P95: 12ms, P99: 13ms
[2026-02-24 00:01:34] [INFO] [38841fbe-5985-481c-9a6d-d0310520c2af.internal.kr4.postgres.rds.ngovc.com] (267/0/267)
[2026-02-24 00:01:34] [INFO] [38841fbe-5985-481c-9a6d-d0310520c2af.internal.kr4.postgres.rds.ngovc.com] 응답시간 통계 - 최소: 8ms, 평균: 10ms, 최대: 18ms, P95: 13ms, P99: 13ms
[2026-02-24 00:02:34] [INFO] [38841fbe-5985-481c-9a6d-d0310520c2af.internal.kr4.postgres.rds.ngovc.com] (268/0/268)
[2026-02-24 00:02:34] [INFO] [rancher-gov.goe.go.kr] (268/0/268)
[2026-02-24 00:02:34] [INFO] [38841fbe-5985-481c-9a6d-d0310520c2af.internal.kr4.postgres.rds.ngovc.com] 응답시간 통계 - 최소: 9ms, 평균: 10ms, 최대: 14ms, P95: 12ms, P99: 13ms
[2026-02-24 00:02:34] [INFO] [rancher-gov.goe.go.kr] 응답시간 통계 - 최소: 9ms, 평균: 10ms, 최대: 15ms, P95: 11ms, P99: 13ms
[2026-02-24 00:03:34] [INFO] [rancher-gov.goe.go.kr] (267/0/267)
[2026-02-24 00:03:34] [INFO] [rancher-gov.goe.go.kr] 응답시간 통계 - 최소: 9ms, 평균: 10ms, 최대: 14ms, P95: 11ms, P99: 13ms
[2026-02-24 00:03:34] [INFO] [38841fbe-5985-481c-9a6d-d0310520c2af.internal.kr4.postgres.rds.ngovc.com] (267/0/267)
[2026-02-24 00:03:34] [INFO] [38841fbe-5985-481c-9a6d-d0310520c2af.internal.kr4.postgres.rds.ngovc.com] 응답시간 통계 - 최소: 9ms, 평균: 10ms, 최대: 15ms, P95: 12ms, P99: 14ms
[2026-02-24 00:04:34] [INFO] [38841fbe-5985-481c-9a6d-d0310520c2af.internal.kr4.postgres.rds.ngovc.com] (268/0/268)
[2026-02-24 00:04:34] [INFO] [rancher-gov.goe.go.kr] (268/0/268)
[2026-02-24 00:04:34] [INFO] [38841fbe-5985-481c-9a6d-d0310520c2af.internal.kr4.postgres.rds.ngovc.com] 응답시간 통계 - 최소: 9ms, 평균: 10ms, 최대: 16ms, P95: 13ms, P99: 14ms
[2026-02-24 00:04:34] [INFO] [rancher-gov.goe.go.kr] 응답시간 통계 - 최소: 9ms, 평균: 10ms, 최대: 15ms, P95: 12ms, P99: 14ms
[2026-02-24 00:05:34] [INFO] [rancher-gov.goe.go.kr] (267/0/267)
[2026-02-24 00:05:34] [INFO] [38841fbe-5985-481c-9a6d-d0310520c2af.internal.kr4.postgres.rds.ngovc.com] (267/0/267)
[2026-02-24 00:05:34] [INFO] [rancher-gov.goe.go.kr] 응답시간 통계 - 최소: 9ms, 평균: 10ms, 최대: 14ms, P95: 12ms, P99: 13ms
[2026-02-24 00:05:34] [INFO] [38841fbe-5985-481c-9a6d-d0310520c2af.internal.kr4.postgres.rds.ngovc.com] 응답시간 통계 - 최소: 9ms, 평균: 10ms, 최대: 15ms, P95: 12ms, P99: 14ms
[2026-02-24 00:06:34] [INFO] [38841fbe-5985-481c-9a6d-d0310520c2af.internal.kr4.postgres.rds.ngovc.com] (267/0/267)
[2026-02-24 00:06:34] [INFO] [38841fbe-5985-481c-9a6d-d0310520c2af.internal.kr4.postgres.rds.ngovc.com] 응답시간 통계 - 최소: 9ms, 평균: 10ms, 최대: 15ms, P95: 12ms, P99: 14ms
[2026-02-24 00:06:34] [INFO] [rancher-gov.goe.go.kr] (267/0/267)
[2026-02-24 00:06:34] [INFO] [rancher-gov.goe.go.kr] 응답시간 통계 - 최소: 9ms, 평균: 10ms, 최대: 15ms, P95: 12ms, P99: 14ms
[2026-02-24 00:07:34] [INFO] [38841fbe-5985-481c-9a6d-d0310520c2af.internal.kr4.postgres.rds.ngovc.com] (268/0/268)
[2026-02-24 00:07:34] [INFO] [rancher-gov.goe.go.kr] (268/0/268)
[2026-02-24 00:07:34] [INFO] [38841fbe-5985-481c-9a6d-d0310520c2af.internal.kr4.postgres.rds.ngovc.com] 응답시간 통계 - 최소: 9ms, 평균: 10ms, 최대: 15ms, P95: 12ms, P99: 13ms
[2026-02-24 00:07:34] [INFO] [rancher-gov.goe.go.kr] 응답시간 통계 - 최소: 9ms, 평균: 10ms, 최대: 14ms, P95: 12ms, P99: 13ms
[2026-02-24 00:08:34] [INFO] [38841fbe-5985-481c-9a6d-d0310520c2af.internal.kr4.postgres.rds.ngovc.com] (267/0/267)
[2026-02-24 00:08:34] [INFO] [rancher-gov.goe.go.kr] (267/0/267)
[2026-02-24 00:08:34] [INFO] [38841fbe-5985-481c-9a6d-d0310520c2af.internal.kr4.postgres.rds.ngovc.com] 응답시간 통계 - 최소: 9ms, 평균: 10ms, 최대: 16ms, P95: 12ms, P99: 14ms
[2026-02-24 00:08:34] [INFO] [rancher-gov.goe.go.kr] 응답시간 통계 - 최소: 9ms, 평균: 10ms, 최대: 14ms, P95: 12ms, P99: 12ms
[2026-02-24 00:09:34] [INFO] [rancher-gov.goe.go.kr] (267/0/267)
[2026-02-24 00:09:34] [INFO] [38841fbe-5985-481c-9a6d-d0310520c2af.internal.kr4.postgres.rds.ngovc.com] (267/0/267)
[2026-02-24 00:09:34] [INFO] [38841fbe-5985-481c-9a6d-d0310520c2af.internal.kr4.postgres.rds.ngovc.com] 응답시간 통계 - 최소: 9ms, 평균: 10ms, 최대: 14ms, P95: 12ms, P99: 14ms
[2026-02-24 00:09:34] [INFO] [rancher-gov.goe.go.kr] 응답시간 통계 - 최소: 9ms, 평균: 10ms, 최대: 14ms, P95: 12ms, P99: 13ms
[2026-02-24 00:10:34] [INFO] [38841fbe-5985-481c-9a6d-d0310520c2af.internal.kr4.postgres.rds.ngovc.com] (267/0/267)
[2026-02-24 00:10:34] [INFO] [rancher-gov.goe.go.kr] (267/0/267)
[2026-02-24 00:10:34] [INFO] [38841fbe-5985-481c-9a6d-d0310520c2af.internal.kr4.postgres.rds.ngovc.com] 응답시간 통계 - 최소: 9ms, 평균: 10ms, 최대: 15ms, P95: 13ms, P99: 14ms
[2026-02-24 00:10:34] [INFO] [rancher-gov.goe.go.kr] 응답시간 통계 - 최소: 9ms, 평균: 10ms, 최대: 14ms, P95: 12ms, P99: 13ms
[2026-02-24 00:11:34] [INFO] [rancher-gov.goe.go.kr] (268/0/268)
[2026-02-24 00:11:34] [INFO] [38841fbe-5985-481c-9a6d-d0310520c2af.internal.kr4.postgres.rds.ngovc.com] (268/0/268)
[2026-02-24 00:11:34] [INFO] [rancher-gov.goe.go.kr] 응답시간 통계 - 최소: 9ms, 평균: 10ms, 최대: 14ms, P95: 12ms, P99: 13ms
[2026-02-24 00:11:34] [INFO] [38841fbe-5985-481c-9a6d-d0310520c2af.internal.kr4.postgres.rds.ngovc.com] 응답시간 통계 - 최소: 9ms, 평균: 10ms, 최대: 14ms, P95: 12ms, P99: 13ms
[2026-02-24 00:12:34] [INFO] [rancher-gov.goe.go.kr] (267/0/267)
[2026-02-24 00:12:34] [INFO] [38841fbe-5985-481c-9a6d-d0310520c2af.internal.kr4.postgres.rds.ngovc.com] (267/0/267)
[2026-02-24 00:12:34] [INFO] [rancher-gov.goe.go.kr] 응답시간 통계 - 최소: 9ms, 평균: 10ms, 최대: 18ms, P95: 12ms, P99: 14ms
[2026-02-24 00:12:34] [INFO] [38841fbe-5985-481c-9a6d-d0310520c2af.internal.kr4.postgres.rds.ngovc.com] 응답시간 통계 - 최소: 9ms, 평균: 10ms, 최대: 14ms, P95: 12ms, P99: 13ms
[2026-02-24 00:13:34] [INFO] [rancher-gov.goe.go.kr] (268/0/268)
[2026-02-24 00:13:34] [INFO] [38841fbe-5985-481c-9a6d-d0310520c2af.internal.kr4.postgres.rds.ngovc.com] (268/0/268)
[2026-02-24 00:13:34] [INFO] [rancher-gov.goe.go.kr] 응답시간 통계 - 최소: 9ms, 평균: 10ms, 최대: 15ms, P95: 11ms, P99: 12ms
[2026-02-24 00:13:34] [INFO] [38841fbe-5985-481c-9a6d-d0310520c2af.internal.kr4.postgres.rds.ngovc.com] 응답시간 통계 - 최소: 9ms, 평균: 10ms, 최대: 15ms, P95: 13ms, P99: 14ms
[2026-02-24 00:14:34] [INFO] [rancher-gov.goe.go.kr] (267/0/267)
[2026-02-24 00:14:34] [INFO] [rancher-gov.goe.go.kr] 응답시간 통계 - 최소: 9ms, 평균: 10ms, 최대: 13ms, P95: 11ms, P99: 13ms
[2026-02-24 00:14:34] [INFO] [38841fbe-5985-481c-9a6d-d0310520c2af.internal.kr4.postgres.rds.ngovc.com] (267/0/267)
[2026-02-24 00:14:34] [INFO] [38841fbe-5985-481c-9a6d-d0310520c2af.internal.kr4.postgres.rds.ngovc.com] 응답시간 통계 - 최소: 9ms, 평균: 10ms, 최대: 14ms, P95: 12ms, P99: 14ms
[2026-02-24 00:15:34] [INFO] [rancher-gov.goe.go.kr] (267/0/267)
[2026-02-24 00:15:34] [INFO] [38841fbe-5985-481c-9a6d-d0310520c2af.internal.kr4.postgres.rds.ngovc.com] (267/0/267)
[2026-02-24 00:15:34] [INFO] [rancher-gov.goe.go.kr] 응답시간 통계 - 최소: 9ms, 평균: 10ms, 최대: 17ms, P95: 12ms, P99: 14ms
[2026-02-24 00:15:34] [INFO] [38841fbe-5985-481c-9a6d-d0310520c2af.internal.kr4.postgres.rds.ngovc.com] 응답시간 통계 - 최소: 9ms, 평균: 10ms, 최대: 21ms, P95: 12ms, P99: 14ms
[2026-02-24 00:16:34] [INFO] [38841fbe-5985-481c-9a6d-d0310520c2af.internal.kr4.postgres.rds.ngovc.com] (268/0/268)
[2026-02-24 00:16:34] [INFO] [38841fbe-5985-481c-9a6d-d0310520c2af.internal.kr4.postgres.rds.ngovc.com] 응답시간 통계 - 최소: 9ms, 평균: 10ms, 최대: 21ms, P95: 13ms, P99: 14ms
[2026-02-24 00:16:34] [INFO] [rancher-gov.goe.go.kr] (268/0/268)
[2026-02-24 00:16:34] [INFO] [rancher-gov.goe.go.kr] 응답시간 통계 - 최소: 9ms, 평균: 10ms, 최대: 15ms, P95: 12ms, P99: 12ms
[2026-02-24 00:17:34] [INFO] [rancher-gov.goe.go.kr] (267/0/267)
[2026-02-24 00:17:34] [INFO] [38841fbe-5985-481c-9a6d-d0310520c2af.internal.kr4.postgres.rds.ngovc.com] (267/0/267)
[2026-02-24 00:17:34] [INFO] [38841fbe-5985-481c-9a6d-d0310520c2af.internal.kr4.postgres.rds.ngovc.com] 응답시간 통계 - 최소: 9ms, 평균: 10ms, 최대: 16ms, P95: 12ms, P99: 14ms
[2026-02-24 00:17:34] [INFO] [rancher-gov.goe.go.kr] 응답시간 통계 - 최소: 9ms, 평균: 10ms, 최대: 15ms, P95: 12ms, P99: 13ms
[2026-02-24 00:18:34] [INFO] [rancher-gov.goe.go.kr] (267/0/267)
[2026-02-24 00:18:34] [INFO] [38841fbe-5985-481c-9a6d-d0310520c2af.internal.kr4.postgres.rds.ngovc.com] (267/0/267)
[2026-02-24 00:18:34] [INFO] [rancher-gov.goe.go.kr] 응답시간 통계 - 최소: 9ms, 평균: 10ms, 최대: 14ms, P95: 12ms, P99: 13ms
[2026-02-24 00:18:34] [INFO] [38841fbe-5985-481c-9a6d-d0310520c2af.internal.kr4.postgres.rds.ngovc.com] 응답시간 통계 - 최소: 9ms, 평균: 10ms, 최대: 16ms, P95: 13ms, P99: 14ms
[2026-02-24 00:19:34] [INFO] [38841fbe-5985-481c-9a6d-d0310520c2af.internal.kr4.postgres.rds.ngovc.com] (267/0/267)
[2026-02-24 00:19:34] [INFO] [rancher-gov.goe.go.kr] (267/0/267)
[2026-02-24 00:19:34] [INFO] [38841fbe-5985-481c-9a6d-d0310520c2af.internal.kr4.postgres.rds.ngovc.com] 응답시간 통계 - 최소: 9ms, 평균: 10ms, 최대: 18ms, P95: 12ms, P99: 14ms
[2026-02-24 00:19:34] [INFO] [rancher-gov.goe.go.kr] 응답시간 통계 - 최소: 9ms, 평균: 10ms, 최대: 22ms, P95: 12ms, P99: 13ms
[2026-02-24 00:20:34] [INFO] [38841fbe-5985-481c-9a6d-d0310520c2af.internal.kr4.postgres.rds.ngovc.com] (267/0/267)
[2026-02-24 00:20:34] [INFO] [rancher-gov.goe.go.kr] (267/0/267)
[2026-02-24 00:20:34] [INFO] [38841fbe-5985-481c-9a6d-d0310520c2af.internal.kr4.postgres.rds.ngovc.com] 응답시간 통계 - 최소: 9ms, 평균: 10ms, 최대: 15ms, P95: 13ms, P99: 14ms
[2026-02-24 00:20:34] [INFO] [rancher-gov.goe.go.kr] 응답시간 통계 - 최소: 9ms, 평균: 10ms, 최대: 14ms, P95: 12ms, P99: 13ms
[2026-02-24 00:21:34] [INFO] [38841fbe-5985-481c-9a6d-d0310520c2af.internal.kr4.postgres.rds.ngovc.com] (269/0/269)
[2026-02-24 00:21:34] [INFO] [rancher-gov.goe.go.kr] (269/0/269)
[2026-02-24 00:21:34] [INFO] [38841fbe-5985-481c-9a6d-d0310520c2af.internal.kr4.postgres.rds.ngovc.com] 응답시간 통계 - 최소: 9ms, 평균: 10ms, 최대: 14ms, P95: 12ms, P99: 13ms
[2026-02-24 00:21:34] [INFO] [rancher-gov.goe.go.kr] 응답시간 통계 - 최소: 9ms, 평균: 10ms, 최대: 13ms, P95: 12ms, P99: 12ms
[2026-02-24 00:22:34] [INFO] [rancher-gov.goe.go.kr] (268/0/268)
[2026-02-24 00:22:34] [INFO] [rancher-gov.goe.go.kr] 응답시간 통계 - 최소: 9ms, 평균: 10ms, 최대: 21ms, P95: 12ms, P99: 13ms
[2026-02-24 00:22:34] [INFO] [38841fbe-5985-481c-9a6d-d0310520c2af.internal.kr4.postgres.rds.ngovc.com] (268/0/268)
[2026-02-24 00:22:34] [INFO] [38841fbe-5985-481c-9a6d-d0310520c2af.internal.kr4.postgres.rds.ngovc.com] 응답시간 통계 - 최소: 9ms, 평균: 10ms, 최대: 21ms, P95: 12ms, P99: 14ms
[2026-02-24 00:23:34] [INFO] [38841fbe-5985-481c-9a6d-d0310520c2af.internal.kr4.postgres.rds.ngovc.com] (267/0/267)
[2026-02-24 00:23:34] [INFO] [rancher-gov.goe.go.kr] (267/0/267)
[2026-02-24 00:23:34] [INFO] [38841fbe-5985-481c-9a6d-d0310520c2af.internal.kr4.postgres.rds.ngovc.com] 응답시간 통계 - 최소: 9ms, 평균: 10ms, 최대: 13ms, P95: 12ms, P99: 13ms
[2026-02-24 00:23:34] [INFO] [rancher-gov.goe.go.kr] 응답시간 통계 - 최소: 9ms, 평균: 10ms, 최대: 18ms, P95: 12ms, P99: 13ms
[2026-02-24 00:24:34] [INFO] [38841fbe-5985-481c-9a6d-d0310520c2af.internal.kr4.postgres.rds.ngovc.com] (267/0/267)
[2026-02-24 00:24:34] [INFO] [rancher-gov.goe.go.kr] (267/0/267)
[2026-02-24 00:24:34] [INFO] [38841fbe-5985-481c-9a6d-d0310520c2af.internal.kr4.postgres.rds.ngovc.com] 응답시간 통계 - 최소: 9ms, 평균: 10ms, 최대: 15ms, P95: 12ms, P99: 13ms
[2026-02-24 00:24:34] [INFO] [rancher-gov.goe.go.kr] 응답시간 통계 - 최소: 9ms, 평균: 10ms, 최대: 14ms, P95: 12ms, P99: 13ms
[2026-02-24 00:25:34] [INFO] [38841fbe-5985-481c-9a6d-d0310520c2af.internal.kr4.postgres.rds.ngovc.com] (269/0/269)
[2026-02-24 00:25:34] [INFO] [rancher-gov.goe.go.kr] (269/0/269)
[2026-02-24 00:25:34] [INFO] [38841fbe-5985-481c-9a6d-d0310520c2af.internal.kr4.postgres.rds.ngovc.com] 응답시간 통계 - 최소: 9ms, 평균: 10ms, 최대: 13ms, P95: 12ms, P99: 13ms
[2026-02-24 00:25:34] [INFO] [rancher-gov.goe.go.kr] 응답시간 통계 - 최소: 9ms, 평균: 10ms, 최대: 14ms, P95: 11ms, P99: 12ms
[2026-02-24 00:26:34] [INFO] [38841fbe-5985-481c-9a6d-d0310520c2af.internal.kr4.postgres.rds.ngovc.com] (267/0/267)
[2026-02-24 00:26:34] [INFO] [rancher-gov.goe.go.kr] (267/0/267)
[2026-02-24 00:26:34] [INFO] [38841fbe-5985-481c-9a6d-d0310520c2af.internal.kr4.postgres.rds.ngovc.com] 응답시간 통계 - 최소: 9ms, 평균: 10ms, 최대: 14ms, P95: 13ms, P99: 14ms
[2026-02-24 00:26:34] [INFO] [rancher-gov.goe.go.kr] 응답시간 통계 - 최소: 9ms, 평균: 10ms, 최대: 13ms, P95: 12ms, P99: 13ms
[2026-02-24 00:27:34] [INFO] [rancher-gov.goe.go.kr] (267/0/267)
[2026-02-24 00:27:34] [INFO] [rancher-gov.goe.go.kr] 응답시간 통계 - 최소: 9ms, 평균: 10ms, 최대: 16ms, P95: 12ms, P99: 13ms
[2026-02-24 00:27:34] [INFO] [38841fbe-5985-481c-9a6d-d0310520c2af.internal.kr4.postgres.rds.ngovc.com] (267/0/267)
[2026-02-24 00:27:34] [INFO] [38841fbe-5985-481c-9a6d-d0310520c2af.internal.kr4.postgres.rds.ngovc.com] 응답시간 통계 - 최소: 9ms, 평균: 10ms, 최대: 15ms, P95: 12ms, P99: 15ms
[2026-02-24 00:28:34] [INFO] [38841fbe-5985-481c-9a6d-d0310520c2af.internal.kr4.postgres.rds.ngovc.com] (268/0/268)
[2026-02-24 00:28:34] [INFO] [rancher-gov.goe.go.kr] (268/0/268)
[2026-02-24 00:28:34] [INFO] [38841fbe-5985-481c-9a6d-d0310520c2af.internal.kr4.postgres.rds.ngovc.com] 응답시간 통계 - 최소: 9ms, 평균: 10ms, 최대: 15ms, P95: 12ms, P99: 13ms
[2026-02-24 00:28:34] [INFO] [rancher-gov.goe.go.kr] 응답시간 통계 - 최소: 9ms, 평균: 10ms, 최대: 13ms, P95: 12ms, P99: 13ms
[2026-02-24 00:29:34] [INFO] [rancher-gov.goe.go.kr] (268/0/268)
[2026-02-24 00:29:34] [INFO] [38841fbe-5985-481c-9a6d-d0310520c2af.internal.kr4.postgres.rds.ngovc.com] (268/0/268)
[2026-02-24 00:29:34] [INFO] [rancher-gov.goe.go.kr] 응답시간 통계 - 최소: 9ms, 평균: 10ms, 최대: 14ms, P95: 12ms, P99: 13ms
[2026-02-24 00:29:34] [INFO] [38841fbe-5985-481c-9a6d-d0310520c2af.internal.kr4.postgres.rds.ngovc.com] 응답시간 통계 - 최소: 9ms, 평균: 10ms, 최대: 15ms, P95: 12ms, P99: 14ms
[2026-02-24 00:30:34] [INFO] [rancher-gov.goe.go.kr] (267/0/267)
[2026-02-24 00:30:34] [INFO] [rancher-gov.goe.go.kr] 응답시간 통계 - 최소: 9ms, 평균: 10ms, 최대: 14ms, P95: 12ms, P99: 13ms
[2026-02-24 00:30:34] [INFO] [38841fbe-5985-481c-9a6d-d0310520c2af.internal.kr4.postgres.rds.ngovc.com] (267/0/267)
[2026-02-24 00:30:34] [INFO] [38841fbe-5985-481c-9a6d-d0310520c2af.internal.kr4.postgres.rds.ngovc.com] 응답시간 통계 - 최소: 9ms, 평균: 10ms, 최대: 15ms, P95: 12ms, P99: 14ms
[2026-02-24 00:31:34] [INFO] [rancher-gov.goe.go.kr] (267/0/267)
[2026-02-24 00:31:34] [INFO] [rancher-gov.goe.go.kr] 응답시간 통계 - 최소: 9ms, 평균: 10ms, 최대: 14ms, P95: 12ms, P99: 13ms
[2026-02-24 00:31:34] [INFO] [38841fbe-5985-481c-9a6d-d0310520c2af.internal.kr4.postgres.rds.ngovc.com] (267/0/267)
[2026-02-24 00:31:34] [INFO] [38841fbe-5985-481c-9a6d-d0310520c2af.internal.kr4.postgres.rds.ngovc.com] 응답시간 통계 - 최소: 9ms, 평균: 10ms, 최대: 18ms, P95: 12ms, P99: 14ms
[2026-02-24 00:32:34] [INFO] [rancher-gov.goe.go.kr] (269/0/269)
[2026-02-24 00:32:34] [INFO] [rancher-gov.goe.go.kr] 응답시간 통계 - 최소: 9ms, 평균: 10ms, 최대: 13ms, P95: 11ms, P99: 12ms
[2026-02-24 00:32:34] [INFO] [38841fbe-5985-481c-9a6d-d0310520c2af.internal.kr4.postgres.rds.ngovc.com] (269/0/269)
[2026-02-24 00:32:34] [INFO] [38841fbe-5985-481c-9a6d-d0310520c2af.internal.kr4.postgres.rds.ngovc.com] 응답시간 통계 - 최소: 9ms, 평균: 10ms, 최대: 15ms, P95: 12ms, P99: 14ms
[2026-02-24 00:33:34] [INFO] [rancher-gov.goe.go.kr] (267/0/267)
[2026-02-24 00:33:34] [INFO] [rancher-gov.goe.go.kr] 응답시간 통계 - 최소: 9ms, 평균: 10ms, 최대: 15ms, P95: 12ms, P99: 14ms
[2026-02-24 00:33:34] [INFO] [38841fbe-5985-481c-9a6d-d0310520c2af.internal.kr4.postgres.rds.ngovc.com] (267/0/267)
[2026-02-24 00:33:34] [INFO] [38841fbe-5985-481c-9a6d-d0310520c2af.internal.kr4.postgres.rds.ngovc.com] 응답시간 통계 - 최소: 9ms, 평균: 10ms, 최대: 14ms, P95: 13ms, P99: 14ms
[2026-02-24 00:34:34] [INFO] [38841fbe-5985-481c-9a6d-d0310520c2af.internal.kr4.postgres.rds.ngovc.com] (270/0/270)
[2026-02-24 00:34:34] [INFO] [rancher-gov.goe.go.kr] (270/0/270)
[2026-02-24 00:34:34] [INFO] [38841fbe-5985-481c-9a6d-d0310520c2af.internal.kr4.postgres.rds.ngovc.com] 응답시간 통계 - 최소: 9ms, 평균: 10ms, 최대: 13ms, P95: 11ms, P99: 12ms
[2026-02-24 00:34:34] [INFO] [rancher-gov.goe.go.kr] 응답시간 통계 - 최소: 9ms, 평균: 10ms, 최대: 15ms, P95: 11ms, P99: 12ms
[2026-02-24 00:35:34] [INFO] [rancher-gov.goe.go.kr] (268/0/268)
[2026-02-24 00:35:34] [INFO] [rancher-gov.goe.go.kr] 응답시간 통계 - 최소: 9ms, 평균: 10ms, 최대: 14ms, P95: 12ms, P99: 12ms
[2026-02-24 00:35:34] [INFO] [38841fbe-5985-481c-9a6d-d0310520c2af.internal.kr4.postgres.rds.ngovc.com] (268/0/268)
[2026-02-24 00:35:34] [INFO] [38841fbe-5985-481c-9a6d-d0310520c2af.internal.kr4.postgres.rds.ngovc.com] 응답시간 통계 - 최소: 9ms, 평균: 10ms, 최대: 15ms, P95: 12ms, P99: 14ms
[2026-02-24 00:36:34] [INFO] [rancher-gov.goe.go.kr] (267/0/267)
[2026-02-24 00:36:34] [INFO] [rancher-gov.goe.go.kr] 응답시간 통계 - 최소: 9ms, 평균: 10ms, 최대: 14ms, P95: 12ms, P99: 13ms
[2026-02-24 00:36:34] [INFO] [38841fbe-5985-481c-9a6d-d0310520c2af.internal.kr4.postgres.rds.ngovc.com] (267/0/267)
[2026-02-24 00:36:34] [INFO] [38841fbe-5985-481c-9a6d-d0310520c2af.internal.kr4.postgres.rds.ngovc.com] 응답시간 통계 - 최소: 9ms, 평균: 10ms, 최대: 37ms, P95: 12ms, P99: 14ms
[2026-02-24 00:37:34] [INFO] [rancher-gov.goe.go.kr] (267/0/267)
[2026-02-24 00:37:34] [INFO] [rancher-gov.goe.go.kr] 응답시간 통계 - 최소: 9ms, 평균: 10ms, 최대: 20ms, P95: 12ms, P99: 13ms
[2026-02-24 00:37:34] [INFO] [38841fbe-5985-481c-9a6d-d0310520c2af.internal.kr4.postgres.rds.ngovc.com] (267/0/267)
[2026-02-24 00:37:34] [INFO] [38841fbe-5985-481c-9a6d-d0310520c2af.internal.kr4.postgres.rds.ngovc.com] 응답시간 통계 - 최소: 9ms, 평균: 10ms, 최대: 14ms, P95: 12ms, P99: 13ms
[2026-02-24 00:38:34] [INFO] [rancher-gov.goe.go.kr] (267/0/267)
[2026-02-24 00:38:34] [INFO] [rancher-gov.goe.go.kr] 응답시간 통계 - 최소: 9ms, 평균: 10ms, 최대: 14ms, P95: 11ms, P99: 12ms
[2026-02-24 00:38:34] [INFO] [38841fbe-5985-481c-9a6d-d0310520c2af.internal.kr4.postgres.rds.ngovc.com] (267/0/267)
[2026-02-24 00:38:34] [INFO] [38841fbe-5985-481c-9a6d-d0310520c2af.internal.kr4.postgres.rds.ngovc.com] 응답시간 통계 - 최소: 9ms, 평균: 10ms, 최대: 14ms, P95: 12ms, P99: 13ms
[2026-02-24 00:39:34] [INFO] [rancher-gov.goe.go.kr] (269/0/269)
[2026-02-24 00:39:34] [INFO] [rancher-gov.goe.go.kr] 응답시간 통계 - 최소: 9ms, 평균: 10ms, 최대: 15ms, P95: 11ms, P99: 14ms
[2026-02-24 00:39:34] [INFO] [38841fbe-5985-481c-9a6d-d0310520c2af.internal.kr4.postgres.rds.ngovc.com] (269/0/269)
[2026-02-24 00:39:34] [INFO] [38841fbe-5985-481c-9a6d-d0310520c2af.internal.kr4.postgres.rds.ngovc.com] 응답시간 통계 - 최소: 9ms, 평균: 10ms, 최대: 14ms, P95: 12ms, P99: 14ms
[2026-02-24 00:40:34] [INFO] [rancher-gov.goe.go.kr] (268/0/268)
[2026-02-24 00:40:34] [INFO] [38841fbe-5985-481c-9a6d-d0310520c2af.internal.kr4.postgres.rds.ngovc.com] (268/0/268)
[2026-02-24 00:40:34] [INFO] [rancher-gov.goe.go.kr] 응답시간 통계 - 최소: 9ms, 평균: 10ms, 최대: 17ms, P95: 12ms, P99: 13ms
[2026-02-24 00:40:34] [INFO] [38841fbe-5985-481c-9a6d-d0310520c2af.internal.kr4.postgres.rds.ngovc.com] 응답시간 통계 - 최소: 8ms, 평균: 10ms, 최대: 15ms, P95: 12ms, P99: 13ms
[2026-02-24 00:41:34] [INFO] [38841fbe-5985-481c-9a6d-d0310520c2af.internal.kr4.postgres.rds.ngovc.com] (267/0/267)
[2026-02-24 00:41:34] [INFO] [38841fbe-5985-481c-9a6d-d0310520c2af.internal.kr4.postgres.rds.ngovc.com] 응답시간 통계 - 최소: 9ms, 평균: 10ms, 최대: 16ms, P95: 12ms, P99: 14ms
[2026-02-24 00:41:34] [INFO] [rancher-gov.goe.go.kr] (267/0/267)
[2026-02-24 00:41:34] [INFO] [rancher-gov.goe.go.kr] 응답시간 통계 - 최소: 10ms, 평균: 10ms, 최대: 14ms, P95: 12ms, P99: 13ms
[2026-02-24 00:42:34] [INFO] [rancher-gov.goe.go.kr] (268/0/268)
[2026-02-24 00:42:34] [INFO] [38841fbe-5985-481c-9a6d-d0310520c2af.internal.kr4.postgres.rds.ngovc.com] (268/0/268)
[2026-02-24 00:42:34] [INFO] [rancher-gov.goe.go.kr] 응답시간 통계 - 최소: 9ms, 평균: 10ms, 최대: 14ms, P95: 12ms, P99: 13ms
[2026-02-24 00:42:34] [INFO] [38841fbe-5985-481c-9a6d-d0310520c2af.internal.kr4.postgres.rds.ngovc.com] 응답시간 통계 - 최소: 9ms, 평균: 10ms, 최대: 18ms, P95: 12ms, P99: 14ms
[2026-02-24 00:43:34] [INFO] [38841fbe-5985-481c-9a6d-d0310520c2af.internal.kr4.postgres.rds.ngovc.com] (269/0/269)
[2026-02-24 00:43:34] [INFO] [rancher-gov.goe.go.kr] (269/0/269)
[2026-02-24 00:43:34] [INFO] [38841fbe-5985-481c-9a6d-d0310520c2af.internal.kr4.postgres.rds.ngovc.com] 응답시간 통계 - 최소: 9ms, 평균: 10ms, 최대: 15ms, P95: 13ms, P99: 14ms
[2026-02-24 00:43:34] [INFO] [rancher-gov.goe.go.kr] 응답시간 통계 - 최소: 9ms, 평균: 10ms, 최대: 14ms, P95: 12ms, P99: 12ms
[2026-02-24 00:44:34] [INFO] [rancher-gov.goe.go.kr] (267/0/267)
[2026-02-24 00:44:34] [INFO] [rancher-gov.goe.go.kr] 응답시간 통계 - 최소: 10ms, 평균: 10ms, 최대: 14ms, P95: 12ms, P99: 12ms
[2026-02-24 00:44:34] [INFO] [38841fbe-5985-481c-9a6d-d0310520c2af.internal.kr4.postgres.rds.ngovc.com] (267/0/267)
[2026-02-24 00:44:34] [INFO] [38841fbe-5985-481c-9a6d-d0310520c2af.internal.kr4.postgres.rds.ngovc.com] 응답시간 통계 - 최소: 9ms, 평균: 10ms, 최대: 17ms, P95: 12ms, P99: 14ms
[2026-02-24 00:45:34] [INFO] [38841fbe-5985-481c-9a6d-d0310520c2af.internal.kr4.postgres.rds.ngovc.com] (266/0/266)
[2026-02-24 00:45:34] [INFO] [rancher-gov.goe.go.kr] (266/0/266)
[2026-02-24 00:45:34] [INFO] [38841fbe-5985-481c-9a6d-d0310520c2af.internal.kr4.postgres.rds.ngovc.com] 응답시간 통계 - 최소: 9ms, 평균: 10ms, 최대: 15ms, P95: 13ms, P99: 14ms
[2026-02-24 00:45:34] [INFO] [rancher-gov.goe.go.kr] 응답시간 통계 - 최소: 9ms, 평균: 10ms, 최대: 15ms, P95: 12ms, P99: 13ms
[2026-02-24 00:46:34] [INFO] [38841fbe-5985-481c-9a6d-d0310520c2af.internal.kr4.postgres.rds.ngovc.com] (267/0/267)
[2026-02-24 00:46:34] [INFO] [rancher-gov.goe.go.kr] (267/0/267)
[2026-02-24 00:46:34] [INFO] [38841fbe-5985-481c-9a6d-d0310520c2af.internal.kr4.postgres.rds.ngovc.com] 응답시간 통계 - 최소: 10ms, 평균: 10ms, 최대: 16ms, P95: 13ms, P99: 14ms
[2026-02-24 00:46:34] [INFO] [rancher-gov.goe.go.kr] 응답시간 통계 - 최소: 10ms, 평균: 10ms, 최대: 14ms, P95: 12ms, P99: 13ms
[2026-02-24 00:47:34] [INFO] [rancher-gov.goe.go.kr] (268/0/268)
[2026-02-24 00:47:34] [INFO] [38841fbe-5985-481c-9a6d-d0310520c2af.internal.kr4.postgres.rds.ngovc.com] (268/0/268)
[2026-02-24 00:47:34] [INFO] [rancher-gov.goe.go.kr] 응답시간 통계 - 최소: 9ms, 평균: 10ms, 최대: 13ms, P95: 12ms, P99: 13ms
[2026-02-24 00:47:34] [INFO] [38841fbe-5985-481c-9a6d-d0310520c2af.internal.kr4.postgres.rds.ngovc.com] 응답시간 통계 - 최소: 9ms, 평균: 10ms, 최대: 21ms, P95: 12ms, P99: 14ms
[2026-02-24 00:48:34] [INFO] [rancher-gov.goe.go.kr] (267/0/267)
[2026-02-24 00:48:34] [INFO] [38841fbe-5985-481c-9a6d-d0310520c2af.internal.kr4.postgres.rds.ngovc.com] (267/0/267)
[2026-02-24 00:48:34] [INFO] [rancher-gov.goe.go.kr] 응답시간 통계 - 최소: 9ms, 평균: 10ms, 최대: 14ms, P95: 12ms, P99: 13ms
[2026-02-24 00:48:34] [INFO] [38841fbe-5985-481c-9a6d-d0310520c2af.internal.kr4.postgres.rds.ngovc.com] 응답시간 통계 - 최소: 9ms, 평균: 10ms, 최대: 16ms, P95: 13ms, P99: 13ms
[2026-02-24 00:49:34] [INFO] [rancher-gov.goe.go.kr] (267/0/267)
[2026-02-24 00:49:34] [INFO] [38841fbe-5985-481c-9a6d-d0310520c2af.internal.kr4.postgres.rds.ngovc.com] (267/0/267)
[2026-02-24 00:49:34] [INFO] [rancher-gov.goe.go.kr] 응답시간 통계 - 최소: 9ms, 평균: 10ms, 최대: 14ms, P95: 12ms, P99: 13ms
[2026-02-24 00:49:34] [INFO] [38841fbe-5985-481c-9a6d-d0310520c2af.internal.kr4.postgres.rds.ngovc.com] 응답시간 통계 - 최소: 9ms, 평균: 10ms, 최대: 14ms, P95: 12ms, P99: 14ms
[2026-02-24 00:50:34] [INFO] [rancher-gov.goe.go.kr] (268/0/268)
[2026-02-24 00:50:34] [INFO] [38841fbe-5985-481c-9a6d-d0310520c2af.internal.kr4.postgres.rds.ngovc.com] (268/0/268)
[2026-02-24 00:50:34] [INFO] [rancher-gov.goe.go.kr] 응답시간 통계 - 최소: 9ms, 평균: 10ms, 최대: 14ms, P95: 12ms, P99: 13ms
[2026-02-24 00:50:34] [INFO] [38841fbe-5985-481c-9a6d-d0310520c2af.internal.kr4.postgres.rds.ngovc.com] 응답시간 통계 - 최소: 9ms, 평균: 10ms, 최대: 16ms, P95: 12ms, P99: 14ms
[2026-02-24 00:51:34] [INFO] [38841fbe-5985-481c-9a6d-d0310520c2af.internal.kr4.postgres.rds.ngovc.com] (268/0/268)
[2026-02-24 00:51:34] [INFO] [38841fbe-5985-481c-9a6d-d0310520c2af.internal.kr4.postgres.rds.ngovc.com] 응답시간 통계 - 최소: 9ms, 평균: 10ms, 최대: 14ms, P95: 12ms, P99: 13ms
[2026-02-24 00:51:34] [INFO] [rancher-gov.goe.go.kr] (268/0/268)
[2026-02-24 00:51:34] [INFO] [rancher-gov.goe.go.kr] 응답시간 통계 - 최소: 9ms, 평균: 10ms, 최대: 13ms, P95: 12ms, P99: 12ms
[2026-02-24 00:52:34] [INFO] [rancher-gov.goe.go.kr] (268/0/268)
[2026-02-24 00:52:34] [INFO] [rancher-gov.goe.go.kr] 응답시간 통계 - 최소: 9ms, 평균: 10ms, 최대: 14ms, P95: 11ms, P99: 12ms
[2026-02-24 00:52:34] [INFO] [38841fbe-5985-481c-9a6d-d0310520c2af.internal.kr4.postgres.rds.ngovc.com] (268/0/268)
[2026-02-24 00:52:34] [INFO] [38841fbe-5985-481c-9a6d-d0310520c2af.internal.kr4.postgres.rds.ngovc.com] 응답시간 통계 - 최소: 9ms, 평균: 10ms, 최대: 14ms, P95: 12ms, P99: 13ms
[2026-02-24 00:53:34] [INFO] [rancher-gov.goe.go.kr] (267/0/267)
[2026-02-24 00:53:34] [INFO] [38841fbe-5985-481c-9a6d-d0310520c2af.internal.kr4.postgres.rds.ngovc.com] (267/0/267)
[2026-02-24 00:53:34] [INFO] [rancher-gov.goe.go.kr] 응답시간 통계 - 최소: 9ms, 평균: 10ms, 최대: 14ms, P95: 12ms, P99: 13ms
[2026-02-24 00:53:34] [INFO] [38841fbe-5985-481c-9a6d-d0310520c2af.internal.kr4.postgres.rds.ngovc.com] 응답시간 통계 - 최소: 9ms, 평균: 10ms, 최대: 15ms, P95: 12ms, P99: 14ms
[2026-02-24 00:54:34] [INFO] [38841fbe-5985-481c-9a6d-d0310520c2af.internal.kr4.postgres.rds.ngovc.com] (267/0/267)
[2026-02-24 00:54:34] [INFO] [rancher-gov.goe.go.kr] (267/0/267)
[2026-02-24 00:54:34] [INFO] [38841fbe-5985-481c-9a6d-d0310520c2af.internal.kr4.postgres.rds.ngovc.com] 응답시간 통계 - 최소: 10ms, 평균: 10ms, 최대: 14ms, P95: 12ms, P99: 13ms
[2026-02-24 00:54:34] [INFO] [rancher-gov.goe.go.kr] 응답시간 통계 - 최소: 9ms, 평균: 10ms, 최대: 15ms, P95: 11ms, P99: 14ms
[2026-02-24 00:55:34] [INFO] [rancher-gov.goe.go.kr] (267/0/267)
[2026-02-24 00:55:34] [INFO] [38841fbe-5985-481c-9a6d-d0310520c2af.internal.kr4.postgres.rds.ngovc.com] (267/0/267)
[2026-02-24 00:55:34] [INFO] [rancher-gov.goe.go.kr] 응답시간 통계 - 최소: 9ms, 평균: 10ms, 최대: 14ms, P95: 12ms, P99: 13ms
[2026-02-24 00:55:34] [INFO] [38841fbe-5985-481c-9a6d-d0310520c2af.internal.kr4.postgres.rds.ngovc.com] 응답시간 통계 - 최소: 9ms, 평균: 10ms, 최대: 16ms, P95: 12ms, P99: 14ms
[2026-02-24 00:56:34] [INFO] [rancher-gov.goe.go.kr] (268/0/268)
[2026-02-24 00:56:34] [INFO] [38841fbe-5985-481c-9a6d-d0310520c2af.internal.kr4.postgres.rds.ngovc.com] (268/0/268)
[2026-02-24 00:56:34] [INFO] [rancher-gov.goe.go.kr] 응답시간 통계 - 최소: 9ms, 평균: 10ms, 최대: 13ms, P95: 12ms, P99: 12ms
[2026-02-24 00:56:34] [INFO] [38841fbe-5985-481c-9a6d-d0310520c2af.internal.kr4.postgres.rds.ngovc.com] 응답시간 통계 - 최소: 9ms, 평균: 10ms, 최대: 15ms, P95: 12ms, P99: 13ms
[2026-02-24 00:57:34] [INFO] [38841fbe-5985-481c-9a6d-d0310520c2af.internal.kr4.postgres.rds.ngovc.com] (268/0/268)
[2026-02-24 00:57:34] [INFO] [rancher-gov.goe.go.kr] (268/0/268)
[2026-02-24 00:57:34] [INFO] [38841fbe-5985-481c-9a6d-d0310520c2af.internal.kr4.postgres.rds.ngovc.com] 응답시간 통계 - 최소: 9ms, 평균: 10ms, 최대: 15ms, P95: 12ms, P99: 14ms
[2026-02-24 00:57:34] [INFO] [rancher-gov.goe.go.kr] 응답시간 통계 - 최소: 9ms, 평균: 10ms, 최대: 14ms, P95: 12ms, P99: 13ms
[2026-02-24 00:58:34] [INFO] [rancher-gov.goe.go.kr] (267/0/267)
[2026-02-24 00:58:34] [INFO] [38841fbe-5985-481c-9a6d-d0310520c2af.internal.kr4.postgres.rds.ngovc.com] (267/0/267)
[2026-02-24 00:58:34] [INFO] [rancher-gov.goe.go.kr] 응답시간 통계 - 최소: 9ms, 평균: 10ms, 최대: 14ms, P95: 12ms, P99: 13ms
[2026-02-24 00:58:34] [INFO] [38841fbe-5985-481c-9a6d-d0310520c2af.internal.kr4.postgres.rds.ngovc.com] 응답시간 통계 - 최소: 9ms, 평균: 10ms, 최대: 15ms, P95: 12ms, P99: 14ms
[2026-02-24 00:59:34] [INFO] [38841fbe-5985-481c-9a6d-d0310520c2af.internal.kr4.postgres.rds.ngovc.com] (267/0/267)
[2026-02-24 00:59:34] [INFO] [rancher-gov.goe.go.kr] (267/0/267)
[2026-02-24 00:59:34] [INFO] [38841fbe-5985-481c-9a6d-d0310520c2af.internal.kr4.postgres.rds.ngovc.com] 응답시간 통계 - 최소: 9ms, 평균: 10ms, 최대: 18ms, P95: 13ms, P99: 15ms
[2026-02-24 00:59:34] [INFO] [rancher-gov.goe.go.kr] 응답시간 통계 - 최소: 9ms, 평균: 10ms, 최대: 13ms, P95: 12ms, P99: 13ms
[2026-02-24 01:00:34] [INFO] [38841fbe-5985-481c-9a6d-d0310520c2af.internal.kr4.postgres.rds.ngovc.com] (268/0/268)
[2026-02-24 01:00:34] [INFO] [rancher-gov.goe.go.kr] (268/0/268)
[2026-02-24 01:00:34] [INFO] [38841fbe-5985-481c-9a6d-d0310520c2af.internal.kr4.postgres.rds.ngovc.com] 응답시간 통계 - 최소: 9ms, 평균: 10ms, 최대: 15ms, P95: 12ms, P99: 14ms
[2026-02-24 01:00:34] [INFO] [rancher-gov.goe.go.kr] 응답시간 통계 - 최소: 9ms, 평균: 10ms, 최대: 15ms, P95: 12ms, P99: 13ms
[2026-02-24 01:01:34] [INFO] [38841fbe-5985-481c-9a6d-d0310520c2af.internal.kr4.postgres.rds.ngovc.com] (268/0/268)
[2026-02-24 01:01:34] [INFO] [rancher-gov.goe.go.kr] (268/0/268)
[2026-02-24 01:01:34] [INFO] [38841fbe-5985-481c-9a6d-d0310520c2af.internal.kr4.postgres.rds.ngovc.com] 응답시간 통계 - 최소: 8ms, 평균: 10ms, 최대: 17ms, P95: 12ms, P99: 14ms
[2026-02-24 01:01:34] [INFO] [rancher-gov.goe.go.kr] 응답시간 통계 - 최소: 9ms, 평균: 10ms, 최대: 17ms, P95: 12ms, P99: 13ms
[2026-02-24 01:02:34] [INFO] [rancher-gov.goe.go.kr] (267/0/267)
[2026-02-24 01:02:34] [INFO] [38841fbe-5985-481c-9a6d-d0310520c2af.internal.kr4.postgres.rds.ngovc.com] (267/0/267)
[2026-02-24 01:02:34] [INFO] [rancher-gov.goe.go.kr] 응답시간 통계 - 최소: 9ms, 평균: 10ms, 최대: 16ms, P95: 13ms, P99: 13ms
[2026-02-24 01:02:34] [INFO] [38841fbe-5985-481c-9a6d-d0310520c2af.internal.kr4.postgres.rds.ngovc.com] 응답시간 통계 - 최소: 9ms, 평균: 10ms, 최대: 17ms, P95: 13ms, P99: 14ms
[2026-02-24 01:03:34] [INFO] [rancher-gov.goe.go.kr] (267/0/267)
[2026-02-24 01:03:34] [INFO] [38841fbe-5985-481c-9a6d-d0310520c2af.internal.kr4.postgres.rds.ngovc.com] (267/0/267)
[2026-02-24 01:03:34] [INFO] [rancher-gov.goe.go.kr] 응답시간 통계 - 최소: 9ms, 평균: 11ms, 최대: 16ms, P95: 13ms, P99: 16ms
[2026-02-24 01:03:34] [INFO] [38841fbe-5985-481c-9a6d-d0310520c2af.internal.kr4.postgres.rds.ngovc.com] 응답시간 통계 - 최소: 9ms, 평균: 11ms, 최대: 16ms, P95: 14ms, P99: 16ms
[2026-02-24 01:04:34] [INFO] [rancher-gov.goe.go.kr] (265/0/265)
[2026-02-24 01:04:34] [INFO] [38841fbe-5985-481c-9a6d-d0310520c2af.internal.kr4.postgres.rds.ngovc.com] (265/0/265)
[2026-02-24 01:04:34] [INFO] [rancher-gov.goe.go.kr] 응답시간 통계 - 최소: 9ms, 평균: 11ms, 최대: 19ms, P95: 14ms, P99: 15ms
[2026-02-24 01:04:34] [INFO] [38841fbe-5985-481c-9a6d-d0310520c2af.internal.kr4.postgres.rds.ngovc.com] 응답시간 통계 - 최소: 9ms, 평균: 11ms, 최대: 19ms, P95: 15ms, P99: 16ms
[2026-02-24 01:05:34] [INFO] [rancher-gov.goe.go.kr] (267/0/267)
[2026-02-24 01:05:34] [INFO] [38841fbe-5985-481c-9a6d-d0310520c2af.internal.kr4.postgres.rds.ngovc.com] (267/0/267)
[2026-02-24 01:05:34] [INFO] [rancher-gov.goe.go.kr] 응답시간 통계 - 최소: 9ms, 평균: 11ms, 최대: 18ms, P95: 13ms, P99: 15ms
[2026-02-24 01:05:34] [INFO] [38841fbe-5985-481c-9a6d-d0310520c2af.internal.kr4.postgres.rds.ngovc.com] 응답시간 통계 - 최소: 9ms, 평균: 11ms, 최대: 21ms, P95: 14ms, P99: 16ms
[2026-02-24 01:06:34] [INFO] [38841fbe-5985-481c-9a6d-d0310520c2af.internal.kr4.postgres.rds.ngovc.com] (266/0/266)
[2026-02-24 01:06:34] [INFO] [38841fbe-5985-481c-9a6d-d0310520c2af.internal.kr4.postgres.rds.ngovc.com] 응답시간 통계 - 최소: 9ms, 평균: 11ms, 최대: 17ms, P95: 14ms, P99: 16ms
[2026-02-24 01:06:34] [INFO] [rancher-gov.goe.go.kr] (266/0/266)
[2026-02-24 01:06:34] [INFO] [rancher-gov.goe.go.kr] 응답시간 통계 - 최소: 9ms, 평균: 11ms, 최대: 19ms, P95: 13ms, P99: 15ms
[2026-02-24 01:07:34] [INFO] [rancher-gov.goe.go.kr] (268/0/268)
[2026-02-24 01:07:34] [INFO] [38841fbe-5985-481c-9a6d-d0310520c2af.internal.kr4.postgres.rds.ngovc.com] (268/0/268)
[2026-02-24 01:07:34] [INFO] [rancher-gov.goe.go.kr] 응답시간 통계 - 최소: 9ms, 평균: 10ms, 최대: 14ms, P95: 12ms, P99: 13ms
[2026-02-24 01:07:34] [INFO] [38841fbe-5985-481c-9a6d-d0310520c2af.internal.kr4.postgres.rds.ngovc.com] 응답시간 통계 - 최소: 9ms, 평균: 10ms, 최대: 16ms, P95: 12ms, P99: 14ms
[2026-02-24 01:08:34] [INFO] [38841fbe-5985-481c-9a6d-d0310520c2af.internal.kr4.postgres.rds.ngovc.com] (267/0/267)
[2026-02-24 01:08:34] [INFO] [rancher-gov.goe.go.kr] (267/0/267)
[2026-02-24 01:08:34] [INFO] [38841fbe-5985-481c-9a6d-d0310520c2af.internal.kr4.postgres.rds.ngovc.com] 응답시간 통계 - 최소: 9ms, 평균: 10ms, 최대: 14ms, P95: 13ms, P99: 13ms
[2026-02-24 01:08:34] [INFO] [rancher-gov.goe.go.kr] 응답시간 통계 - 최소: 9ms, 평균: 10ms, 최대: 14ms, P95: 12ms, P99: 13ms
[2026-02-24 01:09:34] [INFO] [38841fbe-5985-481c-9a6d-d0310520c2af.internal.kr4.postgres.rds.ngovc.com] (267/0/267)
[2026-02-24 01:09:34] [INFO] [rancher-gov.goe.go.kr] (267/0/267)
[2026-02-24 01:09:34] [INFO] [38841fbe-5985-481c-9a6d-d0310520c2af.internal.kr4.postgres.rds.ngovc.com] 응답시간 통계 - 최소: 9ms, 평균: 10ms, 최대: 20ms, P95: 12ms, P99: 14ms
[2026-02-24 01:09:34] [INFO] [rancher-gov.goe.go.kr] 응답시간 통계 - 최소: 9ms, 평균: 10ms, 최대: 14ms, P95: 12ms, P99: 14ms
[2026-02-24 01:10:34] [INFO] [38841fbe-5985-481c-9a6d-d0310520c2af.internal.kr4.postgres.rds.ngovc.com] (267/0/267)
[2026-02-24 01:10:34] [INFO] [38841fbe-5985-481c-9a6d-d0310520c2af.internal.kr4.postgres.rds.ngovc.com] 응답시간 통계 - 최소: 9ms, 평균: 10ms, 최대: 15ms, P95: 13ms, P99: 14ms
[2026-02-24 01:10:34] [INFO] [rancher-gov.goe.go.kr] (267/0/267)
[2026-02-24 01:10:34] [INFO] [rancher-gov.goe.go.kr] 응답시간 통계 - 최소: 9ms, 평균: 10ms, 최대: 14ms, P95: 12ms, P99: 13ms
[2026-02-24 01:11:34] [INFO] [38841fbe-5985-481c-9a6d-d0310520c2af.internal.kr4.postgres.rds.ngovc.com] (267/0/267)
[2026-02-24 01:11:34] [INFO] [rancher-gov.goe.go.kr] (267/0/267)
[2026-02-24 01:11:34] [INFO] [38841fbe-5985-481c-9a6d-d0310520c2af.internal.kr4.postgres.rds.ngovc.com] 응답시간 통계 - 최소: 9ms, 평균: 10ms, 최대: 16ms, P95: 12ms, P99: 14ms
[2026-02-24 01:11:34] [INFO] [rancher-gov.goe.go.kr] 응답시간 통계 - 최소: 9ms, 평균: 10ms, 최대: 14ms, P95: 12ms, P99: 13ms
[2026-02-24 01:12:34] [INFO] [rancher-gov.goe.go.kr] (267/0/267)
[2026-02-24 01:12:34] [INFO] [38841fbe-5985-481c-9a6d-d0310520c2af.internal.kr4.postgres.rds.ngovc.com] (267/0/267)
[2026-02-24 01:12:34] [INFO] [rancher-gov.goe.go.kr] 응답시간 통계 - 최소: 9ms, 평균: 10ms, 최대: 16ms, P95: 12ms, P99: 14ms
[2026-02-24 01:12:34] [INFO] [38841fbe-5985-481c-9a6d-d0310520c2af.internal.kr4.postgres.rds.ngovc.com] 응답시간 통계 - 최소: 9ms, 평균: 10ms, 최대: 15ms, P95: 13ms, P99: 14ms
[2026-02-24 01:13:34] [INFO] [38841fbe-5985-481c-9a6d-d0310520c2af.internal.kr4.postgres.rds.ngovc.com] (268/0/268)
[2026-02-24 01:13:34] [INFO] [rancher-gov.goe.go.kr] (268/0/268)
[2026-02-24 01:13:34] [INFO] [38841fbe-5985-481c-9a6d-d0310520c2af.internal.kr4.postgres.rds.ngovc.com] 응답시간 통계 - 최소: 9ms, 평균: 10ms, 최대: 15ms, P95: 12ms, P99: 14ms
[2026-02-24 01:13:34] [INFO] [rancher-gov.goe.go.kr] 응답시간 통계 - 최소: 9ms, 평균: 10ms, 최대: 15ms, P95: 12ms, P99: 14ms
[2026-02-24 01:14:34] [INFO] [rancher-gov.goe.go.kr] (267/0/267)
[2026-02-24 01:14:34] [INFO] [38841fbe-5985-481c-9a6d-d0310520c2af.internal.kr4.postgres.rds.ngovc.com] (267/0/267)
[2026-02-24 01:14:34] [INFO] [rancher-gov.goe.go.kr] 응답시간 통계 - 최소: 9ms, 평균: 10ms, 최대: 15ms, P95: 12ms, P99: 13ms
[2026-02-24 01:14:34] [INFO] [38841fbe-5985-481c-9a6d-d0310520c2af.internal.kr4.postgres.rds.ngovc.com] 응답시간 통계 - 최소: 9ms, 평균: 10ms, 최대: 15ms, P95: 13ms, P99: 14ms
[2026-02-24 01:15:34] [INFO] [rancher-gov.goe.go.kr] (266/0/266)
[2026-02-24 01:15:34] [INFO] [38841fbe-5985-481c-9a6d-d0310520c2af.internal.kr4.postgres.rds.ngovc.com] (266/0/266)
[2026-02-24 01:15:34] [INFO] [rancher-gov.goe.go.kr] 응답시간 통계 - 최소: 9ms, 평균: 10ms, 최대: 17ms, P95: 12ms, P99: 13ms
[2026-02-24 01:15:34] [INFO] [38841fbe-5985-481c-9a6d-d0310520c2af.internal.kr4.postgres.rds.ngovc.com] 응답시간 통계 - 최소: 9ms, 평균: 10ms, 최대: 15ms, P95: 13ms, P99: 14ms
[2026-02-24 01:16:34] [INFO] [rancher-gov.goe.go.kr] (268/0/268)
[2026-02-24 01:16:34] [INFO] [rancher-gov.goe.go.kr] 응답시간 통계 - 최소: 9ms, 평균: 10ms, 최대: 15ms, P95: 12ms, P99: 13ms
[2026-02-24 01:16:34] [INFO] [38841fbe-5985-481c-9a6d-d0310520c2af.internal.kr4.postgres.rds.ngovc.com] (268/0/268)
[2026-02-24 01:16:34] [INFO] [38841fbe-5985-481c-9a6d-d0310520c2af.internal.kr4.postgres.rds.ngovc.com] 응답시간 통계 - 최소: 9ms, 평균: 10ms, 최대: 15ms, P95: 12ms, P99: 14ms
[2026-02-24 01:17:34] [INFO] [38841fbe-5985-481c-9a6d-d0310520c2af.internal.kr4.postgres.rds.ngovc.com] (267/0/267)
[2026-02-24 01:17:34] [INFO] [rancher-gov.goe.go.kr] (267/0/267)
[2026-02-24 01:17:34] [INFO] [38841fbe-5985-481c-9a6d-d0310520c2af.internal.kr4.postgres.rds.ngovc.com] 응답시간 통계 - 최소: 9ms, 평균: 10ms, 최대: 15ms, P95: 12ms, P99: 13ms
[2026-02-24 01:17:34] [INFO] [rancher-gov.goe.go.kr] 응답시간 통계 - 최소: 9ms, 평균: 10ms, 최대: 13ms, P95: 12ms, P99: 13ms
[2026-02-24 01:18:34] [INFO] [38841fbe-5985-481c-9a6d-d0310520c2af.internal.kr4.postgres.rds.ngovc.com] (268/0/268)
[2026-02-24 01:18:34] [INFO] [38841fbe-5985-481c-9a6d-d0310520c2af.internal.kr4.postgres.rds.ngovc.com] 응답시간 통계 - 최소: 9ms, 평균: 10ms, 최대: 15ms, P95: 13ms, P99: 15ms
[2026-02-24 01:18:34] [INFO] [rancher-gov.goe.go.kr] (268/0/268)
[2026-02-24 01:18:34] [INFO] [rancher-gov.goe.go.kr] 응답시간 통계 - 최소: 9ms, 평균: 10ms, 최대: 15ms, P95: 12ms, P99: 13ms
[2026-02-24 01:19:34] [INFO] [rancher-gov.goe.go.kr] (267/0/267)
[2026-02-24 01:19:34] [INFO] [rancher-gov.goe.go.kr] 응답시간 통계 - 최소: 9ms, 평균: 10ms, 최대: 17ms, P95: 12ms, P99: 13ms
[2026-02-24 01:19:34] [INFO] [38841fbe-5985-481c-9a6d-d0310520c2af.internal.kr4.postgres.rds.ngovc.com] (267/0/267)
[2026-02-24 01:19:34] [INFO] [38841fbe-5985-481c-9a6d-d0310520c2af.internal.kr4.postgres.rds.ngovc.com] 응답시간 통계 - 최소: 9ms, 평균: 10ms, 최대: 18ms, P95: 12ms, P99: 14ms
[2026-02-24 01:20:34] [INFO] [rancher-gov.goe.go.kr] (268/0/268)
[2026-02-24 01:20:34] [INFO] [38841fbe-5985-481c-9a6d-d0310520c2af.internal.kr4.postgres.rds.ngovc.com] (268/0/268)
[2026-02-24 01:20:34] [INFO] [rancher-gov.goe.go.kr] 응답시간 통계 - 최소: 9ms, 평균: 10ms, 최대: 13ms, P95: 12ms, P99: 13ms
[2026-02-24 01:20:34] [INFO] [38841fbe-5985-481c-9a6d-d0310520c2af.internal.kr4.postgres.rds.ngovc.com] 응답시간 통계 - 최소: 9ms, 평균: 10ms, 최대: 14ms, P95: 12ms, P99: 13ms
[2026-02-24 01:21:34] [INFO] [rancher-gov.goe.go.kr] (268/0/268)
[2026-02-24 01:21:34] [INFO] [rancher-gov.goe.go.kr] 응답시간 통계 - 최소: 9ms, 평균: 10ms, 최대: 14ms, P95: 12ms, P99: 13ms
[2026-02-24 01:21:34] [INFO] [38841fbe-5985-481c-9a6d-d0310520c2af.internal.kr4.postgres.rds.ngovc.com] (268/0/268)
[2026-02-24 01:21:34] [INFO] [38841fbe-5985-481c-9a6d-d0310520c2af.internal.kr4.postgres.rds.ngovc.com] 응답시간 통계 - 최소: 9ms, 평균: 10ms, 최대: 14ms, P95: 12ms, P99: 13ms
[2026-02-24 01:22:34] [INFO] [rancher-gov.goe.go.kr] (267/0/267)
[2026-02-24 01:22:34] [INFO] [38841fbe-5985-481c-9a6d-d0310520c2af.internal.kr4.postgres.rds.ngovc.com] (267/0/267)
[2026-02-24 01:22:34] [INFO] [rancher-gov.goe.go.kr] 응답시간 통계 - 최소: 9ms, 평균: 10ms, 최대: 15ms, P95: 11ms, P99: 13ms
[2026-02-24 01:22:34] [INFO] [38841fbe-5985-481c-9a6d-d0310520c2af.internal.kr4.postgres.rds.ngovc.com] 응답시간 통계 - 최소: 9ms, 평균: 10ms, 최대: 14ms, P95: 12ms, P99: 14ms
[2026-02-24 01:23:34] [INFO] [rancher-gov.goe.go.kr] (268/0/268)
[2026-02-24 01:23:34] [INFO] [38841fbe-5985-481c-9a6d-d0310520c2af.internal.kr4.postgres.rds.ngovc.com] (268/0/268)
[2026-02-24 01:23:34] [INFO] [rancher-gov.goe.go.kr] 응답시간 통계 - 최소: 9ms, 평균: 10ms, 최대: 14ms, P95: 12ms, P99: 13ms
[2026-02-24 01:23:34] [INFO] [38841fbe-5985-481c-9a6d-d0310520c2af.internal.kr4.postgres.rds.ngovc.com] 응답시간 통계 - 최소: 9ms, 평균: 10ms, 최대: 15ms, P95: 12ms, P99: 14ms
[2026-02-24 01:24:34] [INFO] [rancher-gov.goe.go.kr] (267/0/267)
[2026-02-24 01:24:34] [INFO] [38841fbe-5985-481c-9a6d-d0310520c2af.internal.kr4.postgres.rds.ngovc.com] (267/0/267)
[2026-02-24 01:24:34] [INFO] [rancher-gov.goe.go.kr] 응답시간 통계 - 최소: 9ms, 평균: 10ms, 최대: 13ms, P95: 12ms, P99: 12ms
[2026-02-24 01:24:34] [INFO] [38841fbe-5985-481c-9a6d-d0310520c2af.internal.kr4.postgres.rds.ngovc.com] 응답시간 통계 - 최소: 9ms, 평균: 10ms, 최대: 16ms, P95: 13ms, P99: 14ms
[2026-02-24 01:25:34] [INFO] [rancher-gov.goe.go.kr] (267/0/267)
[2026-02-24 01:25:34] [INFO] [38841fbe-5985-481c-9a6d-d0310520c2af.internal.kr4.postgres.rds.ngovc.com] (267/0/267)
[2026-02-24 01:25:34] [INFO] [rancher-gov.goe.go.kr] 응답시간 통계 - 최소: 9ms, 평균: 10ms, 최대: 22ms, P95: 12ms, P99: 12ms
[2026-02-24 01:25:34] [INFO] [38841fbe-5985-481c-9a6d-d0310520c2af.internal.kr4.postgres.rds.ngovc.com] 응답시간 통계 - 최소: 9ms, 평균: 10ms, 최대: 22ms, P95: 12ms, P99: 14ms
[2026-02-24 01:26:34] [INFO] [rancher-gov.goe.go.kr] (268/0/268)
[2026-02-24 01:26:34] [INFO] [38841fbe-5985-481c-9a6d-d0310520c2af.internal.kr4.postgres.rds.ngovc.com] (268/0/268)
[2026-02-24 01:26:34] [INFO] [rancher-gov.goe.go.kr] 응답시간 통계 - 최소: 9ms, 평균: 10ms, 최대: 15ms, P95: 12ms, P99: 13ms
[2026-02-24 01:26:34] [INFO] [38841fbe-5985-481c-9a6d-d0310520c2af.internal.kr4.postgres.rds.ngovc.com] 응답시간 통계 - 최소: 9ms, 평균: 10ms, 최대: 14ms, P95: 12ms, P99: 13ms
[2026-02-24 01:27:34] [INFO] [38841fbe-5985-481c-9a6d-d0310520c2af.internal.kr4.postgres.rds.ngovc.com] (268/0/268)
[2026-02-24 01:27:34] [INFO] [rancher-gov.goe.go.kr] (268/0/268)
[2026-02-24 01:27:34] [INFO] [38841fbe-5985-481c-9a6d-d0310520c2af.internal.kr4.postgres.rds.ngovc.com] 응답시간 통계 - 최소: 9ms, 평균: 10ms, 최대: 17ms, P95: 12ms, P99: 14ms
[2026-02-24 01:27:34] [INFO] [rancher-gov.goe.go.kr] 응답시간 통계 - 최소: 9ms, 평균: 10ms, 최대: 17ms, P95: 12ms, P99: 13ms
[2026-02-24 01:28:34] [INFO] [38841fbe-5985-481c-9a6d-d0310520c2af.internal.kr4.postgres.rds.ngovc.com] (268/0/268)
[2026-02-24 01:28:34] [INFO] [rancher-gov.goe.go.kr] (268/0/268)
[2026-02-24 01:28:34] [INFO] [38841fbe-5985-481c-9a6d-d0310520c2af.internal.kr4.postgres.rds.ngovc.com] 응답시간 통계 - 최소: 9ms, 평균: 10ms, 최대: 15ms, P95: 12ms, P99: 13ms
[2026-02-24 01:28:34] [INFO] [rancher-gov.goe.go.kr] 응답시간 통계 - 최소: 9ms, 평균: 10ms, 최대: 13ms, P95: 12ms, P99: 12ms
[2026-02-24 01:29:34] [INFO] [rancher-gov.goe.go.kr] (267/0/267)
[2026-02-24 01:29:34] [INFO] [38841fbe-5985-481c-9a6d-d0310520c2af.internal.kr4.postgres.rds.ngovc.com] (267/0/267)
[2026-02-24 01:29:34] [INFO] [rancher-gov.goe.go.kr] 응답시간 통계 - 최소: 10ms, 평균: 10ms, 최대: 14ms, P95: 12ms, P99: 13ms
[2026-02-24 01:29:34] [INFO] [38841fbe-5985-481c-9a6d-d0310520c2af.internal.kr4.postgres.rds.ngovc.com] 응답시간 통계 - 최소: 9ms, 평균: 10ms, 최대: 14ms, P95: 12ms, P99: 14ms
[2026-02-24 01:30:34] [INFO] [rancher-gov.goe.go.kr] (267/0/267)
[2026-02-24 01:30:34] [INFO] [rancher-gov.goe.go.kr] 응답시간 통계 - 최소: 9ms, 평균: 10ms, 최대: 14ms, P95: 12ms, P99: 13ms
[2026-02-24 01:30:34] [INFO] [38841fbe-5985-481c-9a6d-d0310520c2af.internal.kr4.postgres.rds.ngovc.com] (267/0/267)
[2026-02-24 01:30:34] [INFO] [38841fbe-5985-481c-9a6d-d0310520c2af.internal.kr4.postgres.rds.ngovc.com] 응답시간 통계 - 최소: 9ms, 평균: 10ms, 최대: 15ms, P95: 12ms, P99: 13ms
[2026-02-24 01:31:34] [INFO] [38841fbe-5985-481c-9a6d-d0310520c2af.internal.kr4.postgres.rds.ngovc.com] (267/0/267)
[2026-02-24 01:31:34] [INFO] [38841fbe-5985-481c-9a6d-d0310520c2af.internal.kr4.postgres.rds.ngovc.com] 응답시간 통계 - 최소: 9ms, 평균: 10ms, 최대: 15ms, P95: 12ms, P99: 14ms
[2026-02-24 01:31:34] [INFO] [rancher-gov.goe.go.kr] (267/0/267)
[2026-02-24 01:31:34] [INFO] [rancher-gov.goe.go.kr] 응답시간 통계 - 최소: 9ms, 평균: 10ms, 최대: 14ms, P95: 12ms, P99: 13ms
[2026-02-24 01:32:34] [INFO] [rancher-gov.goe.go.kr] (268/0/268)
[2026-02-24 01:32:34] [INFO] [38841fbe-5985-481c-9a6d-d0310520c2af.internal.kr4.postgres.rds.ngovc.com] (268/0/268)
[2026-02-24 01:32:34] [INFO] [rancher-gov.goe.go.kr] 응답시간 통계 - 최소: 9ms, 평균: 10ms, 최대: 13ms, P95: 12ms, P99: 12ms
[2026-02-24 01:32:34] [INFO] [38841fbe-5985-481c-9a6d-d0310520c2af.internal.kr4.postgres.rds.ngovc.com] 응답시간 통계 - 최소: 9ms, 평균: 10ms, 최대: 15ms, P95: 13ms, P99: 14ms
[2026-02-24 01:33:34] [INFO] [rancher-gov.goe.go.kr] (267/0/267)
[2026-02-24 01:33:34] [INFO] [38841fbe-5985-481c-9a6d-d0310520c2af.internal.kr4.postgres.rds.ngovc.com] (267/0/267)
[2026-02-24 01:33:34] [INFO] [rancher-gov.goe.go.kr] 응답시간 통계 - 최소: 9ms, 평균: 10ms, 최대: 13ms, P95: 12ms, P99: 12ms
[2026-02-24 01:33:34] [INFO] [38841fbe-5985-481c-9a6d-d0310520c2af.internal.kr4.postgres.rds.ngovc.com] 응답시간 통계 - 최소: 9ms, 평균: 10ms, 최대: 18ms, P95: 12ms, P99: 13ms
[2026-02-24 01:34:34] [INFO] [38841fbe-5985-481c-9a6d-d0310520c2af.internal.kr4.postgres.rds.ngovc.com] (267/0/267)
[2026-02-24 01:34:34] [INFO] [rancher-gov.goe.go.kr] (267/0/267)
[2026-02-24 01:34:34] [INFO] [38841fbe-5985-481c-9a6d-d0310520c2af.internal.kr4.postgres.rds.ngovc.com] 응답시간 통계 - 최소: 9ms, 평균: 10ms, 최대: 15ms, P95: 12ms, P99: 14ms
[2026-02-24 01:34:34] [INFO] [rancher-gov.goe.go.kr] 응답시간 통계 - 최소: 9ms, 평균: 10ms, 최대: 13ms, P95: 12ms, P99: 13ms
[2026-02-24 01:35:34] [INFO] [38841fbe-5985-481c-9a6d-d0310520c2af.internal.kr4.postgres.rds.ngovc.com] (268/0/268)
[2026-02-24 01:35:34] [INFO] [rancher-gov.goe.go.kr] (268/0/268)
[2026-02-24 01:35:34] [INFO] [38841fbe-5985-481c-9a6d-d0310520c2af.internal.kr4.postgres.rds.ngovc.com] 응답시간 통계 - 최소: 9ms, 평균: 10ms, 최대: 15ms, P95: 13ms, P99: 14ms
[2026-02-24 01:35:34] [INFO] [rancher-gov.goe.go.kr] 응답시간 통계 - 최소: 9ms, 평균: 10ms, 최대: 14ms, P95: 12ms, P99: 13ms
[2026-02-24 01:36:34] [INFO] [rancher-gov.goe.go.kr] (267/0/267)
[2026-02-24 01:36:34] [INFO] [38841fbe-5985-481c-9a6d-d0310520c2af.internal.kr4.postgres.rds.ngovc.com] (267/0/267)
[2026-02-24 01:36:34] [INFO] [rancher-gov.goe.go.kr] 응답시간 통계 - 최소: 9ms, 평균: 10ms, 최대: 18ms, P95: 12ms, P99: 14ms
[2026-02-24 01:36:34] [INFO] [38841fbe-5985-481c-9a6d-d0310520c2af.internal.kr4.postgres.rds.ngovc.com] 응답시간 통계 - 최소: 9ms, 평균: 10ms, 최대: 14ms, P95: 12ms, P99: 14ms
[2026-02-24 01:37:34] [INFO] [38841fbe-5985-481c-9a6d-d0310520c2af.internal.kr4.postgres.rds.ngovc.com] (267/0/267)
[2026-02-24 01:37:34] [INFO] [rancher-gov.goe.go.kr] (267/0/267)
[2026-02-24 01:37:34] [INFO] [38841fbe-5985-481c-9a6d-d0310520c2af.internal.kr4.postgres.rds.ngovc.com] 응답시간 통계 - 최소: 9ms, 평균: 10ms, 최대: 16ms, P95: 13ms, P99: 14ms
[2026-02-24 01:37:34] [INFO] [rancher-gov.goe.go.kr] 응답시간 통계 - 최소: 9ms, 평균: 10ms, 최대: 15ms, P95: 12ms, P99: 14ms
[2026-02-24 01:38:34] [INFO] [38841fbe-5985-481c-9a6d-d0310520c2af.internal.kr4.postgres.rds.ngovc.com] (267/0/267)
[2026-02-24 01:38:34] [INFO] [rancher-gov.goe.go.kr] (267/0/267)
[2026-02-24 01:38:34] [INFO] [38841fbe-5985-481c-9a6d-d0310520c2af.internal.kr4.postgres.rds.ngovc.com] 응답시간 통계 - 최소: 9ms, 평균: 10ms, 최대: 14ms, P95: 12ms, P99: 14ms
[2026-02-24 01:38:34] [INFO] [rancher-gov.goe.go.kr] 응답시간 통계 - 최소: 9ms, 평균: 10ms, 최대: 14ms, P95: 12ms, P99: 13ms
[2026-02-24 01:39:34] [INFO] [38841fbe-5985-481c-9a6d-d0310520c2af.internal.kr4.postgres.rds.ngovc.com] (267/0/267)
[2026-02-24 01:39:34] [INFO] [rancher-gov.goe.go.kr] (267/0/267)
[2026-02-24 01:39:34] [INFO] [38841fbe-5985-481c-9a6d-d0310520c2af.internal.kr4.postgres.rds.ngovc.com] 응답시간 통계 - 최소: 9ms, 평균: 10ms, 최대: 15ms, P95: 13ms, P99: 14ms
[2026-02-24 01:39:34] [INFO] [rancher-gov.goe.go.kr] 응답시간 통계 - 최소: 9ms, 평균: 10ms, 최대: 15ms, P95: 12ms, P99: 13ms
[2026-02-24 01:40:34] [INFO] [rancher-gov.goe.go.kr] (268/0/268)
[2026-02-24 01:40:34] [INFO] [38841fbe-5985-481c-9a6d-d0310520c2af.internal.kr4.postgres.rds.ngovc.com] (268/0/268)
[2026-02-24 01:40:34] [INFO] [rancher-gov.goe.go.kr] 응답시간 통계 - 최소: 9ms, 평균: 10ms, 최대: 14ms, P95: 12ms, P99: 13ms
[2026-02-24 01:40:34] [INFO] [38841fbe-5985-481c-9a6d-d0310520c2af.internal.kr4.postgres.rds.ngovc.com] 응답시간 통계 - 최소: 9ms, 평균: 10ms, 최대: 15ms, P95: 12ms, P99: 14ms
[2026-02-24 01:41:34] [INFO] [rancher-gov.goe.go.kr] (267/0/267)
[2026-02-24 01:41:34] [INFO] [rancher-gov.goe.go.kr] 응답시간 통계 - 최소: 9ms, 평균: 10ms, 최대: 14ms, P95: 12ms, P99: 13ms
[2026-02-24 01:41:34] [INFO] [38841fbe-5985-481c-9a6d-d0310520c2af.internal.kr4.postgres.rds.ngovc.com] (267/0/267)
[2026-02-24 01:41:34] [INFO] [38841fbe-5985-481c-9a6d-d0310520c2af.internal.kr4.postgres.rds.ngovc.com] 응답시간 통계 - 최소: 9ms, 평균: 10ms, 최대: 14ms, P95: 12ms, P99: 14ms
[2026-02-24 01:42:34] [INFO] [rancher-gov.goe.go.kr] (268/0/268)
[2026-02-24 01:42:34] [INFO] [38841fbe-5985-481c-9a6d-d0310520c2af.internal.kr4.postgres.rds.ngovc.com] (268/0/268)
[2026-02-24 01:42:34] [INFO] [rancher-gov.goe.go.kr] 응답시간 통계 - 최소: 9ms, 평균: 10ms, 최대: 14ms, P95: 12ms, P99: 14ms
[2026-02-24 01:42:34] [INFO] [38841fbe-5985-481c-9a6d-d0310520c2af.internal.kr4.postgres.rds.ngovc.com] 응답시간 통계 - 최소: 9ms, 평균: 10ms, 최대: 14ms, P95: 12ms, P99: 14ms
[2026-02-24 01:43:34] [INFO] [38841fbe-5985-481c-9a6d-d0310520c2af.internal.kr4.postgres.rds.ngovc.com] (267/0/267)
[2026-02-24 01:43:34] [INFO] [rancher-gov.goe.go.kr] (267/0/267)
[2026-02-24 01:43:34] [INFO] [38841fbe-5985-481c-9a6d-d0310520c2af.internal.kr4.postgres.rds.ngovc.com] 응답시간 통계 - 최소: 9ms, 평균: 10ms, 최대: 14ms, P95: 12ms, P99: 14ms
[2026-02-24 01:43:34] [INFO] [rancher-gov.goe.go.kr] 응답시간 통계 - 최소: 9ms, 평균: 10ms, 최대: 14ms, P95: 12ms, P99: 13ms
[2026-02-24 01:44:34] [INFO] [38841fbe-5985-481c-9a6d-d0310520c2af.internal.kr4.postgres.rds.ngovc.com] (268/0/268)
[2026-02-24 01:44:34] [INFO] [rancher-gov.goe.go.kr] (268/0/268)
[2026-02-24 01:44:34] [INFO] [38841fbe-5985-481c-9a6d-d0310520c2af.internal.kr4.postgres.rds.ngovc.com] 응답시간 통계 - 최소: 9ms, 평균: 10ms, 최대: 14ms, P95: 12ms, P99: 14ms
[2026-02-24 01:44:34] [INFO] [rancher-gov.goe.go.kr] 응답시간 통계 - 최소: 9ms, 평균: 10ms, 최대: 14ms, P95: 11ms, P99: 13ms
[2026-02-24 01:45:34] [INFO] [38841fbe-5985-481c-9a6d-d0310520c2af.internal.kr4.postgres.rds.ngovc.com] (268/0/268)
[2026-02-24 01:45:34] [INFO] [38841fbe-5985-481c-9a6d-d0310520c2af.internal.kr4.postgres.rds.ngovc.com] 응답시간 통계 - 최소: 9ms, 평균: 10ms, 최대: 15ms, P95: 12ms, P99: 14ms
[2026-02-24 01:45:34] [INFO] [rancher-gov.goe.go.kr] (268/0/268)
[2026-02-24 01:45:34] [INFO] [rancher-gov.goe.go.kr] 응답시간 통계 - 최소: 9ms, 평균: 10ms, 최대: 13ms, P95: 12ms, P99: 13ms
[2026-02-24 01:46:34] [INFO] [rancher-gov.goe.go.kr] (267/0/267)
[2026-02-24 01:46:34] [INFO] [rancher-gov.goe.go.kr] 응답시간 통계 - 최소: 9ms, 평균: 10ms, 최대: 14ms, P95: 12ms, P99: 12ms
[2026-02-24 01:46:34] [INFO] [38841fbe-5985-481c-9a6d-d0310520c2af.internal.kr4.postgres.rds.ngovc.com] (267/0/267)
[2026-02-24 01:46:34] [INFO] [38841fbe-5985-481c-9a6d-d0310520c2af.internal.kr4.postgres.rds.ngovc.com] 응답시간 통계 - 최소: 9ms, 평균: 10ms, 최대: 15ms, P95: 12ms, P99: 14ms
[2026-02-24 01:47:34] [INFO] [rancher-gov.goe.go.kr] (267/0/267)
[2026-02-24 01:47:34] [INFO] [38841fbe-5985-481c-9a6d-d0310520c2af.internal.kr4.postgres.rds.ngovc.com] (267/0/267)
[2026-02-24 01:47:34] [INFO] [rancher-gov.goe.go.kr] 응답시간 통계 - 최소: 10ms, 평균: 10ms, 최대: 14ms, P95: 12ms, P99: 13ms
[2026-02-24 01:47:34] [INFO] [38841fbe-5985-481c-9a6d-d0310520c2af.internal.kr4.postgres.rds.ngovc.com] 응답시간 통계 - 최소: 9ms, 평균: 10ms, 최대: 14ms, P95: 13ms, P99: 13ms
[2026-02-24 01:48:34] [INFO] [rancher-gov.goe.go.kr] (267/0/267)
[2026-02-24 01:48:34] [INFO] [38841fbe-5985-481c-9a6d-d0310520c2af.internal.kr4.postgres.rds.ngovc.com] (267/0/267)
[2026-02-24 01:48:34] [INFO] [rancher-gov.goe.go.kr] 응답시간 통계 - 최소: 9ms, 평균: 10ms, 최대: 16ms, P95: 12ms, P99: 14ms
[2026-02-24 01:48:34] [INFO] [38841fbe-5985-481c-9a6d-d0310520c2af.internal.kr4.postgres.rds.ngovc.com] 응답시간 통계 - 최소: 9ms, 평균: 10ms, 최대: 15ms, P95: 13ms, P99: 14ms
[2026-02-24 01:49:34] [INFO] [rancher-gov.goe.go.kr] (268/0/268)
[2026-02-24 01:49:34] [INFO] [38841fbe-5985-481c-9a6d-d0310520c2af.internal.kr4.postgres.rds.ngovc.com] (268/0/268)
[2026-02-24 01:49:34] [INFO] [rancher-gov.goe.go.kr] 응답시간 통계 - 최소: 9ms, 평균: 10ms, 최대: 13ms, P95: 12ms, P99: 12ms
[2026-02-24 01:49:34] [INFO] [38841fbe-5985-481c-9a6d-d0310520c2af.internal.kr4.postgres.rds.ngovc.com] 응답시간 통계 - 최소: 9ms, 평균: 10ms, 최대: 14ms, P95: 12ms, P99: 13ms
[2026-02-24 01:50:34] [INFO] [38841fbe-5985-481c-9a6d-d0310520c2af.internal.kr4.postgres.rds.ngovc.com] (267/0/267)
[2026-02-24 01:50:34] [INFO] [rancher-gov.goe.go.kr] (267/0/267)
[2026-02-24 01:50:34] [INFO] [38841fbe-5985-481c-9a6d-d0310520c2af.internal.kr4.postgres.rds.ngovc.com] 응답시간 통계 - 최소: 9ms, 평균: 10ms, 최대: 15ms, P95: 12ms, P99: 13ms
[2026-02-24 01:50:34] [INFO] [rancher-gov.goe.go.kr] 응답시간 통계 - 최소: 9ms, 평균: 10ms, 최대: 13ms, P95: 11ms, P99: 13ms
[2026-02-24 01:51:34] [INFO] [38841fbe-5985-481c-9a6d-d0310520c2af.internal.kr4.postgres.rds.ngovc.com] (268/0/268)
[2026-02-24 01:51:34] [INFO] [rancher-gov.goe.go.kr] (268/0/268)
[2026-02-24 01:51:34] [INFO] [rancher-gov.goe.go.kr] 응답시간 통계 - 최소: 9ms, 평균: 10ms, 최대: 14ms, P95: 12ms, P99: 13ms
[2026-02-24 01:51:34] [INFO] [38841fbe-5985-481c-9a6d-d0310520c2af.internal.kr4.postgres.rds.ngovc.com] 응답시간 통계 - 최소: 9ms, 평균: 10ms, 최대: 15ms, P95: 12ms, P99: 14ms
[2026-02-24 01:52:34] [INFO] [rancher-gov.goe.go.kr] (269/0/269)
[2026-02-24 01:52:34] [INFO] [38841fbe-5985-481c-9a6d-d0310520c2af.internal.kr4.postgres.rds.ngovc.com] (269/0/269)
[2026-02-24 01:52:34] [INFO] [38841fbe-5985-481c-9a6d-d0310520c2af.internal.kr4.postgres.rds.ngovc.com] 응답시간 통계 - 최소: 9ms, 평균: 10ms, 최대: 17ms, P95: 12ms, P99: 13ms
[2026-02-24 01:52:34] [INFO] [rancher-gov.goe.go.kr] 응답시간 통계 - 최소: 9ms, 평균: 10ms, 최대: 14ms, P95: 11ms, P99: 12ms
[2026-02-24 01:53:34] [INFO] [rancher-gov.goe.go.kr] (269/0/269)
[2026-02-24 01:53:34] [INFO] [38841fbe-5985-481c-9a6d-d0310520c2af.internal.kr4.postgres.rds.ngovc.com] (269/0/269)
[2026-02-24 01:53:34] [INFO] [rancher-gov.goe.go.kr] 응답시간 통계 - 최소: 9ms, 평균: 10ms, 최대: 13ms, P95: 12ms, P99: 13ms
[2026-02-24 01:53:34] [INFO] [38841fbe-5985-481c-9a6d-d0310520c2af.internal.kr4.postgres.rds.ngovc.com] 응답시간 통계 - 최소: 9ms, 평균: 10ms, 최대: 14ms, P95: 12ms, P99: 13ms
[2026-02-24 01:54:34] [INFO] [38841fbe-5985-481c-9a6d-d0310520c2af.internal.kr4.postgres.rds.ngovc.com] (269/0/269)
[2026-02-24 01:54:34] [INFO] [rancher-gov.goe.go.kr] (269/0/269)
[2026-02-24 01:54:34] [INFO] [38841fbe-5985-481c-9a6d-d0310520c2af.internal.kr4.postgres.rds.ngovc.com] 응답시간 통계 - 최소: 9ms, 평균: 10ms, 최대: 18ms, P95: 12ms, P99: 14ms
[2026-02-24 01:54:34] [INFO] [rancher-gov.goe.go.kr] 응답시간 통계 - 최소: 9ms, 평균: 10ms, 최대: 19ms, P95: 11ms, P99: 12ms
[2026-02-24 01:55:34] [INFO] [38841fbe-5985-481c-9a6d-d0310520c2af.internal.kr4.postgres.rds.ngovc.com] (267/0/267)
[2026-02-24 01:55:34] [INFO] [rancher-gov.goe.go.kr] (267/0/267)
[2026-02-24 01:55:34] [INFO] [38841fbe-5985-481c-9a6d-d0310520c2af.internal.kr4.postgres.rds.ngovc.com] 응답시간 통계 - 최소: 9ms, 평균: 10ms, 최대: 16ms, P95: 12ms, P99: 14ms
[2026-02-24 01:55:34] [INFO] [rancher-gov.goe.go.kr] 응답시간 통계 - 최소: 9ms, 평균: 10ms, 최대: 14ms, P95: 12ms, P99: 13ms
[2026-02-24 01:56:34] [INFO] [rancher-gov.goe.go.kr] (268/0/268)
[2026-02-24 01:56:34] [INFO] [38841fbe-5985-481c-9a6d-d0310520c2af.internal.kr4.postgres.rds.ngovc.com] (268/0/268)
[2026-02-24 01:56:34] [INFO] [rancher-gov.goe.go.kr] 응답시간 통계 - 최소: 9ms, 평균: 10ms, 최대: 14ms, P95: 12ms, P99: 13ms
[2026-02-24 01:56:34] [INFO] [38841fbe-5985-481c-9a6d-d0310520c2af.internal.kr4.postgres.rds.ngovc.com] 응답시간 통계 - 최소: 9ms, 평균: 10ms, 최대: 15ms, P95: 12ms, P99: 13ms
[2026-02-24 01:57:34] [INFO] [38841fbe-5985-481c-9a6d-d0310520c2af.internal.kr4.postgres.rds.ngovc.com] (268/0/268)
[2026-02-24 01:57:34] [INFO] [rancher-gov.goe.go.kr] (268/0/268)
[2026-02-24 01:57:34] [INFO] [38841fbe-5985-481c-9a6d-d0310520c2af.internal.kr4.postgres.rds.ngovc.com] 응답시간 통계 - 최소: 9ms, 평균: 10ms, 최대: 14ms, P95: 12ms, P99: 14ms
[2026-02-24 01:57:34] [INFO] [rancher-gov.goe.go.kr] 응답시간 통계 - 최소: 9ms, 평균: 10ms, 최대: 13ms, P95: 12ms, P99: 12ms
[2026-02-24 01:58:34] [INFO] [38841fbe-5985-481c-9a6d-d0310520c2af.internal.kr4.postgres.rds.ngovc.com] (268/0/268)
[2026-02-24 01:58:34] [INFO] [rancher-gov.goe.go.kr] (268/0/268)
[2026-02-24 01:58:34] [INFO] [38841fbe-5985-481c-9a6d-d0310520c2af.internal.kr4.postgres.rds.ngovc.com] 응답시간 통계 - 최소: 9ms, 평균: 10ms, 최대: 16ms, P95: 13ms, P99: 14ms
[2026-02-24 01:58:34] [INFO] [rancher-gov.goe.go.kr] 응답시간 통계 - 최소: 9ms, 평균: 10ms, 최대: 24ms, P95: 12ms, P99: 14ms
[2026-02-24 01:59:34] [INFO] [38841fbe-5985-481c-9a6d-d0310520c2af.internal.kr4.postgres.rds.ngovc.com] (267/0/267)
[2026-02-24 01:59:34] [INFO] [rancher-gov.goe.go.kr] (267/0/267)
[2026-02-24 01:59:34] [INFO] [38841fbe-5985-481c-9a6d-d0310520c2af.internal.kr4.postgres.rds.ngovc.com] 응답시간 통계 - 최소: 9ms, 평균: 10ms, 최대: 14ms, P95: 13ms, P99: 14ms
[2026-02-24 01:59:34] [INFO] [rancher-gov.goe.go.kr] 응답시간 통계 - 최소: 9ms, 평균: 10ms, 최대: 15ms, P95: 12ms, P99: 13ms
[2026-02-24 02:00:34] [INFO] [38841fbe-5985-481c-9a6d-d0310520c2af.internal.kr4.postgres.rds.ngovc.com] (268/0/268)
[2026-02-24 02:00:34] [INFO] [rancher-gov.goe.go.kr] (268/0/268)
[2026-02-24 02:00:34] [INFO] [38841fbe-5985-481c-9a6d-d0310520c2af.internal.kr4.postgres.rds.ngovc.com] 응답시간 통계 - 최소: 9ms, 평균: 10ms, 최대: 18ms, P95: 13ms, P99: 14ms
[2026-02-24 02:00:34] [INFO] [rancher-gov.goe.go.kr] 응답시간 통계 - 최소: 9ms, 평균: 10ms, 최대: 15ms, P95: 12ms, P99: 14ms
[2026-02-24 02:01:34] [INFO] [rancher-gov.goe.go.kr] (267/0/267)
[2026-02-24 02:01:34] [INFO] [38841fbe-5985-481c-9a6d-d0310520c2af.internal.kr4.postgres.rds.ngovc.com] (267/0/267)
[2026-02-24 02:01:34] [INFO] [rancher-gov.goe.go.kr] 응답시간 통계 - 최소: 9ms, 평균: 10ms, 최대: 14ms, P95: 12ms, P99: 13ms
[2026-02-24 02:01:34] [INFO] [38841fbe-5985-481c-9a6d-d0310520c2af.internal.kr4.postgres.rds.ngovc.com] 응답시간 통계 - 최소: 9ms, 평균: 10ms, 최대: 15ms, P95: 12ms, P99: 14ms
[2026-02-24 02:02:34] [INFO] [rancher-gov.goe.go.kr] (267/0/267)
[2026-02-24 02:02:34] [INFO] [38841fbe-5985-481c-9a6d-d0310520c2af.internal.kr4.postgres.rds.ngovc.com] (267/0/267)
[2026-02-24 02:02:34] [INFO] [rancher-gov.goe.go.kr] 응답시간 통계 - 최소: 9ms, 평균: 10ms, 최대: 15ms, P95: 12ms, P99: 13ms
[2026-02-24 02:02:34] [INFO] [38841fbe-5985-481c-9a6d-d0310520c2af.internal.kr4.postgres.rds.ngovc.com] 응답시간 통계 - 최소: 9ms, 평균: 10ms, 최대: 16ms, P95: 12ms, P99: 14ms
[2026-02-24 02:03:34] [INFO] [rancher-gov.goe.go.kr] (267/0/267)
[2026-02-24 02:03:34] [INFO] [38841fbe-5985-481c-9a6d-d0310520c2af.internal.kr4.postgres.rds.ngovc.com] (267/0/267)
[2026-02-24 02:03:34] [INFO] [rancher-gov.goe.go.kr] 응답시간 통계 - 최소: 9ms, 평균: 10ms, 최대: 17ms, P95: 12ms, P99: 14ms
[2026-02-24 02:03:34] [INFO] [38841fbe-5985-481c-9a6d-d0310520c2af.internal.kr4.postgres.rds.ngovc.com] 응답시간 통계 - 최소: 9ms, 평균: 10ms, 최대: 18ms, P95: 13ms, P99: 15ms
[2026-02-24 02:04:34] [INFO] [rancher-gov.goe.go.kr] (268/0/268)
[2026-02-24 02:04:34] [INFO] [rancher-gov.goe.go.kr] 응답시간 통계 - 최소: 9ms, 평균: 10ms, 최대: 15ms, P95: 12ms, P99: 13ms
[2026-02-24 02:04:34] [INFO] [38841fbe-5985-481c-9a6d-d0310520c2af.internal.kr4.postgres.rds.ngovc.com] (268/0/268)
[2026-02-24 02:04:34] [INFO] [38841fbe-5985-481c-9a6d-d0310520c2af.internal.kr4.postgres.rds.ngovc.com] 응답시간 통계 - 최소: 9ms, 평균: 10ms, 최대: 14ms, P95: 12ms, P99: 14ms
[2026-02-24 02:05:34] [INFO] [rancher-gov.goe.go.kr] (266/0/266)
[2026-02-24 02:05:34] [INFO] [rancher-gov.goe.go.kr] 응답시간 통계 - 최소: 9ms, 평균: 10ms, 최대: 14ms, P95: 12ms, P99: 13ms
[2026-02-24 02:05:34] [INFO] [38841fbe-5985-481c-9a6d-d0310520c2af.internal.kr4.postgres.rds.ngovc.com] (266/0/266)
[2026-02-24 02:05:34] [INFO] [38841fbe-5985-481c-9a6d-d0310520c2af.internal.kr4.postgres.rds.ngovc.com] 응답시간 통계 - 최소: 9ms, 평균: 10ms, 최대: 15ms, P95: 12ms, P99: 14ms
[2026-02-24 02:06:34] [INFO] [rancher-gov.goe.go.kr] (269/0/269)
[2026-02-24 02:06:34] [INFO] [rancher-gov.goe.go.kr] 응답시간 통계 - 최소: 9ms, 평균: 10ms, 최대: 18ms, P95: 12ms, P99: 14ms
[2026-02-24 02:06:34] [INFO] [38841fbe-5985-481c-9a6d-d0310520c2af.internal.kr4.postgres.rds.ngovc.com] (269/0/269)
[2026-02-24 02:06:34] [INFO] [38841fbe-5985-481c-9a6d-d0310520c2af.internal.kr4.postgres.rds.ngovc.com] 응답시간 통계 - 최소: 9ms, 평균: 10ms, 최대: 15ms, P95: 12ms, P99: 14ms
[2026-02-24 02:07:34] [INFO] [rancher-gov.goe.go.kr] (267/0/267)
[2026-02-24 02:07:34] [INFO] [rancher-gov.goe.go.kr] 응답시간 통계 - 최소: 9ms, 평균: 10ms, 최대: 14ms, P95: 12ms, P99: 13ms
[2026-02-24 02:07:34] [INFO] [38841fbe-5985-481c-9a6d-d0310520c2af.internal.kr4.postgres.rds.ngovc.com] (267/0/267)
[2026-02-24 02:07:34] [INFO] [38841fbe-5985-481c-9a6d-d0310520c2af.internal.kr4.postgres.rds.ngovc.com] 응답시간 통계 - 최소: 9ms, 평균: 10ms, 최대: 16ms, P95: 12ms, P99: 14ms
[2026-02-24 02:08:34] [INFO] [rancher-gov.goe.go.kr] (268/0/268)
[2026-02-24 02:08:34] [INFO] [rancher-gov.goe.go.kr] 응답시간 통계 - 최소: 9ms, 평균: 10ms, 최대: 22ms, P95: 12ms, P99: 15ms
[2026-02-24 02:08:34] [INFO] [38841fbe-5985-481c-9a6d-d0310520c2af.internal.kr4.postgres.rds.ngovc.com] (268/0/268)
[2026-02-24 02:08:34] [INFO] [38841fbe-5985-481c-9a6d-d0310520c2af.internal.kr4.postgres.rds.ngovc.com] 응답시간 통계 - 최소: 9ms, 평균: 10ms, 최대: 15ms, P95: 12ms, P99: 14ms
[2026-02-24 02:09:34] [INFO] [rancher-gov.goe.go.kr] (267/0/267)
[2026-02-24 02:09:34] [INFO] [rancher-gov.goe.go.kr] 응답시간 통계 - 최소: 10ms, 평균: 10ms, 최대: 20ms, P95: 12ms, P99: 12ms
[2026-02-24 02:09:34] [INFO] [38841fbe-5985-481c-9a6d-d0310520c2af.internal.kr4.postgres.rds.ngovc.com] (267/0/267)
[2026-02-24 02:09:34] [INFO] [38841fbe-5985-481c-9a6d-d0310520c2af.internal.kr4.postgres.rds.ngovc.com] 응답시간 통계 - 최소: 9ms, 평균: 10ms, 최대: 20ms, P95: 12ms, P99: 15ms
[2026-02-24 02:10:34] [INFO] [rancher-gov.goe.go.kr] (268/0/268)
[2026-02-24 02:10:34] [INFO] [rancher-gov.goe.go.kr] 응답시간 통계 - 최소: 9ms, 평균: 10ms, 최대: 17ms, P95: 12ms, P99: 13ms
[2026-02-24 02:10:34] [INFO] [38841fbe-5985-481c-9a6d-d0310520c2af.internal.kr4.postgres.rds.ngovc.com] (268/0/268)
[2026-02-24 02:10:34] [INFO] [38841fbe-5985-481c-9a6d-d0310520c2af.internal.kr4.postgres.rds.ngovc.com] 응답시간 통계 - 최소: 9ms, 평균: 10ms, 최대: 15ms, P95: 12ms, P99: 13ms
[2026-02-24 02:11:34] [INFO] [rancher-gov.goe.go.kr] (267/0/267)
[2026-02-24 02:11:34] [INFO] [rancher-gov.goe.go.kr] 응답시간 통계 - 최소: 9ms, 평균: 10ms, 최대: 15ms, P95: 12ms, P99: 14ms
[2026-02-24 02:11:34] [INFO] [38841fbe-5985-481c-9a6d-d0310520c2af.internal.kr4.postgres.rds.ngovc.com] (267/0/267)
[2026-02-24 02:11:34] [INFO] [38841fbe-5985-481c-9a6d-d0310520c2af.internal.kr4.postgres.rds.ngovc.com] 응답시간 통계 - 최소: 9ms, 평균: 10ms, 최대: 16ms, P95: 13ms, P99: 14ms
[2026-02-24 02:12:34] [INFO] [rancher-gov.goe.go.kr] (267/0/267)
[2026-02-24 02:12:34] [INFO] [38841fbe-5985-481c-9a6d-d0310520c2af.internal.kr4.postgres.rds.ngovc.com] (267/0/267)
[2026-02-24 02:12:34] [INFO] [rancher-gov.goe.go.kr] 응답시간 통계 - 최소: 9ms, 평균: 10ms, 최대: 14ms, P95: 12ms, P99: 14ms
[2026-02-24 02:12:34] [INFO] [38841fbe-5985-481c-9a6d-d0310520c2af.internal.kr4.postgres.rds.ngovc.com] 응답시간 통계 - 최소: 9ms, 평균: 10ms, 최대: 16ms, P95: 13ms, P99: 14ms
[2026-02-24 02:13:34] [INFO] [38841fbe-5985-481c-9a6d-d0310520c2af.internal.kr4.postgres.rds.ngovc.com] (268/0/268)
[2026-02-24 02:13:34] [INFO] [rancher-gov.goe.go.kr] (268/0/268)
[2026-02-24 02:13:34] [INFO] [38841fbe-5985-481c-9a6d-d0310520c2af.internal.kr4.postgres.rds.ngovc.com] 응답시간 통계 - 최소: 9ms, 평균: 10ms, 최대: 14ms, P95: 12ms, P99: 13ms
[2026-02-24 02:13:34] [INFO] [rancher-gov.goe.go.kr] 응답시간 통계 - 최소: 9ms, 평균: 10ms, 최대: 14ms, P95: 12ms, P99: 14ms
[2026-02-24 02:14:34] [INFO] [38841fbe-5985-481c-9a6d-d0310520c2af.internal.kr4.postgres.rds.ngovc.com] (267/0/267)
[2026-02-24 02:14:34] [INFO] [rancher-gov.goe.go.kr] (267/0/267)
[2026-02-24 02:14:34] [INFO] [38841fbe-5985-481c-9a6d-d0310520c2af.internal.kr4.postgres.rds.ngovc.com] 응답시간 통계 - 최소: 9ms, 평균: 10ms, 최대: 15ms, P95: 12ms, P99: 14ms
[2026-02-24 02:14:34] [INFO] [rancher-gov.goe.go.kr] 응답시간 통계 - 최소: 9ms, 평균: 10ms, 최대: 15ms, P95: 12ms, P99: 13ms
[2026-02-24 02:15:34] [INFO] [38841fbe-5985-481c-9a6d-d0310520c2af.internal.kr4.postgres.rds.ngovc.com] (267/0/267)
[2026-02-24 02:15:34] [INFO] [rancher-gov.goe.go.kr] (267/0/267)
[2026-02-24 02:15:34] [INFO] [38841fbe-5985-481c-9a6d-d0310520c2af.internal.kr4.postgres.rds.ngovc.com] 응답시간 통계 - 최소: 9ms, 평균: 10ms, 최대: 14ms, P95: 12ms, P99: 14ms
[2026-02-24 02:15:34] [INFO] [rancher-gov.goe.go.kr] 응답시간 통계 - 최소: 9ms, 평균: 10ms, 최대: 14ms, P95: 12ms, P99: 13ms
[2026-02-24 02:16:34] [INFO] [38841fbe-5985-481c-9a6d-d0310520c2af.internal.kr4.postgres.rds.ngovc.com] (267/0/267)
[2026-02-24 02:16:34] [INFO] [38841fbe-5985-481c-9a6d-d0310520c2af.internal.kr4.postgres.rds.ngovc.com] 응답시간 통계 - 최소: 9ms, 평균: 10ms, 최대: 15ms, P95: 12ms, P99: 14ms
[2026-02-24 02:16:34] [INFO] [rancher-gov.goe.go.kr] (267/0/267)
[2026-02-24 02:16:34] [INFO] [rancher-gov.goe.go.kr] 응답시간 통계 - 최소: 9ms, 평균: 10ms, 최대: 14ms, P95: 12ms, P99: 13ms
[2026-02-24 02:17:34] [INFO] [rancher-gov.goe.go.kr] (268/0/268)
[2026-02-24 02:17:34] [INFO] [38841fbe-5985-481c-9a6d-d0310520c2af.internal.kr4.postgres.rds.ngovc.com] (268/0/268)
[2026-02-24 02:17:34] [INFO] [rancher-gov.goe.go.kr] 응답시간 통계 - 최소: 9ms, 평균: 10ms, 최대: 14ms, P95: 12ms, P99: 13ms
[2026-02-24 02:17:34] [INFO] [38841fbe-5985-481c-9a6d-d0310520c2af.internal.kr4.postgres.rds.ngovc.com] 응답시간 통계 - 최소: 9ms, 평균: 10ms, 최대: 16ms, P95: 12ms, P99: 13ms
[2026-02-24 02:18:34] [INFO] [rancher-gov.goe.go.kr] (268/0/268)
[2026-02-24 02:18:34] [INFO] [38841fbe-5985-481c-9a6d-d0310520c2af.internal.kr4.postgres.rds.ngovc.com] (268/0/268)
[2026-02-24 02:18:34] [INFO] [rancher-gov.goe.go.kr] 응답시간 통계 - 최소: 9ms, 평균: 10ms, 최대: 20ms, P95: 12ms, P99: 14ms
[2026-02-24 02:18:34] [INFO] [38841fbe-5985-481c-9a6d-d0310520c2af.internal.kr4.postgres.rds.ngovc.com] 응답시간 통계 - 최소: 9ms, 평균: 10ms, 최대: 21ms, P95: 12ms, P99: 15ms
[2026-02-24 02:19:34] [INFO] [38841fbe-5985-481c-9a6d-d0310520c2af.internal.kr4.postgres.rds.ngovc.com] (268/0/268)
[2026-02-24 02:19:34] [INFO] [38841fbe-5985-481c-9a6d-d0310520c2af.internal.kr4.postgres.rds.ngovc.com] 응답시간 통계 - 최소: 9ms, 평균: 10ms, 최대: 15ms, P95: 12ms, P99: 13ms
[2026-02-24 02:19:34] [INFO] [rancher-gov.goe.go.kr] (268/0/268)
[2026-02-24 02:19:34] [INFO] [rancher-gov.goe.go.kr] 응답시간 통계 - 최소: 9ms, 평균: 10ms, 최대: 14ms, P95: 11ms, P99: 12ms
[2026-02-24 02:20:34] [INFO] [rancher-gov.goe.go.kr] (267/0/267)
[2026-02-24 02:20:34] [INFO] [38841fbe-5985-481c-9a6d-d0310520c2af.internal.kr4.postgres.rds.ngovc.com] (267/0/267)
[2026-02-24 02:20:34] [INFO] [rancher-gov.goe.go.kr] 응답시간 통계 - 최소: 9ms, 평균: 10ms, 최대: 38ms, P95: 12ms, P99: 13ms
[2026-02-24 02:20:34] [INFO] [38841fbe-5985-481c-9a6d-d0310520c2af.internal.kr4.postgres.rds.ngovc.com] 응답시간 통계 - 최소: 9ms, 평균: 10ms, 최대: 18ms, P95: 12ms, P99: 14ms
[2026-02-24 02:21:34] [INFO] [rancher-gov.goe.go.kr] (267/0/267)
[2026-02-24 02:21:34] [INFO] [38841fbe-5985-481c-9a6d-d0310520c2af.internal.kr4.postgres.rds.ngovc.com] (267/0/267)
[2026-02-24 02:21:34] [INFO] [rancher-gov.goe.go.kr] 응답시간 통계 - 최소: 9ms, 평균: 10ms, 최대: 14ms, P95: 12ms, P99: 13ms
[2026-02-24 02:21:34] [INFO] [38841fbe-5985-481c-9a6d-d0310520c2af.internal.kr4.postgres.rds.ngovc.com] 응답시간 통계 - 최소: 9ms, 평균: 10ms, 최대: 15ms, P95: 12ms, P99: 13ms
[2026-02-24 02:22:34] [INFO] [38841fbe-5985-481c-9a6d-d0310520c2af.internal.kr4.postgres.rds.ngovc.com] (268/0/268)
[2026-02-24 02:22:34] [INFO] [rancher-gov.goe.go.kr] (268/0/268)
[2026-02-24 02:22:34] [INFO] [38841fbe-5985-481c-9a6d-d0310520c2af.internal.kr4.postgres.rds.ngovc.com] 응답시간 통계 - 최소: 9ms, 평균: 10ms, 최대: 14ms, P95: 12ms, P99: 14ms
[2026-02-24 02:22:34] [INFO] [rancher-gov.goe.go.kr] 응답시간 통계 - 최소: 9ms, 평균: 10ms, 최대: 14ms, P95: 12ms, P99: 13ms
[2026-02-24 02:23:34] [INFO] [rancher-gov.goe.go.kr] (267/0/267)
[2026-02-24 02:23:34] [INFO] [38841fbe-5985-481c-9a6d-d0310520c2af.internal.kr4.postgres.rds.ngovc.com] (267/0/267)
[2026-02-24 02:23:34] [INFO] [rancher-gov.goe.go.kr] 응답시간 통계 - 최소: 9ms, 평균: 10ms, 최대: 14ms, P95: 12ms, P99: 12ms
[2026-02-24 02:23:34] [INFO] [38841fbe-5985-481c-9a6d-d0310520c2af.internal.kr4.postgres.rds.ngovc.com] 응답시간 통계 - 최소: 9ms, 평균: 10ms, 최대: 15ms, P95: 12ms, P99: 14ms
[2026-02-24 02:24:34] [INFO] [rancher-gov.goe.go.kr] (267/0/267)
[2026-02-24 02:24:34] [INFO] [38841fbe-5985-481c-9a6d-d0310520c2af.internal.kr4.postgres.rds.ngovc.com] (267/0/267)
[2026-02-24 02:24:34] [INFO] [rancher-gov.goe.go.kr] 응답시간 통계 - 최소: 9ms, 평균: 10ms, 최대: 14ms, P95: 12ms, P99: 13ms
[2026-02-24 02:24:34] [INFO] [38841fbe-5985-481c-9a6d-d0310520c2af.internal.kr4.postgres.rds.ngovc.com] 응답시간 통계 - 최소: 9ms, 평균: 10ms, 최대: 18ms, P95: 13ms, P99: 14ms
[2026-02-24 02:25:34] [INFO] [rancher-gov.goe.go.kr] (267/0/267)
[2026-02-24 02:25:34] [INFO] [rancher-gov.goe.go.kr] 응답시간 통계 - 최소: 9ms, 평균: 10ms, 최대: 16ms, P95: 12ms, P99: 12ms
[2026-02-24 02:25:34] [INFO] [38841fbe-5985-481c-9a6d-d0310520c2af.internal.kr4.postgres.rds.ngovc.com] (267/0/267)
[2026-02-24 02:25:34] [INFO] [38841fbe-5985-481c-9a6d-d0310520c2af.internal.kr4.postgres.rds.ngovc.com] 응답시간 통계 - 최소: 9ms, 평균: 10ms, 최대: 16ms, P95: 12ms, P99: 14ms
[2026-02-24 02:26:34] [INFO] [rancher-gov.goe.go.kr] (268/0/268)
[2026-02-24 02:26:34] [INFO] [38841fbe-5985-481c-9a6d-d0310520c2af.internal.kr4.postgres.rds.ngovc.com] (268/0/268)
[2026-02-24 02:26:34] [INFO] [rancher-gov.goe.go.kr] 응답시간 통계 - 최소: 9ms, 평균: 10ms, 최대: 15ms, P95: 12ms, P99: 12ms
[2026-02-24 02:26:34] [INFO] [38841fbe-5985-481c-9a6d-d0310520c2af.internal.kr4.postgres.rds.ngovc.com] 응답시간 통계 - 최소: 9ms, 평균: 10ms, 최대: 14ms, P95: 12ms, P99: 13ms
[2026-02-24 02:27:34] [INFO] [38841fbe-5985-481c-9a6d-d0310520c2af.internal.kr4.postgres.rds.ngovc.com] (267/0/267)
[2026-02-24 02:27:34] [INFO] [rancher-gov.goe.go.kr] (267/0/267)
[2026-02-24 02:27:34] [INFO] [38841fbe-5985-481c-9a6d-d0310520c2af.internal.kr4.postgres.rds.ngovc.com] 응답시간 통계 - 최소: 9ms, 평균: 10ms, 최대: 18ms, P95: 13ms, P99: 15ms
[2026-02-24 02:27:34] [INFO] [rancher-gov.goe.go.kr] 응답시간 통계 - 최소: 9ms, 평균: 10ms, 최대: 17ms, P95: 12ms, P99: 14ms
[2026-02-24 02:28:34] [INFO] [38841fbe-5985-481c-9a6d-d0310520c2af.internal.kr4.postgres.rds.ngovc.com] (268/0/268)
[2026-02-24 02:28:34] [INFO] [rancher-gov.goe.go.kr] (268/0/268)
[2026-02-24 02:28:34] [INFO] [38841fbe-5985-481c-9a6d-d0310520c2af.internal.kr4.postgres.rds.ngovc.com] 응답시간 통계 - 최소: 9ms, 평균: 10ms, 최대: 15ms, P95: 12ms, P99: 14ms
[2026-02-24 02:28:34] [INFO] [rancher-gov.goe.go.kr] 응답시간 통계 - 최소: 9ms, 평균: 10ms, 최대: 14ms, P95: 12ms, P99: 13ms
[2026-02-24 02:29:34] [INFO] [rancher-gov.goe.go.kr] (267/0/267)
[2026-02-24 02:29:34] [INFO] [38841fbe-5985-481c-9a6d-d0310520c2af.internal.kr4.postgres.rds.ngovc.com] (267/0/267)
[2026-02-24 02:29:34] [INFO] [rancher-gov.goe.go.kr] 응답시간 통계 - 최소: 9ms, 평균: 10ms, 최대: 15ms, P95: 12ms, P99: 13ms
[2026-02-24 02:29:34] [INFO] [38841fbe-5985-481c-9a6d-d0310520c2af.internal.kr4.postgres.rds.ngovc.com] 응답시간 통계 - 최소: 9ms, 평균: 10ms, 최대: 15ms, P95: 12ms, P99: 14ms
[2026-02-24 02:30:34] [INFO] [rancher-gov.goe.go.kr] (268/0/268)
[2026-02-24 02:30:34] [INFO] [38841fbe-5985-481c-9a6d-d0310520c2af.internal.kr4.postgres.rds.ngovc.com] (268/0/268)
[2026-02-24 02:30:34] [INFO] [rancher-gov.goe.go.kr] 응답시간 통계 - 최소: 9ms, 평균: 10ms, 최대: 20ms, P95: 12ms, P99: 13ms
[2026-02-24 02:30:34] [INFO] [38841fbe-5985-481c-9a6d-d0310520c2af.internal.kr4.postgres.rds.ngovc.com] 응답시간 통계 - 최소: 9ms, 평균: 10ms, 최대: 15ms, P95: 12ms, P99: 14ms
[2026-02-24 02:31:34] [INFO] [rancher-gov.goe.go.kr] (267/0/267)
[2026-02-24 02:31:34] [INFO] [38841fbe-5985-481c-9a6d-d0310520c2af.internal.kr4.postgres.rds.ngovc.com] (267/0/267)
[2026-02-24 02:31:34] [INFO] [rancher-gov.goe.go.kr] 응답시간 통계 - 최소: 9ms, 평균: 10ms, 최대: 15ms, P95: 12ms, P99: 13ms
[2026-02-24 02:31:34] [INFO] [38841fbe-5985-481c-9a6d-d0310520c2af.internal.kr4.postgres.rds.ngovc.com] 응답시간 통계 - 최소: 9ms, 평균: 10ms, 최대: 15ms, P95: 12ms, P99: 14ms
[2026-02-24 02:32:34] [INFO] [38841fbe-5985-481c-9a6d-d0310520c2af.internal.kr4.postgres.rds.ngovc.com] (268/0/268)
[2026-02-24 02:32:34] [INFO] [rancher-gov.goe.go.kr] (268/0/268)
[2026-02-24 02:32:34] [INFO] [38841fbe-5985-481c-9a6d-d0310520c2af.internal.kr4.postgres.rds.ngovc.com] 응답시간 통계 - 최소: 9ms, 평균: 10ms, 최대: 15ms, P95: 13ms, P99: 14ms
[2026-02-24 02:32:34] [INFO] [rancher-gov.goe.go.kr] 응답시간 통계 - 최소: 9ms, 평균: 10ms, 최대: 14ms, P95: 12ms, P99: 13ms
[2026-02-24 02:33:34] [INFO] [rancher-gov.goe.go.kr] (267/0/267)
[2026-02-24 02:33:34] [INFO] [38841fbe-5985-481c-9a6d-d0310520c2af.internal.kr4.postgres.rds.ngovc.com] (267/0/267)
[2026-02-24 02:33:34] [INFO] [rancher-gov.goe.go.kr] 응답시간 통계 - 최소: 9ms, 평균: 10ms, 최대: 16ms, P95: 12ms, P99: 14ms
[2026-02-24 02:33:34] [INFO] [38841fbe-5985-481c-9a6d-d0310520c2af.internal.kr4.postgres.rds.ngovc.com] 응답시간 통계 - 최소: 9ms, 평균: 10ms, 최대: 16ms, P95: 13ms, P99: 15ms
[2026-02-24 02:34:34] [INFO] [rancher-gov.goe.go.kr] (267/0/267)
[2026-02-24 02:34:34] [INFO] [38841fbe-5985-481c-9a6d-d0310520c2af.internal.kr4.postgres.rds.ngovc.com] (267/0/267)
[2026-02-24 02:34:34] [INFO] [rancher-gov.goe.go.kr] 응답시간 통계 - 최소: 9ms, 평균: 10ms, 최대: 14ms, P95: 11ms, P99: 12ms
[2026-02-24 02:34:34] [INFO] [38841fbe-5985-481c-9a6d-d0310520c2af.internal.kr4.postgres.rds.ngovc.com] 응답시간 통계 - 최소: 9ms, 평균: 10ms, 최대: 15ms, P95: 12ms, P99: 14ms
[2026-02-24 02:35:34] [INFO] [rancher-gov.goe.go.kr] (267/0/267)
[2026-02-24 02:35:34] [INFO] [38841fbe-5985-481c-9a6d-d0310520c2af.internal.kr4.postgres.rds.ngovc.com] (267/0/267)
[2026-02-24 02:35:34] [INFO] [rancher-gov.goe.go.kr] 응답시간 통계 - 최소: 9ms, 평균: 10ms, 최대: 14ms, P95: 12ms, P99: 13ms
[2026-02-24 02:35:34] [INFO] [38841fbe-5985-481c-9a6d-d0310520c2af.internal.kr4.postgres.rds.ngovc.com] 응답시간 통계 - 최소: 9ms, 평균: 10ms, 최대: 15ms, P95: 12ms, P99: 14ms
[2026-02-24 02:36:34] [INFO] [38841fbe-5985-481c-9a6d-d0310520c2af.internal.kr4.postgres.rds.ngovc.com] (267/0/267)
[2026-02-24 02:36:34] [INFO] [rancher-gov.goe.go.kr] (267/0/267)
[2026-02-24 02:36:34] [INFO] [38841fbe-5985-481c-9a6d-d0310520c2af.internal.kr4.postgres.rds.ngovc.com] 응답시간 통계 - 최소: 9ms, 평균: 10ms, 최대: 16ms, P95: 12ms, P99: 13ms
[2026-02-24 02:36:34] [INFO] [rancher-gov.goe.go.kr] 응답시간 통계 - 최소: 9ms, 평균: 10ms, 최대: 16ms, P95: 12ms, P99: 13ms
[2026-02-24 02:37:34] [INFO] [rancher-gov.goe.go.kr] (269/0/269)
[2026-02-24 02:37:34] [INFO] [38841fbe-5985-481c-9a6d-d0310520c2af.internal.kr4.postgres.rds.ngovc.com] (269/0/269)
[2026-02-24 02:37:34] [INFO] [rancher-gov.goe.go.kr] 응답시간 통계 - 최소: 9ms, 평균: 10ms, 최대: 15ms, P95: 12ms, P99: 14ms
[2026-02-24 02:37:34] [INFO] [38841fbe-5985-481c-9a6d-d0310520c2af.internal.kr4.postgres.rds.ngovc.com] 응답시간 통계 - 최소: 8ms, 평균: 10ms, 최대: 19ms, P95: 12ms, P99: 14ms
[2026-02-24 02:38:34] [INFO] [rancher-gov.goe.go.kr] (267/0/267)
[2026-02-24 02:38:34] [INFO] [38841fbe-5985-481c-9a6d-d0310520c2af.internal.kr4.postgres.rds.ngovc.com] (267/0/267)
[2026-02-24 02:38:34] [INFO] [38841fbe-5985-481c-9a6d-d0310520c2af.internal.kr4.postgres.rds.ngovc.com] 응답시간 통계 - 최소: 9ms, 평균: 10ms, 최대: 15ms, P95: 12ms, P99: 14ms
[2026-02-24 02:38:34] [INFO] [rancher-gov.goe.go.kr] 응답시간 통계 - 최소: 9ms, 평균: 10ms, 최대: 14ms, P95: 12ms, P99: 13ms
[2026-02-24 02:39:34] [INFO] [38841fbe-5985-481c-9a6d-d0310520c2af.internal.kr4.postgres.rds.ngovc.com] (268/0/268)
[2026-02-24 02:39:34] [INFO] [rancher-gov.goe.go.kr] (268/0/268)
[2026-02-24 02:39:34] [INFO] [38841fbe-5985-481c-9a6d-d0310520c2af.internal.kr4.postgres.rds.ngovc.com] 응답시간 통계 - 최소: 9ms, 평균: 10ms, 최대: 15ms, P95: 13ms, P99: 14ms
[2026-02-24 02:39:34] [INFO] [rancher-gov.goe.go.kr] 응답시간 통계 - 최소: 9ms, 평균: 10ms, 최대: 14ms, P95: 12ms, P99: 13ms
[2026-02-24 02:40:34] [INFO] [rancher-gov.goe.go.kr] (268/0/268)
[2026-02-24 02:40:34] [INFO] [38841fbe-5985-481c-9a6d-d0310520c2af.internal.kr4.postgres.rds.ngovc.com] (268/0/268)
[2026-02-24 02:40:34] [INFO] [rancher-gov.goe.go.kr] 응답시간 통계 - 최소: 9ms, 평균: 10ms, 최대: 14ms, P95: 12ms, P99: 13ms
[2026-02-24 02:40:34] [INFO] [38841fbe-5985-481c-9a6d-d0310520c2af.internal.kr4.postgres.rds.ngovc.com] 응답시간 통계 - 최소: 9ms, 평균: 10ms, 최대: 14ms, P95: 12ms, P99: 14ms
[2026-02-24 02:41:34] [INFO] [rancher-gov.goe.go.kr] (266/0/266)
[2026-02-24 02:41:34] [INFO] [rancher-gov.goe.go.kr] 응답시간 통계 - 최소: 9ms, 평균: 11ms, 최대: 18ms, P95: 13ms, P99: 16ms
[2026-02-24 02:41:34] [INFO] [38841fbe-5985-481c-9a6d-d0310520c2af.internal.kr4.postgres.rds.ngovc.com] (266/0/266)
[2026-02-24 02:41:34] [INFO] [38841fbe-5985-481c-9a6d-d0310520c2af.internal.kr4.postgres.rds.ngovc.com] 응답시간 통계 - 최소: 9ms, 평균: 10ms, 최대: 17ms, P95: 13ms, P99: 15ms
[2026-02-24 02:42:34] [INFO] [rancher-gov.goe.go.kr] (267/0/267)
[2026-02-24 02:42:34] [INFO] [38841fbe-5985-481c-9a6d-d0310520c2af.internal.kr4.postgres.rds.ngovc.com] (267/0/267)
[2026-02-24 02:42:34] [INFO] [rancher-gov.goe.go.kr] 응답시간 통계 - 최소: 10ms, 평균: 10ms, 최대: 14ms, P95: 12ms, P99: 13ms
[2026-02-24 02:42:34] [INFO] [38841fbe-5985-481c-9a6d-d0310520c2af.internal.kr4.postgres.rds.ngovc.com] 응답시간 통계 - 최소: 9ms, 평균: 10ms, 최대: 18ms, P95: 12ms, P99: 14ms
[2026-02-24 02:43:34] [INFO] [38841fbe-5985-481c-9a6d-d0310520c2af.internal.kr4.postgres.rds.ngovc.com] (267/0/267)
[2026-02-24 02:43:34] [INFO] [rancher-gov.goe.go.kr] (267/0/267)
[2026-02-24 02:43:34] [INFO] [38841fbe-5985-481c-9a6d-d0310520c2af.internal.kr4.postgres.rds.ngovc.com] 응답시간 통계 - 최소: 9ms, 평균: 10ms, 최대: 21ms, P95: 12ms, P99: 14ms
[2026-02-24 02:43:34] [INFO] [rancher-gov.goe.go.kr] 응답시간 통계 - 최소: 9ms, 평균: 10ms, 최대: 21ms, P95: 12ms, P99: 13ms
[2026-02-24 02:44:34] [INFO] [rancher-gov.goe.go.kr] (267/0/267)
[2026-02-24 02:44:34] [INFO] [38841fbe-5985-481c-9a6d-d0310520c2af.internal.kr4.postgres.rds.ngovc.com] (267/0/267)
[2026-02-24 02:44:34] [INFO] [rancher-gov.goe.go.kr] 응답시간 통계 - 최소: 9ms, 평균: 10ms, 최대: 14ms, P95: 12ms, P99: 14ms
[2026-02-24 02:44:34] [INFO] [38841fbe-5985-481c-9a6d-d0310520c2af.internal.kr4.postgres.rds.ngovc.com] 응답시간 통계 - 최소: 9ms, 평균: 10ms, 최대: 14ms, P95: 13ms, P99: 14ms
[2026-02-24 02:45:34] [INFO] [rancher-gov.goe.go.kr] (267/0/267)
[2026-02-24 02:45:34] [INFO] [38841fbe-5985-481c-9a6d-d0310520c2af.internal.kr4.postgres.rds.ngovc.com] (267/0/267)
[2026-02-24 02:45:34] [INFO] [rancher-gov.goe.go.kr] 응답시간 통계 - 최소: 9ms, 평균: 10ms, 최대: 15ms, P95: 12ms, P99: 13ms
[2026-02-24 02:45:34] [INFO] [38841fbe-5985-481c-9a6d-d0310520c2af.internal.kr4.postgres.rds.ngovc.com] 응답시간 통계 - 최소: 9ms, 평균: 11ms, 최대: 16ms, P95: 13ms, P99: 15ms
[2026-02-24 02:46:34] [INFO] [rancher-gov.goe.go.kr] (267/0/267)
[2026-02-24 02:46:34] [INFO] [rancher-gov.goe.go.kr] 응답시간 통계 - 최소: 9ms, 평균: 10ms, 최대: 13ms, P95: 12ms, P99: 12ms
[2026-02-24 02:46:34] [INFO] [38841fbe-5985-481c-9a6d-d0310520c2af.internal.kr4.postgres.rds.ngovc.com] (267/0/267)
[2026-02-24 02:46:34] [INFO] [38841fbe-5985-481c-9a6d-d0310520c2af.internal.kr4.postgres.rds.ngovc.com] 응답시간 통계 - 최소: 9ms, 평균: 10ms, 최대: 15ms, P95: 12ms, P99: 13ms
[2026-02-24 02:47:34] [INFO] [38841fbe-5985-481c-9a6d-d0310520c2af.internal.kr4.postgres.rds.ngovc.com] (267/0/267)
[2026-02-24 02:47:34] [INFO] [rancher-gov.goe.go.kr] (267/0/267)
[2026-02-24 02:47:34] [INFO] [38841fbe-5985-481c-9a6d-d0310520c2af.internal.kr4.postgres.rds.ngovc.com] 응답시간 통계 - 최소: 9ms, 평균: 10ms, 최대: 14ms, P95: 12ms, P99: 14ms
[2026-02-24 02:47:34] [INFO] [rancher-gov.goe.go.kr] 응답시간 통계 - 최소: 9ms, 평균: 10ms, 최대: 15ms, P95: 12ms, P99: 13ms
[2026-02-24 02:48:34] [INFO] [rancher-gov.goe.go.kr] (267/0/267)
[2026-02-24 02:48:34] [INFO] [38841fbe-5985-481c-9a6d-d0310520c2af.internal.kr4.postgres.rds.ngovc.com] (267/0/267)
[2026-02-24 02:48:34] [INFO] [38841fbe-5985-481c-9a6d-d0310520c2af.internal.kr4.postgres.rds.ngovc.com] 응답시간 통계 - 최소: 9ms, 평균: 10ms, 최대: 20ms, P95: 13ms, P99: 14ms
[2026-02-24 02:48:34] [INFO] [rancher-gov.goe.go.kr] 응답시간 통계 - 최소: 9ms, 평균: 10ms, 최대: 16ms, P95: 12ms, P99: 14ms
[2026-02-24 02:49:34] [INFO] [rancher-gov.goe.go.kr] (267/0/267)
[2026-02-24 02:49:34] [INFO] [rancher-gov.goe.go.kr] 응답시간 통계 - 최소: 9ms, 평균: 10ms, 최대: 14ms, P95: 12ms, P99: 13ms
[2026-02-24 02:49:34] [INFO] [38841fbe-5985-481c-9a6d-d0310520c2af.internal.kr4.postgres.rds.ngovc.com] (267/0/267)
[2026-02-24 02:49:34] [INFO] [38841fbe-5985-481c-9a6d-d0310520c2af.internal.kr4.postgres.rds.ngovc.com] 응답시간 통계 - 최소: 9ms, 평균: 10ms, 최대: 21ms, P95: 12ms, P99: 14ms
[2026-02-24 02:50:34] [INFO] [38841fbe-5985-481c-9a6d-d0310520c2af.internal.kr4.postgres.rds.ngovc.com] (269/0/269)
[2026-02-24 02:50:34] [INFO] [38841fbe-5985-481c-9a6d-d0310520c2af.internal.kr4.postgres.rds.ngovc.com] 응답시간 통계 - 최소: 9ms, 평균: 10ms, 최대: 14ms, P95: 12ms, P99: 13ms
[2026-02-24 02:50:34] [INFO] [rancher-gov.goe.go.kr] (269/0/269)
[2026-02-24 02:50:34] [INFO] [rancher-gov.goe.go.kr] 응답시간 통계 - 최소: 9ms, 평균: 10ms, 최대: 14ms, P95: 12ms, P99: 12ms
[2026-02-24 02:51:34] [INFO] [38841fbe-5985-481c-9a6d-d0310520c2af.internal.kr4.postgres.rds.ngovc.com] (268/0/268)
[2026-02-24 02:51:34] [INFO] [rancher-gov.goe.go.kr] (268/0/268)
[2026-02-24 02:51:34] [INFO] [38841fbe-5985-481c-9a6d-d0310520c2af.internal.kr4.postgres.rds.ngovc.com] 응답시간 통계 - 최소: 9ms, 평균: 10ms, 최대: 14ms, P95: 12ms, P99: 13ms
[2026-02-24 02:51:34] [INFO] [rancher-gov.goe.go.kr] 응답시간 통계 - 최소: 9ms, 평균: 10ms, 최대: 14ms, P95: 12ms, P99: 13ms
[2026-02-24 02:52:34] [INFO] [rancher-gov.goe.go.kr] (268/0/268)
[2026-02-24 02:52:34] [INFO] [38841fbe-5985-481c-9a6d-d0310520c2af.internal.kr4.postgres.rds.ngovc.com] (268/0/268)
[2026-02-24 02:52:34] [INFO] [38841fbe-5985-481c-9a6d-d0310520c2af.internal.kr4.postgres.rds.ngovc.com] 응답시간 통계 - 최소: 9ms, 평균: 10ms, 최대: 16ms, P95: 13ms, P99: 13ms
[2026-02-24 02:52:34] [INFO] [rancher-gov.goe.go.kr] 응답시간 통계 - 최소: 9ms, 평균: 10ms, 최대: 14ms, P95: 12ms, P99: 13ms
[2026-02-24 02:53:34] [INFO] [38841fbe-5985-481c-9a6d-d0310520c2af.internal.kr4.postgres.rds.ngovc.com] (267/0/267)
[2026-02-24 02:53:34] [INFO] [rancher-gov.goe.go.kr] (267/0/267)
[2026-02-24 02:53:34] [INFO] [38841fbe-5985-481c-9a6d-d0310520c2af.internal.kr4.postgres.rds.ngovc.com] 응답시간 통계 - 최소: 9ms, 평균: 10ms, 최대: 16ms, P95: 12ms, P99: 14ms
[2026-02-24 02:53:34] [INFO] [rancher-gov.goe.go.kr] 응답시간 통계 - 최소: 9ms, 평균: 10ms, 최대: 14ms, P95: 12ms, P99: 14ms
[2026-02-24 02:54:34] [INFO] [38841fbe-5985-481c-9a6d-d0310520c2af.internal.kr4.postgres.rds.ngovc.com] (267/0/267)
[2026-02-24 02:54:34] [INFO] [rancher-gov.goe.go.kr] (267/0/267)
[2026-02-24 02:54:34] [INFO] [38841fbe-5985-481c-9a6d-d0310520c2af.internal.kr4.postgres.rds.ngovc.com] 응답시간 통계 - 최소: 9ms, 평균: 10ms, 최대: 16ms, P95: 12ms, P99: 14ms
[2026-02-24 02:54:34] [INFO] [rancher-gov.goe.go.kr] 응답시간 통계 - 최소: 9ms, 평균: 10ms, 최대: 14ms, P95: 12ms, P99: 14ms
[2026-02-24 02:55:34] [INFO] [rancher-gov.goe.go.kr] (268/0/268)
[2026-02-24 02:55:34] [INFO] [38841fbe-5985-481c-9a6d-d0310520c2af.internal.kr4.postgres.rds.ngovc.com] (268/0/268)
[2026-02-24 02:55:34] [INFO] [rancher-gov.goe.go.kr] 응답시간 통계 - 최소: 9ms, 평균: 10ms, 최대: 17ms, P95: 12ms, P99: 13ms
[2026-02-24 02:55:34] [INFO] [38841fbe-5985-481c-9a6d-d0310520c2af.internal.kr4.postgres.rds.ngovc.com] 응답시간 통계 - 최소: 9ms, 평균: 10ms, 최대: 17ms, P95: 12ms, P99: 14ms
[2026-02-24 02:56:34] [INFO] [38841fbe-5985-481c-9a6d-d0310520c2af.internal.kr4.postgres.rds.ngovc.com] (267/0/267)
[2026-02-24 02:56:34] [INFO] [rancher-gov.goe.go.kr] (267/0/267)
[2026-02-24 02:56:34] [INFO] [38841fbe-5985-481c-9a6d-d0310520c2af.internal.kr4.postgres.rds.ngovc.com] 응답시간 통계 - 최소: 9ms, 평균: 10ms, 최대: 15ms, P95: 12ms, P99: 14ms
[2026-02-24 02:56:34] [INFO] [rancher-gov.goe.go.kr] 응답시간 통계 - 최소: 9ms, 평균: 10ms, 최대: 15ms, P95: 12ms, P99: 14ms
[2026-02-24 02:57:34] [INFO] [38841fbe-5985-481c-9a6d-d0310520c2af.internal.kr4.postgres.rds.ngovc.com] (267/0/267)
[2026-02-24 02:57:34] [INFO] [rancher-gov.goe.go.kr] (267/0/267)
[2026-02-24 02:57:34] [INFO] [38841fbe-5985-481c-9a6d-d0310520c2af.internal.kr4.postgres.rds.ngovc.com] 응답시간 통계 - 최소: 9ms, 평균: 10ms, 최대: 17ms, P95: 12ms, P99: 14ms
[2026-02-24 02:57:34] [INFO] [rancher-gov.goe.go.kr] 응답시간 통계 - 최소: 9ms, 평균: 10ms, 최대: 15ms, P95: 12ms, P99: 14ms
[2026-02-24 02:58:34] [INFO] [rancher-gov.goe.go.kr] (268/0/268)
[2026-02-24 02:58:34] [INFO] [38841fbe-5985-481c-9a6d-d0310520c2af.internal.kr4.postgres.rds.ngovc.com] (268/0/268)
[2026-02-24 02:58:34] [INFO] [rancher-gov.goe.go.kr] 응답시간 통계 - 최소: 9ms, 평균: 10ms, 최대: 15ms, P95: 12ms, P99: 14ms
[2026-02-24 02:58:34] [INFO] [38841fbe-5985-481c-9a6d-d0310520c2af.internal.kr4.postgres.rds.ngovc.com] 응답시간 통계 - 최소: 9ms, 평균: 10ms, 최대: 17ms, P95: 12ms, P99: 15ms
[2026-02-24 02:59:34] [INFO] [38841fbe-5985-481c-9a6d-d0310520c2af.internal.kr4.postgres.rds.ngovc.com] (267/0/267)
[2026-02-24 02:59:34] [INFO] [rancher-gov.goe.go.kr] (267/0/267)
[2026-02-24 02:59:34] [INFO] [38841fbe-5985-481c-9a6d-d0310520c2af.internal.kr4.postgres.rds.ngovc.com] 응답시간 통계 - 최소: 9ms, 평균: 10ms, 최대: 14ms, P95: 12ms, P99: 14ms
[2026-02-24 02:59:34] [INFO] [rancher-gov.goe.go.kr] 응답시간 통계 - 최소: 9ms, 평균: 10ms, 최대: 19ms, P95: 12ms, P99: 13ms
[2026-02-24 03:00:34] [INFO] [rancher-gov.goe.go.kr] (267/0/267)
[2026-02-24 03:00:34] [INFO] [38841fbe-5985-481c-9a6d-d0310520c2af.internal.kr4.postgres.rds.ngovc.com] (267/0/267)
[2026-02-24 03:00:34] [INFO] [rancher-gov.goe.go.kr] 응답시간 통계 - 최소: 9ms, 평균: 10ms, 최대: 14ms, P95: 12ms, P99: 13ms
[2026-02-24 03:00:34] [INFO] [38841fbe-5985-481c-9a6d-d0310520c2af.internal.kr4.postgres.rds.ngovc.com] 응답시간 통계 - 최소: 9ms, 평균: 10ms, 최대: 18ms, P95: 13ms, P99: 14ms
[2026-02-24 03:01:34] [INFO] [rancher-gov.goe.go.kr] (267/0/267)
[2026-02-24 03:01:34] [INFO] [38841fbe-5985-481c-9a6d-d0310520c2af.internal.kr4.postgres.rds.ngovc.com] (267/0/267)
[2026-02-24 03:01:34] [INFO] [rancher-gov.goe.go.kr] 응답시간 통계 - 최소: 9ms, 평균: 10ms, 최대: 14ms, P95: 12ms, P99: 13ms
[2026-02-24 03:01:34] [INFO] [38841fbe-5985-481c-9a6d-d0310520c2af.internal.kr4.postgres.rds.ngovc.com] 응답시간 통계 - 최소: 9ms, 평균: 10ms, 최대: 14ms, P95: 12ms, P99: 13ms
[2026-02-24 03:02:34] [INFO] [38841fbe-5985-481c-9a6d-d0310520c2af.internal.kr4.postgres.rds.ngovc.com] (267/0/267)
[2026-02-24 03:02:34] [INFO] [rancher-gov.goe.go.kr] (267/0/267)
[2026-02-24 03:02:34] [INFO] [38841fbe-5985-481c-9a6d-d0310520c2af.internal.kr4.postgres.rds.ngovc.com] 응답시간 통계 - 최소: 9ms, 평균: 10ms, 최대: 16ms, P95: 12ms, P99: 13ms
[2026-02-24 03:02:34] [INFO] [rancher-gov.goe.go.kr] 응답시간 통계 - 최소: 9ms, 평균: 10ms, 최대: 25ms, P95: 12ms, P99: 14ms
[2026-02-24 03:03:34] [INFO] [38841fbe-5985-481c-9a6d-d0310520c2af.internal.kr4.postgres.rds.ngovc.com] (268/0/268)
[2026-02-24 03:03:34] [INFO] [rancher-gov.goe.go.kr] (268/0/268)
[2026-02-24 03:03:34] [INFO] [38841fbe-5985-481c-9a6d-d0310520c2af.internal.kr4.postgres.rds.ngovc.com] 응답시간 통계 - 최소: 9ms, 평균: 10ms, 최대: 17ms, P95: 12ms, P99: 13ms
[2026-02-24 03:03:34] [INFO] [rancher-gov.goe.go.kr] 응답시간 통계 - 최소: 9ms, 평균: 10ms, 최대: 14ms, P95: 12ms, P99: 13ms
[2026-02-24 03:04:34] [INFO] [rancher-gov.goe.go.kr] (268/0/268)
[2026-02-24 03:04:34] [INFO] [38841fbe-5985-481c-9a6d-d0310520c2af.internal.kr4.postgres.rds.ngovc.com] (268/0/268)
[2026-02-24 03:04:34] [INFO] [rancher-gov.goe.go.kr] 응답시간 통계 - 최소: 9ms, 평균: 10ms, 최대: 14ms, P95: 12ms, P99: 13ms
[2026-02-24 03:04:34] [INFO] [38841fbe-5985-481c-9a6d-d0310520c2af.internal.kr4.postgres.rds.ngovc.com] 응답시간 통계 - 최소: 9ms, 평균: 10ms, 최대: 14ms, P95: 12ms, P99: 14ms
[2026-02-24 03:05:34] [INFO] [38841fbe-5985-481c-9a6d-d0310520c2af.internal.kr4.postgres.rds.ngovc.com] (267/0/267)
[2026-02-24 03:05:34] [INFO] [rancher-gov.goe.go.kr] (267/0/267)
[2026-02-24 03:05:34] [INFO] [38841fbe-5985-481c-9a6d-d0310520c2af.internal.kr4.postgres.rds.ngovc.com] 응답시간 통계 - 최소: 9ms, 평균: 10ms, 최대: 15ms, P95: 12ms, P99: 14ms
[2026-02-24 03:05:34] [INFO] [rancher-gov.goe.go.kr] 응답시간 통계 - 최소: 9ms, 평균: 10ms, 최대: 17ms, P95: 12ms, P99: 13ms
[2026-02-24 03:06:34] [INFO] [rancher-gov.goe.go.kr] (268/0/268)
[2026-02-24 03:06:34] [INFO] [38841fbe-5985-481c-9a6d-d0310520c2af.internal.kr4.postgres.rds.ngovc.com] (268/0/268)
[2026-02-24 03:06:34] [INFO] [rancher-gov.goe.go.kr] 응답시간 통계 - 최소: 9ms, 평균: 10ms, 최대: 13ms, P95: 12ms, P99: 13ms
[2026-02-24 03:06:34] [INFO] [38841fbe-5985-481c-9a6d-d0310520c2af.internal.kr4.postgres.rds.ngovc.com] 응답시간 통계 - 최소: 9ms, 평균: 10ms, 최대: 14ms, P95: 12ms, P99: 14ms
[2026-02-24 03:07:34] [INFO] [38841fbe-5985-481c-9a6d-d0310520c2af.internal.kr4.postgres.rds.ngovc.com] (267/0/267)
[2026-02-24 03:07:34] [INFO] [rancher-gov.goe.go.kr] (267/0/267)
[2026-02-24 03:07:34] [INFO] [38841fbe-5985-481c-9a6d-d0310520c2af.internal.kr4.postgres.rds.ngovc.com] 응답시간 통계 - 최소: 9ms, 평균: 10ms, 최대: 14ms, P95: 12ms, P99: 13ms
[2026-02-24 03:07:34] [INFO] [rancher-gov.goe.go.kr] 응답시간 통계 - 최소: 9ms, 평균: 10ms, 최대: 14ms, P95: 12ms, P99: 13ms
[2026-02-24 03:08:34] [INFO] [rancher-gov.goe.go.kr] (268/0/268)
[2026-02-24 03:08:34] [INFO] [38841fbe-5985-481c-9a6d-d0310520c2af.internal.kr4.postgres.rds.ngovc.com] (268/0/268)
[2026-02-24 03:08:34] [INFO] [rancher-gov.goe.go.kr] 응답시간 통계 - 최소: 9ms, 평균: 10ms, 최대: 16ms, P95: 12ms, P99: 13ms
[2026-02-24 03:08:34] [INFO] [38841fbe-5985-481c-9a6d-d0310520c2af.internal.kr4.postgres.rds.ngovc.com] 응답시간 통계 - 최소: 9ms, 평균: 10ms, 최대: 16ms, P95: 13ms, P99: 14ms
[2026-02-24 03:09:34] [INFO] [38841fbe-5985-481c-9a6d-d0310520c2af.internal.kr4.postgres.rds.ngovc.com] (268/0/268)
[2026-02-24 03:09:34] [INFO] [rancher-gov.goe.go.kr] (268/0/268)
[2026-02-24 03:09:34] [INFO] [38841fbe-5985-481c-9a6d-d0310520c2af.internal.kr4.postgres.rds.ngovc.com] 응답시간 통계 - 최소: 9ms, 평균: 10ms, 최대: 14ms, P95: 12ms, P99: 13ms
[2026-02-24 03:09:34] [INFO] [rancher-gov.goe.go.kr] 응답시간 통계 - 최소: 9ms, 평균: 10ms, 최대: 14ms, P95: 12ms, P99: 13ms
[2026-02-24 03:10:34] [INFO] [rancher-gov.goe.go.kr] (267/0/267)
[2026-02-24 03:10:34] [INFO] [38841fbe-5985-481c-9a6d-d0310520c2af.internal.kr4.postgres.rds.ngovc.com] (267/0/267)
[2026-02-24 03:10:34] [INFO] [rancher-gov.goe.go.kr] 응답시간 통계 - 최소: 9ms, 평균: 10ms, 최대: 18ms, P95: 12ms, P99: 13ms
[2026-02-24 03:10:34] [INFO] [38841fbe-5985-481c-9a6d-d0310520c2af.internal.kr4.postgres.rds.ngovc.com] 응답시간 통계 - 최소: 9ms, 평균: 10ms, 최대: 19ms, P95: 12ms, P99: 13ms
[2026-02-24 03:11:34] [INFO] [rancher-gov.goe.go.kr] (268/0/268)
[2026-02-24 03:11:34] [INFO] [38841fbe-5985-481c-9a6d-d0310520c2af.internal.kr4.postgres.rds.ngovc.com] (268/0/268)
[2026-02-24 03:11:34] [INFO] [rancher-gov.goe.go.kr] 응답시간 통계 - 최소: 9ms, 평균: 10ms, 최대: 14ms, P95: 12ms, P99: 13ms
[2026-02-24 03:11:34] [INFO] [38841fbe-5985-481c-9a6d-d0310520c2af.internal.kr4.postgres.rds.ngovc.com] 응답시간 통계 - 최소: 9ms, 평균: 10ms, 최대: 15ms, P95: 12ms, P99: 14ms
[2026-02-24 03:12:34] [INFO] [rancher-gov.goe.go.kr] (267/0/267)
[2026-02-24 03:12:34] [INFO] [38841fbe-5985-481c-9a6d-d0310520c2af.internal.kr4.postgres.rds.ngovc.com] (267/0/267)
[2026-02-24 03:12:34] [INFO] [rancher-gov.goe.go.kr] 응답시간 통계 - 최소: 10ms, 평균: 10ms, 최대: 15ms, P95: 12ms, P99: 13ms
[2026-02-24 03:12:34] [INFO] [38841fbe-5985-481c-9a6d-d0310520c2af.internal.kr4.postgres.rds.ngovc.com] 응답시간 통계 - 최소: 9ms, 평균: 10ms, 최대: 16ms, P95: 13ms, P99: 14ms
[2026-02-24 03:13:34] [INFO] [38841fbe-5985-481c-9a6d-d0310520c2af.internal.kr4.postgres.rds.ngovc.com] (266/0/266)
[2026-02-24 03:13:34] [INFO] [rancher-gov.goe.go.kr] (266/0/266)
[2026-02-24 03:13:34] [INFO] [38841fbe-5985-481c-9a6d-d0310520c2af.internal.kr4.postgres.rds.ngovc.com] 응답시간 통계 - 최소: 9ms, 평균: 10ms, 최대: 16ms, P95: 12ms, P99: 14ms
[2026-02-24 03:13:34] [INFO] [rancher-gov.goe.go.kr] 응답시간 통계 - 최소: 9ms, 평균: 10ms, 최대: 15ms, P95: 12ms, P99: 12ms
[2026-02-24 03:14:34] [INFO] [38841fbe-5985-481c-9a6d-d0310520c2af.internal.kr4.postgres.rds.ngovc.com] (268/0/268)
[2026-02-24 03:14:34] [INFO] [38841fbe-5985-481c-9a6d-d0310520c2af.internal.kr4.postgres.rds.ngovc.com] 응답시간 통계 - 최소: 9ms, 평균: 10ms, 최대: 15ms, P95: 12ms, P99: 14ms
[2026-02-24 03:14:34] [INFO] [rancher-gov.goe.go.kr] (268/0/268)
[2026-02-24 03:14:34] [INFO] [rancher-gov.goe.go.kr] 응답시간 통계 - 최소: 9ms, 평균: 10ms, 최대: 15ms, P95: 12ms, P99: 13ms
[2026-02-24 03:15:34] [INFO] [rancher-gov.goe.go.kr] (268/0/268)
[2026-02-24 03:15:34] [INFO] [38841fbe-5985-481c-9a6d-d0310520c2af.internal.kr4.postgres.rds.ngovc.com] (268/0/268)
[2026-02-24 03:15:34] [INFO] [rancher-gov.goe.go.kr] 응답시간 통계 - 최소: 9ms, 평균: 10ms, 최대: 14ms, P95: 12ms, P99: 13ms
[2026-02-24 03:15:34] [INFO] [38841fbe-5985-481c-9a6d-d0310520c2af.internal.kr4.postgres.rds.ngovc.com] 응답시간 통계 - 최소: 9ms, 평균: 10ms, 최대: 14ms, P95: 12ms, P99: 14ms
[2026-02-24 03:16:34] [INFO] [38841fbe-5985-481c-9a6d-d0310520c2af.internal.kr4.postgres.rds.ngovc.com] (267/0/267)
[2026-02-24 03:16:34] [INFO] [rancher-gov.goe.go.kr] (267/0/267)
[2026-02-24 03:16:34] [INFO] [38841fbe-5985-481c-9a6d-d0310520c2af.internal.kr4.postgres.rds.ngovc.com] 응답시간 통계 - 최소: 9ms, 평균: 10ms, 최대: 15ms, P95: 12ms, P99: 14ms
[2026-02-24 03:16:34] [INFO] [rancher-gov.goe.go.kr] 응답시간 통계 - 최소: 9ms, 평균: 10ms, 최대: 14ms, P95: 11ms, P99: 12ms
[2026-02-24 03:17:34] [INFO] [38841fbe-5985-481c-9a6d-d0310520c2af.internal.kr4.postgres.rds.ngovc.com] (267/0/267)
[2026-02-24 03:17:34] [INFO] [38841fbe-5985-481c-9a6d-d0310520c2af.internal.kr4.postgres.rds.ngovc.com] 응답시간 통계 - 최소: 9ms, 평균: 10ms, 최대: 15ms, P95: 13ms, P99: 14ms
[2026-02-24 03:17:34] [INFO] [rancher-gov.goe.go.kr] (267/0/267)
[2026-02-24 03:17:34] [INFO] [rancher-gov.goe.go.kr] 응답시간 통계 - 최소: 9ms, 평균: 10ms, 최대: 13ms, P95: 12ms, P99: 12ms
[2026-02-24 03:18:34] [INFO] [rancher-gov.goe.go.kr] (267/0/267)
[2026-02-24 03:18:34] [INFO] [38841fbe-5985-481c-9a6d-d0310520c2af.internal.kr4.postgres.rds.ngovc.com] (267/0/267)
[2026-02-24 03:18:34] [INFO] [rancher-gov.goe.go.kr] 응답시간 통계 - 최소: 9ms, 평균: 10ms, 최대: 22ms, P95: 12ms, P99: 14ms
[2026-02-24 03:18:34] [INFO] [38841fbe-5985-481c-9a6d-d0310520c2af.internal.kr4.postgres.rds.ngovc.com] 응답시간 통계 - 최소: 9ms, 평균: 10ms, 최대: 15ms, P95: 13ms, P99: 13ms
[2026-02-24 03:19:34] [INFO] [38841fbe-5985-481c-9a6d-d0310520c2af.internal.kr4.postgres.rds.ngovc.com] (267/0/267)
[2026-02-24 03:19:34] [INFO] [rancher-gov.goe.go.kr] (267/0/267)
[2026-02-24 03:19:34] [INFO] [38841fbe-5985-481c-9a6d-d0310520c2af.internal.kr4.postgres.rds.ngovc.com] 응답시간 통계 - 최소: 9ms, 평균: 10ms, 최대: 14ms, P95: 12ms, P99: 13ms
[2026-02-24 03:19:34] [INFO] [rancher-gov.goe.go.kr] 응답시간 통계 - 최소: 9ms, 평균: 10ms, 최대: 19ms, P95: 12ms, P99: 13ms
[2026-02-24 03:20:34] [INFO] [38841fbe-5985-481c-9a6d-d0310520c2af.internal.kr4.postgres.rds.ngovc.com] (268/0/268)
[2026-02-24 03:20:34] [INFO] [rancher-gov.goe.go.kr] (268/0/268)
[2026-02-24 03:20:34] [INFO] [38841fbe-5985-481c-9a6d-d0310520c2af.internal.kr4.postgres.rds.ngovc.com] 응답시간 통계 - 최소: 9ms, 평균: 10ms, 최대: 17ms, P95: 12ms, P99: 14ms
[2026-02-24 03:20:34] [INFO] [rancher-gov.goe.go.kr] 응답시간 통계 - 최소: 9ms, 평균: 10ms, 최대: 15ms, P95: 12ms, P99: 14ms
